OrderID,OrderDate,ProductID,Quantity,UnitPrice,Discount,Region
80000,2023-09-09,1299,1,4899.52,0.05,South
80001,2023-09-24,1166,3,5384.51,0.15,North
80002,2023-06-22,1102,1,6996.15,0.1,East
80003,2023-03-05,1494,1,8668.14,0.2,South
80004,2023-11-26,1016,5,438.22,0.2,East
80005,2023-01-27,1167,4,2443.86,0.0,East
80006,2023-02-27,1448,2,5812.1,0.15,South
80007,2023-05-29,1073,4,8495.97,0.05,West
80008,2023-02-26,1326,1,6319.33,0.0,East
80009,2023-02-01,1095,2,9570.2,0.05,West
80010,2023-08-26,1476,5,6727.55,0.05,South
80011,2023-03-25,1405,2,3265.25,0.1,West
80012,2023-07-26,1017,3,2215.12,0.1,East
80013,2023-04-20,1460,1,4732.33,0.15,West
80014,2023-03-17,1312,1,5876.47,0.05,West
80015,2023-04-15,1268,2,4588.03,0.15,South
80016,2023-03-27,1425,1,1742.63,0.1,North
80017,2023-07-28,1055,1,3690.03,0.15,West
80018,2023-05-04,1319,5,3546.91,0.2,West
80019,2023-04-14,1435,4,4191.55,0.05,South
80020,2023-09-22,1239,1,325.24,0.05,East
80021,2023-08-03,1383,2,6291.62,0.05,North
80022,2023-08-15,1272,2,10090.84,0.15,South
80023,2023-10-13,1272,1,9465.03,0.1,North
80024,2023-05-22,1006,5,1156.65,0.1,West
80025,2023-09-06,1410,4,9249.84,0.05,East
80026,2023-10-07,1370,1,2910.29,0.2,West
80027,2023-07-18,1393,2,5016.33,0.0,South
80028,2023-10-14,1121,3,4818.02,0.05,South
80029,2023-04-11,1011,2,6756.21,0.2,West
80030,2023-01-28,1151,1,1316.32,0.05,West
80031,2023-01-22,1025,3,3321.86,0.05,South
80032,2023-01-24,1386,2,2073.82,0.0,West
80033,2023-05-27,1483,1,4979.92,0.1,South
80034,2023-06-05,1459,5,10318.25,0.15,North
80035,2023-05-16,1483,2,5466.09,0.15,South
80036,2023-01-18,1162,2,4015.82,0.15,East
80037,2023-06-07,1283,1,4733.8,0.1,North
80038,2023-08-03,1358,2,4406.08,0.1,North
80039,2023-12-09,1388,1,4920.48,0.05,North
80040,2023-08-26,1278,4,3804.82,0.05,East
80041,2023-05-06,1077,1,7411.0,0.2,South
80042,2023-10-08,1243,3,7904.36,0.05,North
80043,2023-07-11,1364,4,1936.06,0.0,North
80044,2023-09-19,1135,2,2088.09,0.05,East
80045,2023-01-23,1033,5,12422.47,0.0,West
80046,2023-08-12,1330,1,8512.66,0.1,South
80047,2023-06-10,1116,1,4071.27,0.05,West
80048,2023-12-11,1176,1,9403.13,0.1,South
80049,2023-08-10,1026,4,1260.12,0.1,North
80050,2023-07-12,1284,2,8410.06,0.0,South
80051,2023-10-16,1495,1,6576.2,0.2,West
80052,2023-12-13,1029,4,5948.97,0.05,East
80053,2023-07-10,1353,1,4092.08,0.2,North
80054,2023-07-11,1235,1,7199.65,0.1,North
80055,2023-06-15,1022,5,4786.54,0.05,North
80056,2023-03-13,1340,1,5858.59,0.05,East
80057,2023-03-05,1442,3,886.73,0.05,South
80058,2023-10-01,1418,4,1536.49,0.05,North
80059,2023-08-23,1054,2,893.73,0.05,East
80060,2023-07-31,1449,1,891.11,0.05,West
80061,2023-02-02,1189,3,2619.63,0.0,North
80062,2023-06-19,1311,1,5556.81,0.2,West
80063,2023-07-06,1305,3,6172.56,0.1,West
80064,2023-10-28,1164,3,2179.42,0.0,South
80065,2023-09-09,1391,2,5374.83,0.1,West
80066,2023-08-23,1291,1,6990.33,0.2,North
80067,2023-11-19,1335,3,918.83,0.2,South
80068,2023-05-18,1275,1,6380.44,0.05,North
80069,2023-11-03,1445,5,8195.68,0.2,East
80070,2023-03-22,1235,1,10013.33,0.1,East
80071,2023-03-07,1097,5,6763.21,0.05,North
80072,2023-08-01,1338,1,6686.08,0.2,North
80073,2023-03-05,1150,2,1122.8,0.0,South
80074,2023-07-26,1285,2,7970.07,0.1,West
80075,2023-05-31,1089,2,3766.41,0.1,South
80076,2023-08-08,1104,1,2562.18,0.1,South
80077,2023-05-14,1237,1,1861.43,0.2,East
80078,2023-04-28,1043,4,5340.95,0.05,South
80079,2023-08-16,1109,2,1230.61,0.05,East
80080,2023-10-10,1128,1,1741.89,0.2,South
80081,2023-01-28,1358,4,3806.74,0.1,West
80082,2023-11-23,1130,4,5820.46,0.05,West
80083,2023-06-13,1464,5,1966.21,0.2,West
80084,2023-02-06,1178,2,4239.26,0.1,South
80085,2023-04-17,1060,1,7062.44,0.05,South
80086,2023-08-08,1185,3,2818.52,0.1,North
80087,2023-07-19,1162,3,7742.34,0.15,South
80088,2023-07-25,1171,3,1210.18,0.2,West
80089,2023-12-21,1177,1,2581.56,0.2,East
80090,2023-08-04,1461,1,3052.31,0.15,East
80091,2023-12-26,1135,5,1107.95,0.0,South
80092,2023-03-19,1006,5,1923.98,0.05,West
80093,2023-04-05,1254,1,359.94,0.0,West
80094,2023-06-19,1296,4,1145.67,0.0,South
80095,2023-05-16,1197,1,2033.6,0.1,West
80096,2023-03-16,1157,3,6806.93,0.05,East
80097,2023-08-31,1338,1,7204.22,0.05,South
80098,2023-03-28,1231,2,2380.79,0.05,South
80099,2023-02-14,1395,4,7434.66,0.1,South
80100,2023-06-05,1384,5,6219.83,0.0,South
80101,2023-05-28,1368,2,7536.6,0.1,East
80102,2023-02-08,1498,1,3953.07,0.05,West
80103,2023-08-22,1212,3,6010.6,0.1,North
80104,2023-09-28,1430,2,3666.03,0.2,West
80105,2023-11-05,1163,1,960.3,0.1,South
80106,2023-09-30,1078,1,5987.3,0.15,East
80107,2023-11-10,1323,1,1772.61,0.2,South
80108,2023-12-03,1164,2,2835.78,0.1,East
80109,2023-12-11,1477,1,3166.62,0.2,West
80110,2023-03-24,1030,4,8579.33,0.2,North
80111,2023-11-11,1308,4,1298.32,0.1,North
80112,2023-01-24,1475,2,3186.06,0.0,West
80113,2023-02-06,1435,4,7214.89,0.15,West
80114,2023-09-26,1259,2,3905.77,0.15,West
80115,2023-07-08,1024,1,4293.77,0.15,West
80116,2023-11-18,1206,3,2079.53,0.1,East
80117,2023-09-03,1421,1,3686.5,0.15,East
80118,2023-05-30,1027,5,924.29,0.15,North
80119,2023-05-06,1040,1,4056.25,0.0,East
80120,2023-08-09,1446,4,9781.87,0.0,South
80121,2023-12-03,1486,4,7889.74,0.2,South
80122,2023-04-30,1018,5,1305.87,0.15,North
80123,2023-06-16,1350,5,4140.95,0.15,South
80124,2023-06-15,1439,1,7694.95,0.2,South
80125,2023-03-21,1073,1,4949.43,0.15,East
80126,2023-11-13,1187,2,9739.69,0.05,South
80127,2023-03-12,1361,2,4419.28,0.15,West
80128,2023-09-19,1449,1,699.33,0.2,West
80129,2023-09-27,1199,5,1777.28,0.1,West
80130,2023-06-22,1383,1,6523.23,0.15,West
80131,2023-06-04,1255,2,5596.89,0.0,South
80132,2023-08-03,1115,4,3793.39,0.05,South
80133,2023-11-20,1026,5,2298.5,0.1,North
80134,2023-05-13,1008,2,4978.57,0.1,South
80135,2023-01-03,1446,2,7426.27,0.15,West
80136,2023-12-05,1226,2,2153.11,0.15,East
80137,2023-01-17,1434,4,361.72,0.1,South
80138,2023-09-16,1351,1,6211.46,0.1,North
80139,2023-04-27,1470,1,2155.94,0.05,West
80140,2023-10-24,1014,2,1061.75,0.1,West
80141,2023-02-23,1113,1,3190.34,0.0,East
80142,2023-07-25,1028,5,7905.49,0.2,North
80143,2023-04-28,1209,3,7742.54,0.2,East
80144,2023-06-10,1378,5,1264.08,0.15,West
80145,2023-06-16,1283,3,3047.22,0.1,West
80146,2023-01-29,1258,2,325.81,0.0,East
80147,2023-10-09,1349,1,312.92,0.2,West
80148,2023-07-05,1301,3,1048.02,0.2,South
80149,2023-08-24,1317,1,2935.44,0.2,West
80150,2023-11-04,1176,2,8083.67,0.05,West
80151,2023-03-05,1170,2,774.55,0.05,East
80152,2023-10-16,1342,1,4625.28,0.0,East
80153,2023-03-07,1216,1,7370.17,0.0,West
80154,2023-08-28,1155,5,2130.49,0.2,West
80155,2023-02-15,1029,5,6940.86,0.1,West
80156,2023-10-24,1450,1,2099.35,0.15,South
80157,2023-10-20,1454,1,3669.45,0.15,West
80158,2023-04-21,1265,2,1920.41,0.0,South
80159,2023-01-09,1227,4,1073.99,0.05,East
80160,2023-09-01,1287,1,3127.88,0.15,West
80161,2023-07-19,1329,1,443.03,0.2,North
80162,2023-05-13,1326,3,11047.55,0.2,South
80163,2023-01-21,1168,1,1058.4,0.05,South
80164,2023-11-08,1037,1,3444.22,0.0,North
80165,2023-04-22,1496,3,7967.35,0.15,South
80166,2023-10-25,1408,2,5211.64,0.15,South
80167,2023-02-22,1393,5,7043.59,0.05,East
80168,2023-12-19,1426,2,7952.08,0.15,North
80169,2023-09-29,1485,4,1249.75,0.1,South
80170,2023-06-25,1181,4,2676.62,0.1,West
80171,2023-06-24,1316,2,1293.18,0.2,East
80172,2023-04-06,1400,4,6368.02,0.05,East
80173,2023-05-08,1430,1,2990.71,0.1,North
80174,2023-07-02,1498,5,5409.61,0.05,North
80175,2023-12-11,1050,2,4868.13,0.1,East
80176,2023-12-20,1310,5,570.16,0.0,West
80177,2023-12-31,1154,1,1778.47,0.0,West
80178,2023-04-20,1105,1,9415.7,0.2,North
80179,2023-01-22,1496,1,11487.61,0.15,East
80180,2023-09-15,1483,4,3929.28,0.05,North
80181,2023-01-22,1218,2,9046.5,0.15,South
80182,2023-02-17,1404,1,4160.13,0.0,West
80183,2023-04-16,1488,1,4955.33,0.2,East
80184,2023-04-12,1107,5,6310.69,0.2,South
80185,2023-06-17,1226,1,1978.88,0.1,East
80186,2023-03-27,1208,1,6712.7,0.1,West
80187,2023-06-22,1474,2,7073.87,0.0,East
80188,2023-01-27,1446,1,5172.09,0.05,East
80189,2023-04-13,1360,2,3094.97,0.15,North
80190,2023-01-31,1413,2,853.64,0.15,North
80191,2023-09-24,1460,1,5683.72,0.2,East
80192,2023-01-23,1498,5,5839.71,0.15,West
80193,2023-12-20,1384,1,3873.72,0.2,West
80194,2023-12-08,1048,1,3306.71,0.2,South
80195,2023-10-08,1031,2,8088.16,0.0,South
80196,2023-07-21,1347,2,7010.62,0.15,North
80197,2023-02-06,1119,1,3058.78,0.2,South
80198,2023-12-20,1365,1,5979.03,0.05,South
80199,2023-10-23,1457,4,5961.42,0.2,South
80200,2023-01-17,1133,2,2066.92,0.05,North
80201,2023-06-17,1127,2,8316.35,0.05,West
80202,2023-05-15,1242,1,8811.68,0.05,West
80203,2023-08-03,1254,1,288.43,0.2,West
80204,2023-01-20,1130,1,5540.74,0.2,West
80205,2023-12-23,1236,1,1077.48,0.15,East
80206,2023-09-26,1252,4,264.79,0.0,West
80207,2023-11-17,1324,4,2336.59,0.15,West
80208,2023-04-20,1326,2,4975.24,0.2,West
80209,2023-11-06,1098,2,4105.79,0.05,North
80210,2023-06-23,1485,3,584.03,0.15,East
80211,2023-01-17,1294,1,2619.79,0.2,West
80212,2023-01-12,1483,1,5422.57,0.05,East
80213,2023-08-03,1485,5,1239.76,0.1,South
80214,2023-12-09,1131,5,9050.72,0.15,East
80215,2023-02-28,1480,1,7205.14,0.05,North
80216,2023-06-16,1202,1,2499.61,0.0,East
80217,2023-02-03,1413,1,772.79,0.2,West
80218,2023-04-25,1278,2,3341.52,0.05,West
80219,2023-03-16,1290,1,8041.08,0.1,East
80220,2023-08-19,1229,1,651.09,0.1,South
80221,2023-07-12,1447,3,2574.43,0.1,East
80222,2023-09-17,1376,1,4544.25,0.0,West
80223,2023-06-10,1201,2,2488.11,0.05,East
80224,2023-01-28,1105,3,7872.63,0.15,North
80225,2023-10-25,1433,3,4975.01,0.2,East
80226,2023-03-20,1407,2,1209.34,0.05,South
80227,2023-02-04,1126,3,2272.58,0.0,South
80228,2023-10-31,1018,1,1165.39,0.15,North
80229,2023-02-13,1464,5,2962.23,0.2,East
80230,2023-07-05,1272,1,8266.44,0.2,West
80231,2023-08-26,1215,1,3764.41,0.05,West
80232,2023-07-04,1185,1,1939.75,0.1,North
80233,2023-12-03,1491,1,12322.64,0.05,North
80234,2023-02-08,1339,2,1789.64,0.05,South
80235,2023-11-26,1122,4,6850.12,0.1,South
80236,2023-03-04,1103,2,231.66,0.05,South
80237,2023-11-19,1340,3,5312.26,0.1,West
80238,2023-07-15,1370,1,3192.51,0.05,North
80239,2023-10-12,1262,2,361.02,0.0,North
80240,2023-08-18,1240,1,8667.05,0.15,East
80241,2023-01-22,1340,4,4281.67,0.1,East
80242,2023-05-12,1069,5,831.71,0.1,West
80243,2023-01-23,1445,4,6975.01,0.2,East
80244,2023-07-10,1137,1,1071.14,0.05,South
80245,2023-12-18,1231,5,1774.68,0.15,North
80246,2023-05-12,1302,2,630.14,0.05,North
80247,2023-04-30,1278,1,3674.17,0.2,South
80248,2023-01-18,1383,1,10578.56,0.2,West
80249,2023-09-01,1475,1,7772.27,0.0,West
80250,2023-11-07,1259,2,3484.81,0.0,East
80251,2023-03-10,1251,1,1501.89,0.15,East
80252,2023-01-23,1373,1,6286.41,0.2,East
80253,2023-11-10,1316,1,1739.97,0.15,East
80254,2023-08-07,1220,1,4261.74,0.2,South
80255,2023-02-06,1162,2,4296.96,0.15,North
80256,2023-03-26,1460,1,6729.75,0.15,South
80257,2023-08-16,1069,1,881.81,0.2,East
80258,2023-09-27,1010,2,10963.62,0.2,East
80259,2023-05-06,1381,1,823.09,0.05,East
80260,2023-10-30,1405,2,6092.29,0.2,North
80261,2023-09-14,1030,2,9743.63,0.0,West
80262,2023-08-14,1085,2,1347.04,0.2,North
80263,2023-08-17,1458,1,2231.36,0.2,South
80264,2023-08-25,1120,1,10086.79,0.05,South
80265,2023-06-23,1450,2,2776.75,0.05,East
80266,2023-03-12,1051,1,6340.75,0.2,North
80267,2023-04-13,1095,2,10288.56,0.15,South
80268,2023-07-25,1394,1,1274.7,0.0,North
80269,2023-05-31,1392,1,564.23,0.1,North
80270,2023-07-07,1222,1,206.04,0.2,West
80271,2023-01-26,1319,1,6284.43,0.1,South
80272,2023-03-15,1223,5,1527.28,0.1,West
80273,2023-01-19,1172,1,936.48,0.15,North
80274,2023-08-03,1309,2,1992.54,0.05,West
80275,2023-09-25,1035,2,9830.9,0.0,South
80276,2023-05-17,1139,1,4714.92,0.1,East
80277,2023-05-20,1183,4,1363.06,0.15,West
80278,2023-06-09,1430,1,3773.44,0.05,East
80279,2023-10-29,1383,5,12773.63,0.1,East
80280,2023-07-31,1219,2,6320.89,0.0,South
80281,2023-06-29,1175,4,2664.51,0.15,North
80282,2023-03-11,1073,1,8888.73,0.0,South
80283,2023-09-25,1206,5,2498.41,0.15,South
80284,2023-09-14,1062,2,8056.73,0.1,East
80285,2023-06-12,1249,2,2051.36,0.15,South
80286,2023-10-30,1436,4,9953.31,0.15,North
80287,2023-05-29,1172,2,888.95,0.2,West
80288,2023-05-30,1407,4,916.4,0.1,West
80289,2023-07-09,1249,3,1148.78,0.1,South
80290,2023-04-08,1089,5,2124.09,0.0,South
80291,2023-11-29,1272,3,5908.62,0.2,East
80292,2023-01-17,1195,1,8872.81,0.0,South
80293,2023-10-27,1173,1,7832.06,0.2,East
80294,2023-12-16,1277,2,4649.24,0.2,West
80295,2023-11-29,1036,1,3134.96,0.0,West
80296,2023-10-11,1122,2,5580.79,0.2,North
80297,2023-01-31,1464,1,1708.66,0.05,West
80298,2023-04-09,1213,3,940.32,0.05,North
80299,2023-01-23,1195,4,6758.64,0.0,West
80300,2023-05-19,1391,2,5771.03,0.1,East
80301,2023-07-24,1135,1,976.17,0.05,South
80302,2023-04-12,1239,3,311.38,0.2,South
80303,2023-02-28,1276,3,5804.35,0.05,West
80304,2023-11-30,1206,4,1658.53,0.15,South
80305,2023-08-01,1264,5,4579.02,0.2,West
80306,2023-12-17,1060,2,7389.24,0.05,West
80307,2023-04-21,1030,3,6776.01,0.15,West
80308,2023-10-26,1085,2,1593.9,0.1,West
80309,2023-10-04,1491,3,12602.94,0.05,South
80310,2023-06-19,1176,1,9866.16,0.1,West
80311,2023-07-09,1176,2,7008.6,0.05,West
80312,2023-12-22,1084,1,705.05,0.2,West
80313,2023-01-09,1130,4,4155.39,0.05,South
80314,2023-05-19,1091,4,265.19,0.15,South
80315,2023-10-25,1464,1,1618.63,0.05,West
80316,2023-03-30,1242,1,6027.01,0.2,South
80317,2023-03-29,1213,1,2576.74,0.1,West
80318,2023-11-26,1377,5,9723.04,0.0,South
80319,2023-12-05,1163,5,1378.27,0.15,East
80320,2023-07-05,1292,3,5361.89,0.15,North
80321,2023-03-04,1488,1,4006.51,0.1,West
80322,2023-03-08,1338,2,5936.37,0.2,North
80323,2023-06-09,1370,4,2370.23,0.05,North
80324,2023-01-11,1433,3,3852.41,0.0,South
80325,2023-05-01,1285,5,8152.14,0.15,East
80326,2023-01-13,1288,4,1959.94,0.05,West
80327,2023-05-16,1440,5,2006.11,0.15,South
80328,2023-11-15,1213,2,1018.45,0.0,West
80329,2023-07-06,1329,2,367.46,0.1,North
80330,2023-08-29,1359,2,9002.98,0.1,West
80331,2023-09-14,1149,1,9715.41,0.05,East
80332,2023-01-29,1001,2,5734.75,0.0,East
80333,2023-07-22,1141,2,1192.62,0.0,East
80334,2023-07-30,1350,2,3590.83,0.15,West
80335,2023-07-24,1305,1,7429.32,0.2,East
80336,2023-12-14,1367,2,6442.53,0.15,South
80337,2023-03-13,1439,4,5028.0,0.0,North
80338,2023-03-27,1397,1,498.72,0.15,West
80339,2023-10-03,1387,1,906.29,0.15,South
80340,2023-07-30,1486,4,3966.37,0.05,West
80341,2023-07-27,1304,1,387.43,0.15,North
80342,2023-02-23,1446,2,4624.97,0.05,West
80343,2023-06-14,1483,2,4527.12,0.0,North
80344,2023-05-04,1047,2,1610.95,0.2,West
80345,2023-02-15,1264,2,3388.18,0.2,East
80346,2023-12-30,1456,5,7668.59,0.2,North
80347,2023-05-09,1049,4,4709.66,0.05,North
80348,2023-08-14,1165,1,5643.0,0.1,West
80349,2023-11-28,1186,1,283.07,0.2,North
80350,2023-08-01,1159,2,10061.4,0.15,West
80351,2023-06-13,1337,3,2614.35,0.0,West
80352,2023-08-09,1014,5,1442.57,0.15,East
80353,2023-10-05,1066,1,306.61,0.15,South
80354,2023-11-24,1277,1,6376.22,0.15,West
80355,2023-04-17,1307,3,4021.18,0.15,North
80356,2023-05-25,1229,1,799.71,0.1,South
80357,2023-02-20,1474,1,4858.01,0.05,South
80358,2023-09-03,1144,2,6189.6,0.05,West
80359,2023-06-23,1292,2,4241.35,0.15,South
80360,2023-09-26,1167,5,3255.81,0.05,East
80361,2023-08-01,1125,1,8775.21,0.1,South
80362,2023-05-26,1478,2,1947.36,0.2,East
80363,2023-02-08,1445,3,4757.17,0.2,South
80364,2023-12-25,1058,2,5049.35,0.15,West
80365,2023-06-26,1110,1,3821.32,0.05,North
80366,2023-12-22,1185,5,1677.16,0.1,West
80367,2023-05-15,1392,1,772.67,0.05,North
80368,2023-02-14,1411,1,1429.41,0.2,East
80369,2023-09-13,1347,1,4070.22,0.15,North
80370,2023-10-31,1121,3,7840.98,0.1,South
80371,2023-11-12,1050,4,7110.31,0.15,North
80372,2023-09-16,1392,5,717.46,0.15,East
80373,2023-01-18,1160,2,4526.4,0.15,West
80374,2023-08-26,1226,1,2362.71,0.05,North
80375,2023-06-29,1240,1,5490.71,0.0,North
80376,2023-10-18,1291,1,5644.4,0.15,South
80377,2023-03-13,1405,4,5422.48,0.1,West
80378,2023-12-23,1400,2,4487.35,0.1,East
80379,2023-03-14,1176,1,10555.48,0.0,North
80380,2023-05-10,1353,1,3900.34,0.0,North
80381,2023-08-08,1182,2,2203.4,0.0,North
80382,2023-02-12,1490,5,5997.6,0.0,South
80383,2023-11-27,1209,4,5647.44,0.1,North
80384,2023-10-25,1334,2,4696.95,0.0,North
80385,2023-03-06,1477,2,2034.08,0.15,West
80386,2023-07-02,1276,2,9964.78,0.15,West
80387,2023-03-31,1282,3,821.45,0.0,West
80388,2023-01-14,1455,4,3126.56,0.2,North
80389,2023-11-08,1363,5,345.14,0.1,East
80390,2023-12-29,1330,1,3434.52,0.2,South
80391,2023-08-01,1006,2,1352.41,0.1,South
80392,2023-03-21,1021,3,7138.64,0.0,East
80393,2023-08-04,1322,1,4092.57,0.05,West
80394,2023-10-25,1417,2,5577.41,0.0,West
80395,2023-02-04,1368,2,4845.29,0.2,West
80396,2023-03-27,1274,1,204.83,0.15,West
80397,2023-07-09,1416,2,7616.1,0.15,South
80398,2023-11-26,1148,2,2577.49,0.15,West
80399,2023-06-06,1072,1,2923.18,0.1,East
80400,2023-10-15,1167,1,1680.53,0.1,East
80401,2023-07-19,1497,1,2042.83,0.05,East
80402,2023-03-15,1204,4,4839.39,0.05,East
80403,2023-01-16,1109,4,1894.09,0.15,East
80404,2023-12-28,1477,1,3316.39,0.2,North
80405,2023-10-29,1337,3,2135.52,0.2,North
80406,2023-10-19,1156,4,598.35,0.2,North
80407,2023-03-16,1165,5,8950.34,0.2,East
80408,2023-07-02,1154,2,921.54,0.15,North
80409,2023-01-30,1113,1,2414.54,0.1,East
80410,2023-04-12,1172,1,832.5,0.0,North
80411,2023-12-05,1102,2,10253.48,0.15,West
80412,2023-10-09,1068,4,5159.97,0.15,West
80413,2023-04-05,1276,1,7732.32,0.15,North
80414,2023-04-07,1207,1,1489.36,0.1,West
80415,2023-03-03,1180,1,5982.1,0.0,West
80416,2023-04-08,1485,5,1243.75,0.1,West
80417,2023-08-17,1080,1,5676.42,0.0,South
80418,2023-03-19,1076,4,5803.94,0.0,East
80419,2023-04-05,1422,2,5421.29,0.05,North
80420,2023-03-04,1152,1,5711.29,0.15,East
80421,2023-11-01,1009,1,7748.92,0.1,West
80422,2023-10-18,1382,4,2291.47,0.15,North
80423,2023-10-01,1015,4,6690.13,0.15,West
80424,2023-04-17,1170,2,1224.31,0.05,West
80425,2023-11-09,1419,4,6116.58,0.2,West
80426,2023-05-01,1459,1,7995.97,0.15,West
80427,2023-07-12,1416,1,9483.06,0.0,North
80428,2023-07-24,1470,2,2308.41,0.15,West
80429,2023-09-29,1471,3,5571.49,0.05,South
80430,2023-06-07,1313,1,7527.76,0.15,West
80431,2023-08-14,1416,2,9531.02,0.1,South
80432,2023-07-03,1042,1,166.52,0.0,East
80433,2023-04-18,1190,1,2841.34,0.2,West
80434,2023-12-28,1063,3,8777.53,0.0,South
80435,2023-03-22,1259,1,3936.23,0.15,West
80436,2023-04-23,1283,2,3247.9,0.2,East
80437,2023-03-20,1359,2,9922.44,0.05,South
80438,2023-09-26,1016,5,1202.97,0.0,West
80439,2023-11-06,1176,2,7773.04,0.15,North
80440,2023-09-22,1092,1,8192.14,0.05,South
80441,2023-04-28,1091,2,432.69,0.1,North
80442,2023-02-11,1108,5,4614.77,0.05,West
80443,2023-05-13,1034,1,4042.65,0.1,North
80444,2023-04-11,1498,1,6762.44,0.1,East
80445,2023-09-11,1360,4,6209.69,0.15,East
80446,2023-02-21,1088,1,6473.78,0.1,East
80447,2023-01-10,1418,5,848.47,0.05,North
80448,2023-04-11,1375,5,5938.55,0.15,East
80449,2023-06-10,1385,2,1200.22,0.05,South
80450,2023-01-10,1290,1,6795.25,0.15,North
80451,2023-04-06,1372,1,1748.22,0.1,South
80452,2023-11-15,1045,2,5779.03,0.15,South
80453,2023-08-27,1076,4,6060.43,0.1,North
80454,2023-05-20,1402,2,3720.33,0.15,North
80455,2023-06-20,1166,1,7031.68,0.1,West
80456,2023-01-21,1485,1,1026.01,0.15,West
80457,2023-10-19,1133,1,1270.19,0.2,South
80458,2023-04-01,1332,1,3741.13,0.1,West
80459,2023-04-30,1229,1,1017.18,0.0,East
80460,2023-04-18,1236,3,1335.78,0.15,South
80461,2023-05-26,1289,1,5447.39,0.1,East
80462,2023-01-10,1025,5,3355.09,0.1,North
80463,2023-09-11,1173,4,4810.58,0.15,South
80464,2023-05-28,1150,5,1042.08,0.2,West
80465,2023-02-09,1171,4,1331.68,0.05,West
80466,2023-09-07,1106,5,9842.03,0.2,West
80467,2023-02-17,1279,2,7670.73,0.0,West
80468,2023-06-24,1003,2,11998.45,0.05,West
80469,2023-02-04,1465,2,5033.42,0.15,East
80470,2023-06-04,1271,1,8636.32,0.1,West
80471,2023-08-25,1457,2,7299.66,0.2,South
80472,2023-03-05,1151,2,1591.35,0.15,South
80473,2023-09-01,1091,2,426.5,0.1,North
80474,2023-11-14,1177,3,1478.27,0.1,East
80475,2023-03-25,1258,3,232.79,0.1,North
80476,2023-05-19,1444,1,7188.85,0.05,South
80477,2023-03-01,1248,1,5615.87,0.15,South
80478,2023-03-28,1122,1,4304.05,0.2,West
80479,2023-07-01,1363,1,655.69,0.1,East
80480,2023-05-04,1448,4,3871.44,0.15,West
80481,2023-02-19,1246,1,7073.7,0.1,West
80482,2023-11-01,1215,1,2887.5,0.1,North
80483,2023-04-16,1420,3,1524.78,0.2,West
80484,2023-01-15,1258,5,205.18,0.1,South
80485,2023-09-27,1018,1,1318.71,0.0,South
80486,2023-05-26,1147,5,9008.66,0.15,North
80487,2023-01-06,1233,1,602.1,0.1,East
80488,2023-08-23,1140,4,3586.16,0.2,South
80489,2023-12-07,1189,5,3924.24,0.2,East
80490,2023-10-14,1149,4,4400.1,0.0,West
80491,2023-01-27,1459,1,7193.59,0.1,South
80492,2023-08-20,1024,2,4590.91,0.05,South
80493,2023-02-19,1148,4,1759.83,0.2,West
80494,2023-05-25,1382,5,1768.1,0.2,West
80495,2023-07-31,1291,5,4481.36,0.0,West
80496,2023-06-01,1075,1,126.22,0.15,South
80497,2023-03-01,1330,2,5277.64,0.2,East
80498,2023-06-02,1213,1,1105.74,0.05,East
80499,2023-05-27,1003,1,10407.99,0.2,East
80500,2023-12-02,1141,1,2179.16,0.05,East
80501,2023-02-15,1450,5,2038.99,0.2,West
80502,2023-05-11,1131,3,10935.79,0.1,West
80503,2023-11-22,1051,1,5101.04,0.2,South
80504,2023-02-22,1467,5,3695.02,0.0,South
80505,2023-08-10,1064,4,8969.13,0.05,North
80506,2023-03-10,1273,1,1374.0,0.0,West
80507,2023-09-19,1033,1,9094.31,0.0,North
80508,2023-11-15,1456,1,9182.88,0.2,East
80509,2023-01-10,1034,1,3041.54,0.2,South
80510,2023-08-09,1081,2,4720.15,0.15,North
80511,2023-09-22,1182,4,2297.35,0.2,East
80512,2023-12-28,1422,1,7215.52,0.05,West
80513,2023-02-28,1427,1,7115.53,0.1,South
80514,2023-08-30,1157,1,6576.13,0.0,North
80515,2023-07-29,1428,2,1358.33,0.15,South
80516,2023-07-12,1089,3,3428.14,0.15,West
80517,2023-01-23,1496,1,10413.02,0.15,East
80518,2023-06-11,1186,5,233.61,0.0,South
80519,2023-04-22,1106,1,10600.97,0.0,South
80520,2023-06-18,1230,4,3997.17,0.1,North
80521,2023-09-16,1367,2,7575.13,0.05,East
80522,2023-02-05,1379,4,1312.4,0.2,West
80523,2023-02-16,1362,1,4087.1,0.1,North
80524,2023-10-18,1463,1,9810.34,0.15,South
80525,2023-04-26,1140,1,4183.92,0.05,West
80526,2023-03-12,1477,3,4970.39,0.05,West
80527,2023-07-29,1231,1,2250.89,0.1,West
80528,2023-02-25,1303,5,1258.58,0.1,North
80529,2023-03-02,1025,1,2457.99,0.0,North
80530,2023-05-04,1100,3,4913.79,0.05,South
80531,2023-03-10,1238,1,3387.02,0.1,East
80532,2023-11-30,1225,3,1258.4,0.05,West
80533,2023-01-06,1208,2,6052.95,0.05,South
80534,2023-10-29,1090,1,6346.64,0.15,West
80535,2023-11-25,1001,2,3131.72,0.1,South
80536,2023-08-03,1270,4,2684.88,0.1,West
80537,2023-02-16,1344,2,3584.57,0.05,East
80538,2023-08-18,1469,3,10624.25,0.15,South
80539,2023-04-26,1140,1,5117.37,0.2,South
80540,2023-04-20,1375,1,7361.61,0.2,North
80541,2023-11-29,1486,1,4319.34,0.05,East
80542,2023-12-04,1431,4,4514.09,0.0,West
80543,2023-02-28,1483,1,4084.7,0.0,East
80544,2023-08-28,1384,1,7090.11,0.15,East
80545,2023-03-20,1385,2,907.96,0.15,South
80546,2023-08-03,1257,1,2822.92,0.1,North
80547,2023-09-17,1201,3,4805.88,0.0,West
80548,2023-07-26,1211,1,12836.24,0.1,East
80549,2023-09-26,1341,5,7912.25,0.05,South
80550,2023-03-22,1386,3,2097.17,0.1,East
80551,2023-01-30,1082,2,3925.54,0.0,West
80552,2023-03-02,1283,1,5305.09,0.15,North
80553,2023-12-16,1425,2,1531.91,0.1,South
80554,2023-10-23,1281,1,576.71,0.1,West
80555,2023-03-06,1280,4,5278.98,0.15,South
80556,2023-02-08,1018,1,930.41,0.2,West
80557,2023-07-31,1307,1,5900.25,0.05,North
80558,2023-07-22,1138,3,1825.91,0.05,East
80559,2023-05-11,1156,3,332.84,0.15,West
80560,2023-04-25,1087,3,2805.42,0.15,East
80561,2023-11-14,1418,4,978.38,0.2,South
80562,2023-02-27,1158,5,7327.43,0.2,South
80563,2023-06-02,1001,4,4643.07,0.05,East
80564,2023-09-26,1471,5,8287.74,0.05,South
80565,2023-10-20,1216,1,5651.9,0.1,South
80566,2023-09-03,1428,2,2408.95,0.0,North
80567,2023-01-25,1276,1,6913.17,0.1,North
80568,2023-04-10,1341,2,6525.75,0.2,North
80569,2023-08-29,1156,1,712.08,0.1,South
80570,2023-03-24,1443,2,9040.52,0.05,South
80571,2023-09-08,1036,3,2494.31,0.2,West
80572,2023-12-13,1365,4,3874.87,0.15,East
80573,2023-09-21,1357,2,11090.91,0.05,East
80574,2023-11-24,1088,3,7203.21,0.15,East
80575,2023-10-30,1107,3,6948.49,0.15,East
80576,2023-06-26,1024,1,4397.13,0.0,North
80577,2023-03-29,1355,1,2403.11,0.15,West
80578,2023-07-27,1049,4,9465.37,0.1,West
80579,2023-11-26,1388,1,8220.9,0.1,West
80580,2023-11-01,1222,1,160.71,0.0,North
80581,2023-03-27,1300,5,4201.28,0.1,South
80582,2023-12-10,1254,1,345.19,0.0,North
80583,2023-09-10,1405,2,5090.85,0.05,North
80584,2023-05-27,1410,2,8719.73,0.2,North
80585,2023-04-12,1016,4,995.81,0.0,North
80586,2023-07-30,1149,4,5013.17,0.0,West
80587,2023-10-22,1083,1,1640.46,0.05,North
80588,2023-01-26,1477,1,4961.3,0.0,West
80589,2023-01-13,1108,4,4615.59,0.15,West
80590,2023-08-20,1445,4,11456.42,0.2,East
80591,2023-06-10,1395,3,6320.28,0.05,West
80592,2023-07-01,1400,1,3702.81,0.05,South
80593,2023-06-22,1482,3,6542.62,0.0,North
80594,2023-03-29,1257,2,1583.51,0.2,East
80595,2023-05-24,1022,5,7444.54,0.0,West
80596,2023-12-09,1188,5,5256.39,0.2,East
80597,2023-08-21,1210,5,6764.94,0.15,East
80598,2023-03-18,1113,2,2913.39,0.1,West
80599,2023-01-20,1136,1,8864.49,0.05,South
80600,2023-01-01,1324,5,2266.67,0.15,North
80601,2023-02-01,1319,4,4467.24,0.0,South
80602,2023-09-01,1367,2,5329.43,0.15,South
80603,2023-02-11,1495,1,6004.53,0.2,North
80604,2023-06-25,1463,3,5608.06,0.2,South
80605,2023-05-07,1097,2,4785.35,0.0,South
80606,2023-10-05,1276,2,11755.02,0.1,East
80607,2023-07-12,1161,2,3543.51,0.0,East
80608,2023-11-30,1221,5,6006.07,0.1,South
80609,2023-02-05,1063,1,10735.63,0.05,West
80610,2023-01-21,1456,2,10563.3,0.1,North
80611,2023-07-14,1030,1,7678.5,0.05,West
80612,2023-06-06,1264,5,2770.74,0.05,South
80613,2023-10-24,1440,4,1410.88,0.05,West
80614,2023-10-26,1124,3,5601.45,0.2,North
80615,2023-01-02,1195,4,8614.31,0.15,East
80616,2023-04-03,1028,1,3942.06,0.05,North
80617,2023-02-07,1444,5,5549.7,0.15,North
80618,2023-01-03,1005,2,5605.32,0.15,South
80619,2023-10-06,1234,2,5437.49,0.2,West
80620,2023-04-04,1194,2,9850.74,0.1,North
80621,2023-11-22,1270,3,2366.38,0.15,North
80622,2023-08-21,1162,4,5093.22,0.2,West
80623,2023-01-28,1033,1,9901.32,0.2,West
80624,2023-03-30,1337,4,3912.77,0.1,North
80625,2023-07-23,1433,1,3092.02,0.15,West
80626,2023-02-06,1015,5,7545.28,0.15,East
80627,2023-06-25,1375,2,5536.82,0.15,West
80628,2023-08-06,1293,4,3075.77,0.15,West
80629,2023-09-18,1059,2,648.65,0.0,West
80630,2023-05-04,1237,4,2288.83,0.2,North
80631,2023-08-06,1054,1,884.65,0.1,South
80632,2023-01-23,1435,1,4715.66,0.1,East
80633,2023-01-08,1225,3,1057.98,0.15,West
80634,2023-02-21,1056,3,4033.26,0.15,North
80635,2023-06-17,1392,1,627.28,0.0,West
80636,2023-01-19,1256,5,6184.32,0.15,East
80637,2023-01-02,1496,1,8673.38,0.05,South
80638,2023-05-11,1486,2,10929.44,0.0,West
80639,2023-12-30,1075,5,161.58,0.2,North
80640,2023-10-18,1076,4,8596.2,0.05,West
80641,2023-08-09,1132,2,10088.91,0.05,East
80642,2023-03-01,1383,1,10544.54,0.2,South
80643,2023-09-16,1239,3,495.31,0.0,South
80644,2023-09-07,1393,1,7024.67,0.1,West
80645,2023-03-09,1055,4,5355.09,0.0,East
80646,2023-10-10,1256,2,5866.49,0.05,North
80647,2023-04-17,1437,2,3519.17,0.2,East
80648,2023-03-21,1474,1,6446.6,0.0,East
80649,2023-08-03,1003,1,6191.69,0.1,East
80650,2023-01-19,1042,2,189.34,0.0,South
80651,2023-10-24,1469,2,9287.13,0.1,South
80652,2023-06-03,1099,2,874.83,0.1,North
80653,2023-10-28,1122,4,3719.59,0.1,North
80654,2023-03-29,1421,1,4063.55,0.15,East
80655,2023-04-11,1297,4,9287.29,0.05,West
80656,2023-03-24,1430,1,1868.87,0.0,West
80657,2023-03-16,1040,2,3246.38,0.1,West
80658,2023-04-13,1327,4,4338.32,0.15,West
80659,2023-06-01,1096,1,2805.47,0.0,West
80660,2023-08-01,1436,5,8179.26,0.1,East
80661,2023-05-13,1342,5,4664.88,0.0,West
80662,2023-05-02,1493,5,5894.67,0.2,South
80663,2023-08-15,1260,1,2625.92,0.15,East
80664,2023-10-21,1380,3,4762.16,0.15,East
80665,2023-04-08,1071,2,8508.05,0.2,West
80666,2023-10-27,1144,2,8042.21,0.2,East
80667,2023-10-30,1249,2,1453.04,0.2,West
80668,2023-03-04,1445,5,5456.27,0.2,North
80669,2023-03-28,1084,1,1051.64,0.05,North
80670,2023-03-22,1386,2,2671.74,0.2,North
80671,2023-07-19,1025,3,4235.49,0.15,North
80672,2023-03-01,1360,1,3482.97,0.2,South
80673,2023-04-27,1426,1,11274.57,0.0,South
80674,2023-06-18,1384,2,5096.0,0.15,North
80675,2023-02-19,1023,2,6782.9,0.0,North
80676,2023-03-16,1056,2,3624.27,0.15,North
80677,2023-05-30,1428,2,1741.83,0.1,North
80678,2023-03-12,1300,4,6423.43,0.05,West
80679,2023-03-09,1388,2,4786.36,0.1,North
80680,2023-12-23,1091,1,310.25,0.05,South
80681,2023-09-30,1122,1,5335.12,0.0,East
80682,2023-07-29,1401,3,3730.61,0.2,North
80683,2023-02-16,1444,1,4460.7,0.05,South
80684,2023-06-01,1429,2,6125.35,0.15,North
80685,2023-07-11,1356,1,4738.76,0.2,West
80686,2023-06-23,1460,1,3188.14,0.15,East
80687,2023-03-18,1106,2,7827.41,0.2,East
80688,2023-09-01,1026,4,2971.7,0.1,West
80689,2023-07-19,1367,5,11019.13,0.0,North
80690,2023-04-06,1022,2,8832.46,0.05,South
80691,2023-02-16,1420,4,2343.11,0.1,North
80692,2023-06-09,1363,1,379.39,0.05,East
80693,2023-06-21,1158,5,9028.4,0.0,South
80694,2023-01-08,1491,1,6168.22,0.15,North
80695,2023-12-13,1320,2,8356.9,0.15,South
80696,2023-03-05,1319,2,6454.61,0.05,East
80697,2023-05-29,1207,3,3606.39,0.05,East
80698,2023-09-03,1023,2,5531.78,0.0,North
80699,2023-11-26,1380,4,4849.83,0.1,West
80700,2023-01-24,1393,2,9573.72,0.1,South
80701,2023-06-16,1301,1,1516.06,0.2,South
80702,2023-07-20,1038,2,7176.6,0.1,South
80703,2023-01-04,1324,3,1474.32,0.1,South
80704,2023-05-22,1192,2,4034.04,0.05,North
80705,2023-11-24,1228,2,6012.91,0.05,North
80706,2023-10-20,1150,3,1282.72,0.15,East
80707,2023-03-04,1093,5,492.78,0.05,West
80708,2023-09-05,1136,1,9200.96,0.05,East
80709,2023-11-14,1021,1,7197.93,0.05,East
80710,2023-09-02,1306,3,632.29,0.15,South
80711,2023-02-13,1115,2,3748.23,0.1,South
80712,2023-06-03,1229,1,1185.23,0.2,North
80713,2023-10-15,1105,1,5289.78,0.15,South
80714,2023-10-25,1271,2,8904.18,0.15,South
80715,2023-01-17,1011,2,6075.94,0.0,North
80716,2023-12-08,1174,5,219.68,0.1,West
80717,2023-06-26,1043,2,3858.75,0.2,South
80718,2023-09-07,1183,1,745.59,0.0,West
80719,2023-10-08,1320,1,4537.19,0.2,West
80720,2023-06-16,1488,3,5940.26,0.05,West
80721,2023-04-06,1161,3,4020.51,0.0,East
80722,2023-10-21,1111,1,2987.21,0.0,East
80723,2023-03-18,1264,4,3247.19,0.05,North
80724,2023-12-09,1465,2,10043.05,0.15,East
80725,2023-06-19,1280,5,3260.51,0.1,North
80726,2023-06-30,1307,3,4699.4,0.0,North
80727,2023-09-01,1116,2,4960.13,0.05,West
80728,2023-07-10,1377,5,9737.4,0.1,North
80729,2023-10-19,1441,1,9093.42,0.1,South
80730,2023-06-18,1161,1,3385.04,0.05,East
80731,2023-08-23,1478,2,3140.49,0.05,North
80732,2023-11-08,1237,1,1463.85,0.15,East
80733,2023-05-24,1150,2,1179.02,0.15,East
80734,2023-06-13,1023,4,4704.09,0.2,East
80735,2023-10-28,1002,2,215.76,0.0,North
80736,2023-12-28,1409,1,5605.47,0.15,East
80737,2023-08-22,1039,2,4514.29,0.0,South
80738,2023-05-24,1486,3,8183.87,0.1,South
80739,2023-09-18,1286,1,4467.05,0.1,South
80740,2023-06-13,1077,2,4158.47,0.0,East
80741,2023-02-10,1247,3,2979.56,0.0,East
80742,2023-10-07,1103,3,341.31,0.05,East
80743,2023-12-28,1106,2,11813.36,0.2,East
80744,2023-10-23,1426,3,13461.25,0.1,East
80745,2023-10-06,1452,3,2477.12,0.1,North
80746,2023-02-09,1348,2,8046.5,0.0,South
80747,2023-06-10,1083,1,1381.77,0.2,West
80748,2023-08-07,1348,1,3171.24,0.15,North
80749,2023-08-13,1190,1,3723.15,0.2,West
80750,2023-07-26,1491,5,13384.73,0.0,West
80751,2023-10-31,1486,3,7620.04,0.0,North
80752,2023-09-17,1319,1,3838.04,0.05,South
80753,2023-11-06,1056,2,3729.24,0.15,East
80754,2023-03-12,1438,4,9238.34,0.1,South
80755,2023-11-01,1314,1,715.77,0.0,West
80756,2023-10-02,1249,2,2070.22,0.1,North
80757,2023-02-21,1499,5,1299.95,0.05,North
80758,2023-04-15,1361,3,5995.22,0.1,North
80759,2023-03-09,1379,2,1033.95,0.2,South
80760,2023-06-03,1039,1,4121.56,0.05,East
80761,2023-03-17,1156,5,724.33,0.2,North
80762,2023-01-17,1041,4,10087.87,0.0,North
80763,2023-03-14,1340,2,8706.16,0.15,East
80764,2023-05-05,1486,1,6370.25,0.0,East
80765,2023-08-29,1296,1,1801.06,0.1,East
80766,2023-02-11,1474,5,7052.92,0.05,East
80767,2023-02-05,1351,1,8478.22,0.0,East
80768,2023-03-05,1380,5,5613.98,0.05,East
80769,2023-11-24,1375,1,5703.28,0.0,South
80770,2023-12-31,1404,5,4959.95,0.0,North
80771,2023-04-19,1322,2,2545.12,0.0,West
80772,2023-11-25,1157,5,6384.03,0.2,South
80773,2023-01-13,1485,5,1228.26,0.15,East
80774,2023-04-28,1029,2,4071.65,0.0,West
80775,2023-03-26,1247,2,2117.14,0.05,West
80776,2023-08-21,1321,1,4879.4,0.0,South
80777,2023-03-28,1046,2,550.02,0.0,East
80778,2023-03-21,1024,2,7698.94,0.1,East
80779,2023-05-01,1418,3,1575.29,0.15,West
80780,2023-06-27,1127,4,5741.98,0.1,West
80781,2023-04-02,1126,2,2729.32,0.05,South
80782,2023-09-25,1469,4,9488.56,0.2,East
80783,2023-06-14,1213,2,1734.65,0.1,West
80784,2023-09-09,1083,1,2516.34,0.15,East
80785,2023-11-09,1131,5,5738.62,0.1,East
80786,2023-04-22,1153,2,6245.75,0.05,West
80787,2023-07-21,1484,1,5013.06,0.15,West
80788,2023-11-21,1309,5,2765.05,0.05,North
80789,2023-12-16,1165,1,3830.5,0.0,North
80790,2023-09-19,1312,1,8461.4,0.0,West
80791,2023-08-17,1165,1,4643.68,0.05,South
80792,2023-04-16,1183,2,1316.65,0.05,East
80793,2023-04-03,1404,2,4148.37,0.0,West
80794,2023-03-26,1445,3,8335.63,0.05,North
80795,2023-05-25,1401,1,6178.3,0.15,East
80796,2023-01-08,1165,1,3691.36,0.15,East
80797,2023-07-02,1152,1,3444.62,0.05,North
80798,2023-10-28,1454,2,5524.92,0.15,East
80799,2023-05-22,1285,1,7290.54,0.0,West
80800,2023-12-25,1080,5,9876.35,0.1,East
80801,2023-01-08,1473,4,1586.96,0.2,East
80802,2023-11-20,1349,3,253.39,0.05,West
80803,2023-04-04,1361,1,3754.35,0.05,North
80804,2023-10-10,1037,1,6735.25,0.0,West
80805,2023-10-15,1264,3,4472.0,0.1,North
80806,2023-06-04,1232,3,7094.23,0.2,North
80807,2023-03-29,1493,2,6684.24,0.2,South
80808,2023-12-02,1186,2,265.84,0.1,West
80809,2023-09-06,1066,1,514.0,0.1,South
80810,2023-03-07,1047,2,2127.42,0.1,West
80811,2023-07-07,1102,2,7170.69,0.0,East
80812,2023-12-19,1443,1,6715.84,0.0,West
80813,2023-09-03,1191,1,1257.85,0.0,East
80814,2023-12-15,1357,4,9800.25,0.05,South
80815,2023-09-02,1161,2,5409.5,0.05,East
80816,2023-06-10,1156,3,396.76,0.2,South
80817,2023-05-19,1324,1,1631.87,0.15,North
80818,2023-04-04,1126,5,2894.79,0.1,South
80819,2023-04-05,1427,5,6595.08,0.2,East
80820,2023-01-26,1175,4,1916.63,0.05,West
80821,2023-06-27,1496,2,8566.03,0.05,South
80822,2023-09-20,1227,1,1061.62,0.05,North
80823,2023-12-03,1330,2,3526.33,0.15,North
80824,2023-01-24,1219,1,7825.8,0.0,North
80825,2023-12-25,1378,1,1303.73,0.0,West
80826,2023-03-26,1081,5,5921.53,0.15,South
80827,2023-06-08,1070,1,2432.59,0.0,East
80828,2023-04-17,1005,4,2661.58,0.2,West
80829,2023-02-20,1382,1,2031.58,0.0,West
80830,2023-09-13,1202,1,3345.58,0.2,South
80831,2023-08-07,1273,1,2142.03,0.05,West
80832,2023-07-21,1025,2,4279.31,0.0,West
80833,2023-11-06,1155,1,2942.7,0.1,North
80834,2023-04-04,1045,3,2484.81,0.2,East
80835,2023-12-23,1407,2,1358.13,0.2,South
80836,2023-10-21,1145,5,3966.83,0.1,North
80837,2023-01-23,1152,1,5318.45,0.1,West
80838,2023-04-08,1244,1,7688.07,0.0,West
80839,2023-09-10,1313,2,10519.8,0.1,West
80840,2023-04-02,1147,5,7464.06,0.2,West
80841,2023-02-05,1124,4,8688.89,0.2,East
80842,2023-07-02,1025,3,2795.17,0.0,East
80843,2023-07-24,1029,1,5418.44,0.15,East
80844,2023-10-14,1326,3,10920.71,0.0,South
80845,2023-01-27,1278,3,2680.12,0.05,West
80846,2023-09-15,1389,2,4350.95,0.2,East
80847,2023-02-13,1326,3,5106.55,0.0,North
80848,2023-04-26,1335,2,1187.87,0.1,North
80849,2023-03-23,1213,2,1432.68,0.15,West
80850,2023-04-05,1226,4,1514.34,0.2,North
80851,2023-02-13,1490,1,7647.38,0.1,West
80852,2023-08-24,1273,1,1728.85,0.15,East
80853,2023-11-20,1340,2,6444.77,0.1,South
80854,2023-06-13,1360,2,3951.73,0.15,East
80855,2023-05-13,1380,1,3251.46,0.15,South
80856,2023-07-11,1087,2,3057.39,0.15,South
80857,2023-10-27,1315,2,4980.7,0.1,North
80858,2023-01-20,1482,1,5846.05,0.0,West
80859,2023-07-07,1291,4,6863.99,0.1,East
80860,2023-04-27,1123,2,3332.38,0.2,North
80861,2023-08-07,1004,2,1365.82,0.1,North
80862,2023-05-24,1185,3,1660.02,0.05,East
80863,2023-12-03,1345,1,4969.87,0.1,South
80864,2023-12-24,1336,2,7356.21,0.1,North
80865,2023-11-27,1414,5,11353.83,0.15,South
80866,2023-08-08,1029,2,5033.13,0.2,West
80867,2023-12-09,1206,3,2043.32,0.2,North
80868,2023-11-25,1251,1,1487.66,0.0,South
80869,2023-10-26,1066,1,399.38,0.05,North
80870,2023-02-21,1062,5,4459.44,0.15,East
80871,2023-07-19,1315,1,4518.7,0.0,South
80872,2023-06-19,1363,1,778.52,0.15,East
80873,2023-04-29,1385,1,666.75,0.1,South
80874,2023-06-18,1446,4,6946.18,0.1,North
80875,2023-09-16,1001,2,4805.15,0.2,West
80876,2023-02-11,1100,5,5696.08,0.15,West
80877,2023-03-03,1237,4,1786.16,0.2,East
80878,2023-06-03,1364,5,2352.89,0.05,West
80879,2023-08-18,1145,2,5380.99,0.0,South
80880,2023-05-02,1246,1,6735.64,0.15,South
80881,2023-11-11,1433,3,3924.48,0.2,East
80882,2023-02-02,1119,2,1465.76,0.15,North
80883,2023-05-25,1346,1,5436.59,0.0,East
80884,2023-02-17,1166,2,7420.92,0.2,East
80885,2023-11-24,1277,3,5315.19,0.0,North
80886,2023-02-03,1467,5,2625.26,0.2,South
80887,2023-05-02,1276,1,14098.3,0.2,South
80888,2023-05-08,1035,5,6010.01,0.1,East
80889,2023-06-26,1233,3,704.33,0.05,South
80890,2023-08-06,1115,3,2351.87,0.2,South
80891,2023-09-06,1089,1,2790.27,0.2,East
80892,2023-01-11,1485,2,1265.83,0.2,North
80893,2023-01-29,1006,4,1263.56,0.0,South
80894,2023-02-06,1097,1,5309.26,0.1,West
80895,2023-04-13,1199,1,1483.71,0.1,South
80896,2023-10-20,1414,1,8834.74,0.05,North
80897,2023-01-25,1495,1,8209.13,0.05,West
80898,2023-01-01,1027,2,1221.62,0.05,North
80899,2023-11-26,1319,2,5665.25,0.2,South
80900,2023-04-12,1033,2,7259.92,0.2,South
80901,2023-01-22,1427,5,5556.14,0.0,North
80902,2023-11-19,1119,5,1664.59,0.2,South
80903,2023-01-18,1484,2,5525.41,0.1,North
80904,2023-02-18,1123,1,6688.87,0.05,West
80905,2023-02-15,1301,1,1428.05,0.2,East
80906,2023-09-03,1255,2,4568.5,0.1,North
80907,2023-03-20,1232,1,4885.48,0.2,East
80908,2023-01-24,1035,1,7882.77,0.1,North
80909,2023-01-06,1455,5,5563.43,0.1,East
80910,2023-08-06,1059,1,871.44,0.15,West
80911,2023-05-04,1066,2,791.41,0.15,East
80912,2023-12-03,1328,1,1577.22,0.0,North
80913,2023-05-25,1167,1,2887.71,0.05,North
80914,2023-11-07,1194,1,8593.82,0.1,North
80915,2023-01-05,1063,2,10999.2,0.0,South
80916,2023-10-28,1274,3,113.05,0.15,North
80917,2023-09-22,1274,1,102.58,0.0,South
80918,2023-12-20,1397,3,442.09,0.15,South
80919,2023-01-01,1472,2,348.16,0.15,South
80920,2023-05-24,1373,1,7057.52,0.1,South
80921,2023-05-01,1215,2,4076.74,0.2,North
80922,2023-12-09,1180,1,7778.97,0.15,East
80923,2023-06-22,1298,3,1295.97,0.15,East
80924,2023-04-24,1493,1,5198.1,0.15,South
80925,2023-10-15,1454,2,4619.72,0.15,South
80926,2023-12-28,1427,5,7766.07,0.2,West
80927,2023-08-15,1495,1,9543.24,0.0,West
80928,2023-02-27,1007,4,2707.87,0.15,East
80929,2023-10-03,1465,1,8186.57,0.0,East
80930,2023-10-24,1474,1,8238.31,0.1,North
80931,2023-09-16,1285,1,8685.53,0.0,East
80932,2023-07-11,1404,1,3781.67,0.15,East
80933,2023-07-27,1379,4,1325.92,0.15,West
80934,2023-03-02,1394,2,1179.23,0.1,East
80935,2023-09-10,1265,1,2050.88,0.0,East
80936,2023-12-04,1164,3,2120.92,0.15,East
80937,2023-04-14,1130,2,8059.97,0.15,South
80938,2023-02-26,1272,5,10737.64,0.0,West
80939,2023-05-22,1438,1,6285.37,0.2,West
80940,2023-05-30,1451,2,5932.47,0.05,West
80941,2023-09-30,1488,1,6748.0,0.1,North
80942,2023-10-21,1336,1,3968.02,0.05,North
80943,2023-04-04,1261,2,5757.04,0.1,East
80944,2023-07-21,1249,2,1710.42,0.15,East
80945,2023-10-10,1165,2,5351.96,0.05,South
80946,2023-05-16,1256,5,11217.55,0.05,West
80947,2023-05-24,1084,5,1393.73,0.05,West
80948,2023-01-06,1206,1,2915.9,0.1,South
80949,2023-08-27,1266,2,6448.12,0.05,West
80950,2023-12-30,1372,5,1053.21,0.05,North
80951,2023-09-18,1015,5,4595.71,0.2,East
80952,2023-07-13,1480,3,8671.6,0.1,North
80953,2023-04-23,1433,3,4638.32,0.2,South
80954,2023-09-07,1458,2,1405.98,0.15,South
80955,2023-07-18,1213,1,1652.03,0.1,East
80956,2023-08-11,1166,1,3824.97,0.0,North
80957,2023-07-30,1249,1,1985.16,0.1,East
80958,2023-10-03,1427,2,6965.27,0.1,East
80959,2023-08-21,1112,2,4935.56,0.05,North
80960,2023-05-15,1331,5,3759.63,0.1,East
80961,2023-09-12,1315,1,6429.22,0.15,South
80962,2023-12-03,1127,5,7302.7,0.0,North
80963,2023-10-27,1241,1,947.35,0.15,South
80964,2023-09-26,1134,4,5592.43,0.1,West
80965,2023-04-19,1336,5,4271.68,0.1,West
80966,2023-01-03,1158,1,11193.97,0.2,West
80967,2023-01-29,1481,5,1141.34,0.1,East
80968,2023-07-17,1118,2,2384.06,0.15,East
80969,2023-05-13,1055,1,5540.26,0.2,West
80970,2023-07-31,1307,1,3696.93,0.0,South
80971,2023-10-08,1174,1,259.46,0.05,East
80972,2023-11-17,1484,1,11623.27,0.15,East
80973,2023-08-08,1037,2,3472.24,0.15,North
80974,2023-01-11,1071,1,4897.71,0.2,South
80975,2023-08-14,1404,1,2878.42,0.2,North
80976,2023-01-11,1482,4,3895.5,0.2,North
80977,2023-02-10,1339,1,2868.95,0.05,South
80978,2023-11-16,1385,1,990.0,0.1,East
80979,2023-09-28,1244,1,10569.99,0.1,East
80980,2023-01-23,1316,1,1185.73,0.2,East
80981,2023-10-09,1231,2,2991.61,0.05,East
80982,2023-09-18,1121,3,7675.06,0.1,East
80983,2023-02-17,1239,4,674.09,0.2,South
80984,2023-02-05,1180,2,7969.58,0.15,West
80985,2023-02-18,1103,3,311.84,0.0,East
80986,2023-12-27,1125,4,9116.73,0.05,South
80987,2023-10-25,1066,4,427.09,0.2,East
80988,2023-02-22,1254,1,340.32,0.15,East
80989,2023-06-22,1437,5,3946.07,0.0,East
80990,2023-05-25,1104,3,2603.15,0.0,West
80991,2023-02-20,1124,3,12151.53,0.0,West
80992,2023-12-28,1314,1,717.16,0.2,South
80993,2023-10-08,1439,4,8591.73,0.0,South
80994,2023-07-29,1223,1,2422.3,0.2,East
80995,2023-01-19,1391,1,3654.28,0.1,East
80996,2023-11-01,1170,5,1123.99,0.0,North
80997,2023-04-02,1056,1,2190.46,0.05,South
80998,2023-07-06,1332,4,4277.25,0.2,East
80999,2023-08-19,1027,4,718.47,0.1,West
81000,2023-05-02,1408,4,4325.67,0.1,North
81001,2023-11-20,1366,1,3452.2,0.0,North
81002,2023-03-23,1478,2,1436.47,0.05,South
81003,2023-10-18,1302,3,747.72,0.1,East
81004,2023-12-07,1148,1,2674.42,0.0,West
81005,2023-08-22,1448,5,4394.69,0.1,East
81006,2023-06-17,1177,1,1860.15,0.2,South
81007,2023-01-02,1073,1,7031.22,0.05,West
81008,2023-09-03,1189,2,2901.02,0.15,West
81009,2023-08-17,1446,2,4761.95,0.0,South
81010,2023-12-18,1337,1,3592.75,0.0,East
81011,2023-09-29,1398,4,8086.2,0.2,North
81012,2023-12-20,1187,1,6784.42,0.0,West
81013,2023-08-25,1278,1,3971.45,0.0,South
81014,2023-10-02,1228,5,5751.19,0.0,West
81015,2023-12-31,1485,1,1199.1,0.15,North
81016,2023-07-02,1142,4,2813.96,0.0,South
81017,2023-04-19,1238,2,3695.69,0.1,West
81018,2023-03-26,1494,1,5906.9,0.1,South
81019,2023-11-17,1091,1,279.64,0.05,West
81020,2023-04-11,1124,2,6253.89,0.05,West
81021,2023-09-01,1491,2,6259.15,0.1,West
81022,2023-02-16,1292,4,5577.57,0.0,East
81023,2023-03-06,1433,2,3772.39,0.15,North
81024,2023-06-29,1304,1,402.49,0.1,West
81025,2023-04-01,1497,1,1679.53,0.1,West
81026,2023-04-16,1461,3,5337.08,0.2,West
81027,2023-03-12,1095,2,5776.75,0.1,South
81028,2023-04-26,1380,2,3997.25,0.15,North
81029,2023-07-23,1133,2,1207.32,0.2,East
81030,2023-12-05,1161,5,3082.28,0.1,West
81031,2023-04-13,1201,1,3135.66,0.05,North
81032,2023-11-12,1334,1,8086.03,0.05,South
81033,2023-10-03,1315,5,7721.5,0.0,North
81034,2023-01-15,1394,1,1065.82,0.05,North
81035,2023-02-12,1333,5,7173.23,0.0,West
81036,2023-09-22,1238,5,2108.53,0.05,West
81037,2023-07-05,1112,2,4577.33,0.0,West
81038,2023-11-04,1464,1,3064.96,0.15,West
81039,2023-05-27,1096,1,2751.89,0.05,South
81040,2023-06-02,1374,1,3658.78,0.1,North
81041,2023-03-20,1023,1,6329.82,0.1,West
81042,2023-09-02,1152,1,7370.32,0.1,East
81043,2023-10-24,1312,2,9234.1,0.05,South
81044,2023-10-25,1371,2,3128.62,0.2,South
81045,2023-12-17,1105,4,8284.97,0.0,South
81046,2023-03-14,1405,2,7232.59,0.0,North
81047,2023-04-23,1394,3,945.21,0.2,West
81048,2023-07-06,1239,3,538.57,0.1,South
81049,2023-06-23,1331,1,6073.94,0.0,West
81050,2023-08-22,1116,2,3235.36,0.15,East
81051,2023-06-05,1382,1,2171.93,0.0,East
81052,2023-05-07,1167,1,1554.26,0.05,West
81053,2023-01-28,1388,1,5149.27,0.1,North
81054,2023-12-12,1245,1,1989.28,0.0,South
81055,2023-06-25,1179,1,5826.7,0.0,North
81056,2023-02-21,1325,4,4599.44,0.15,South
81057,2023-04-15,1122,2,3582.15,0.05,East
81058,2023-01-03,1072,5,2778.33,0.0,South
81059,2023-09-11,1429,2,6448.38,0.05,North
81060,2023-08-14,1128,5,891.53,0.05,West
81061,2023-10-30,1114,3,7498.92,0.15,West
81062,2023-01-27,1218,1,12151.59,0.05,East
81063,2023-12-02,1496,2,8308.18,0.0,North
81064,2023-05-15,1365,3,4068.49,0.2,North
81065,2023-10-19,1163,5,1744.54,0.1,East
81066,2023-09-29,1200,3,4066.66,0.1,North
81067,2023-12-23,1482,5,2831.09,0.0,South
81068,2023-01-10,1241,4,1160.0,0.05,South
81069,2023-11-24,1153,1,6298.18,0.2,South
81070,2023-03-02,1437,1,4505.44,0.15,North
81071,2023-06-14,1044,1,4190.29,0.1,East
81072,2023-01-28,1179,1,7739.61,0.2,East
81073,2023-10-04,1312,2,6130.87,0.1,North
81074,2023-03-18,1475,5,5558.46,0.0,East
81075,2023-10-02,1105,2,9608.66,0.05,North
81076,2023-02-06,1390,5,3630.48,0.1,North
81077,2023-08-17,1301,2,1881.54,0.1,North
81078,2023-03-02,1237,2,1840.09,0.1,West
81079,2023-12-13,1011,1,9525.88,0.15,West
81080,2023-04-27,1165,1,5103.73,0.1,South
81081,2023-09-27,1161,2,3899.34,0.15,West
81082,2023-12-06,1408,1,6645.61,0.1,West
81083,2023-06-20,1242,4,10468.47,0.2,South
81084,2023-06-10,1046,3,765.0,0.1,West
81085,2023-08-31,1038,1,10888.76,0.1,South
81086,2023-10-07,1165,1,6042.31,0.1,South
81087,2023-07-08,1174,1,149.58,0.05,East
81088,2023-01-12,1250,1,6822.58,0.1,South
81089,2023-09-10,1294,5,2454.46,0.0,West
81090,2023-07-12,1307,3,4517.96,0.1,North
81091,2023-08-22,1051,3,3887.0,0.15,North
81092,2023-03-09,1497,1,1298.26,0.0,West
81093,2023-06-03,1305,2,6980.79,0.0,West
81094,2023-11-21,1257,1,2008.86,0.0,West
81095,2023-02-10,1209,1,6286.56,0.1,East
81096,2023-09-06,1330,3,4557.46,0.05,North
81097,2023-09-12,1480,1,5654.77,0.15,North
81098,2023-05-15,1297,2,8427.21,0.05,South
81099,2023-06-16,1374,5,4919.48,0.2,East
81100,2023-07-28,1401,1,6614.21,0.1,West
81101,2023-03-07,1123,2,3638.57,0.05,East
81102,2023-05-17,1145,1,6670.63,0.2,West
81103,2023-11-20,1389,1,6268.57,0.05,East
81104,2023-06-22,1015,5,7601.23,0.15,South
81105,2023-12-25,1340,4,8018.5,0.0,East
81106,2023-02-12,1271,5,4315.25,0.0,North
81107,2023-11-06,1140,3,5930.59,0.05,East
81108,2023-02-04,1098,1,3469.65,0.05,North
81109,2023-04-26,1072,2,4721.92,0.1,South
81110,2023-12-23,1352,1,7780.5,0.15,West
81111,2023-01-17,1152,3,6830.22,0.1,East
81112,2023-10-27,1338,3,6311.78,0.05,West
81113,2023-01-05,1487,1,1672.91,0.15,East
81114,2023-03-17,1108,2,2837.93,0.05,West
81115,2023-02-01,1138,1,2062.83,0.05,East
81116,2023-06-24,1455,4,3358.04,0.1,East
81117,2023-09-25,1390,1,4999.22,0.05,East
81118,2023-07-25,1208,5,4507.09,0.15,West
81119,2023-01-24,1183,4,745.0,0.1,East
81120,2023-02-28,1131,2,9985.29,0.2,West
81121,2023-11-12,1096,1,3188.69,0.2,South
81122,2023-06-08,1460,2,7156.22,0.0,South
81123,2023-10-26,1258,4,266.11,0.15,South
81124,2023-12-29,1055,1,3599.28,0.15,South
81125,2023-10-03,1439,2,9229.97,0.15,East
81126,2023-07-01,1244,1,4409.88,0.15,North
81127,2023-08-08,1363,5,674.45,0.1,West
81128,2023-02-17,1308,4,1137.19,0.0,South
81129,2023-12-06,1270,4,1192.45,0.15,East
81130,2023-10-09,1169,4,3763.18,0.05,South
81131,2023-03-20,1386,1,3293.41,0.0,South
81132,2023-01-29,1026,1,1633.02,0.1,West
81133,2023-10-29,1282,2,541.42,0.05,South
81134,2023-12-28,1424,1,9504.51,0.15,West
81135,2023-09-29,1293,4,2865.78,0.0,East
81136,2023-08-18,1318,5,3512.82,0.15,West
81137,2023-05-27,1142,4,6796.31,0.0,South
81138,2023-06-03,1093,2,644.47,0.15,West
81139,2023-03-14,1261,1,6624.66,0.15,West
81140,2023-07-20,1218,4,8892.08,0.05,East
81141,2023-11-25,1161,4,4983.39,0.1,North
81142,2023-04-20,1135,1,1771.61,0.1,East
81143,2023-11-30,1498,2,6185.4,0.05,North
81144,2023-01-16,1277,1,11161.07,0.05,West
81145,2023-08-04,1125,3,8200.93,0.05,East
81146,2023-08-24,1135,2,1792.51,0.15,East
81147,2023-09-10,1312,1,6075.24,0.0,South
81148,2023-09-21,1081,1,8272.67,0.0,North
81149,2023-12-07,1136,1,8992.61,0.1,South
81150,2023-06-02,1076,1,8646.9,0.15,North
81151,2023-09-22,1308,5,1760.0,0.05,West
81152,2023-04-17,1141,1,1347.09,0.15,North
81153,2023-12-24,1089,2,3906.04,0.15,North
81154,2023-10-26,1061,1,3591.37,0.15,South
81155,2023-11-03,1094,3,5746.06,0.1,East
81156,2023-06-30,1123,5,4459.37,0.2,West
81157,2023-12-12,1458,4,2966.87,0.0,North
81158,2023-09-18,1429,4,7447.42,0.2,South
81159,2023-03-20,1468,3,10216.65,0.1,East
81160,2023-06-03,1437,3,4920.38,0.1,West
81161,2023-02-22,1118,5,2681.31,0.2,East
81162,2023-06-26,1500,1,395.71,0.2,North
81163,2023-01-06,1364,1,4000.09,0.1,North
81164,2023-05-11,1298,3,1592.06,0.05,West
81165,2023-01-22,1249,2,1520.66,0.2,East
81166,2023-02-27,1270,4,2435.96,0.05,West
81167,2023-07-31,1279,5,4833.83,0.15,East
81168,2023-01-01,1137,3,1325.45,0.0,East
81169,2023-07-11,1487,3,1149.58,0.1,North
81170,2023-08-17,1217,3,6665.19,0.1,West
81171,2023-01-30,1105,1,5389.74,0.0,West
81172,2023-04-01,1391,2,4596.33,0.1,East
81173,2023-09-29,1180,1,10015.72,0.2,West
81174,2023-05-04,1079,1,3289.76,0.2,South
81175,2023-11-19,1065,1,971.39,0.05,West
81176,2023-12-13,1359,4,7375.2,0.1,South
81177,2023-03-20,1466,1,2888.17,0.05,North
81178,2023-03-13,1302,1,391.27,0.2,West
81179,2023-12-31,1181,4,2673.37,0.2,South
81180,2023-06-28,1122,5,5213.0,0.2,East
81181,2023-08-28,1061,3,4671.82,0.15,East
81182,2023-09-26,1348,4,5421.45,0.1,South
81183,2023-11-19,1239,4,563.2,0.15,South
81184,2023-12-09,1185,1,2148.58,0.15,East
81185,2023-09-10,1235,1,5425.48,0.1,South
81186,2023-10-28,1299,4,5526.28,0.15,South
81187,2023-06-22,1132,5,6918.6,0.2,North
81188,2023-12-20,1267,2,632.95,0.15,South
81189,2023-11-21,1103,4,378.96,0.05,East
81190,2023-05-08,1313,3,6970.28,0.2,South
81191,2023-01-11,1123,5,3146.02,0.0,East
81192,2023-02-25,1143,2,8882.15,0.1,South
81193,2023-08-30,1086,1,10055.57,0.2,North
81194,2023-10-09,1262,2,802.15,0.1,South
81195,2023-04-26,1017,5,3809.63,0.05,South
81196,2023-09-22,1141,2,2004.94,0.1,East
81197,2023-08-20,1111,2,1972.49,0.15,North
81198,2023-08-28,1048,2,3039.04,0.15,North
81199,2023-11-10,1034,3,2983.22,0.0,West
81200,2023-09-24,1162,1,5946.35,0.1,West
81201,2023-04-18,1086,3,6892.9,0.0,East
81202,2023-07-12,1389,1,4492.52,0.0,North
81203,2023-12-09,1271,5,5727.72,0.0,East
81204,2023-11-29,1438,3,10569.04,0.15,North
81205,2023-01-19,1294,5,3283.14,0.05,South
81206,2023-03-31,1192,2,6899.9,0.2,North
81207,2023-01-27,1192,2,4077.83,0.1,East
81208,2023-09-22,1178,1,4939.35,0.05,North
81209,2023-02-25,1271,1,5839.67,0.0,South
81210,2023-08-11,1221,4,2533.56,0.1,West
81211,2023-05-29,1439,2,10154.4,0.2,East
81212,2023-12-10,1186,1,354.33,0.2,East
81213,2023-02-27,1321,2,11795.23,0.1,North
81214,2023-03-07,1411,1,1016.14,0.15,East
81215,2023-08-13,1040,1,2156.75,0.15,South
81216,2023-10-18,1092,4,6465.74,0.1,West
81217,2023-12-28,1066,1,552.74,0.05,West
81218,2023-07-21,1058,5,5492.94,0.2,South
81219,2023-03-28,1142,1,4210.39,0.15,East
81220,2023-07-04,1389,4,5024.98,0.2,South
81221,2023-12-11,1325,1,7995.73,0.0,North
81222,2023-09-08,1350,4,5037.29,0.1,West
81223,2023-09-13,1314,1,1434.79,0.2,North
81224,2023-04-18,1060,1,8145.7,0.05,North
81225,2023-10-31,1288,2,1422.51,0.2,North
81226,2023-01-02,1380,2,4318.62,0.1,South
81227,2023-05-02,1442,1,1609.15,0.15,North
81228,2023-10-23,1200,5,8575.93,0.05,South
81229,2023-09-12,1421,4,4159.82,0.1,South
81230,2023-07-17,1382,1,1744.84,0.0,North
81231,2023-01-29,1059,5,959.64,0.1,South
81232,2023-10-29,1434,3,551.6,0.0,East
81233,2023-12-12,1203,2,3831.58,0.15,East
81234,2023-04-10,1035,1,9354.51,0.1,East
81235,2023-07-19,1200,2,6494.73,0.2,East
81236,2023-07-06,1349,1,195.3,0.15,West
81237,2023-12-15,1486,5,7376.82,0.0,East
81238,2023-04-09,1333,5,6746.51,0.05,East
81239,2023-04-25,1356,2,6085.73,0.0,West
81240,2023-06-13,1464,5,2028.26,0.0,North
81241,2023-04-30,1269,1,9167.31,0.2,South
81242,2023-10-12,1001,2,3194.76,0.0,North
81243,2023-10-21,1059,1,1314.25,0.2,South
81244,2023-06-12,1314,1,851.4,0.2,West
81245,2023-06-06,1141,1,2393.06,0.2,North
81246,2023-06-03,1153,4,9510.12,0.15,South
81247,2023-08-16,1051,4,5148.54,0.1,West
81248,2023-08-22,1425,1,3037.27,0.15,West
81249,2023-05-28,1011,1,6073.36,0.2,North
81250,2023-08-10,1266,1,8358.22,0.05,East
81251,2023-03-04,1356,1,3612.18,0.1,East
81252,2023-05-14,1386,1,2689.65,0.0,West
81253,2023-09-29,1492,3,4183.33,0.15,North
81254,2023-10-03,1194,1,10154.19,0.1,South
81255,2023-07-22,1298,3,3041.72,0.0,North
81256,2023-02-03,1435,3,8079.43,0.05,South
81257,2023-02-06,1046,1,581.28,0.0,North
81258,2023-10-16,1125,4,7961.32,0.1,South
81259,2023-11-20,1452,1,2237.77,0.05,South
81260,2023-07-23,1003,5,8474.07,0.0,East
81261,2023-09-24,1039,1,6169.24,0.0,West
81262,2023-03-29,1395,5,6216.76,0.1,East
81263,2023-10-21,1384,5,6415.58,0.15,South
81264,2023-12-19,1337,4,2682.04,0.05,West
81265,2023-09-14,1315,1,4962.3,0.0,East
81266,2023-08-09,1253,1,3482.84,0.1,North
81267,2023-04-19,1183,2,1434.53,0.05,East
81268,2023-07-09,1366,1,2798.2,0.15,West
81269,2023-04-19,1378,1,848.59,0.15,East
81270,2023-07-05,1447,2,5093.64,0.05,North
81271,2023-01-11,1498,2,3959.69,0.05,West
81272,2023-09-02,1377,2,5874.11,0.05,South
81273,2023-06-14,1007,4,4020.94,0.2,West
81274,2023-09-27,1138,3,2169.29,0.05,West
81275,2023-07-20,1007,2,3878.59,0.05,North
81276,2023-10-27,1345,1,4444.77,0.1,South
81277,2023-03-09,1009,2,5799.73,0.1,North
81278,2023-08-17,1455,2,4040.27,0.15,North
81279,2023-06-22,1347,1,3840.96,0.0,North
81280,2023-04-26,1286,1,9849.06,0.2,East
81281,2023-08-14,1428,4,1208.76,0.0,West
81282,2023-12-04,1439,1,7742.42,0.2,South
81283,2023-12-25,1268,2,2614.88,0.05,West
81284,2023-06-16,1082,1,8852.7,0.05,South
81285,2023-03-20,1380,2,2771.9,0.05,West
81286,2023-02-10,1039,5,2801.43,0.15,West
81287,2023-03-27,1486,2,9704.54,0.0,West
81288,2023-01-14,1216,1,4721.87,0.05,West
81289,2023-04-05,1119,1,1243.61,0.2,East
81290,2023-07-25,1490,1,6314.04,0.2,East
81291,2023-07-21,1167,1,3181.94,0.2,West
81292,2023-08-29,1469,1,8124.48,0.2,East
81293,2023-03-24,1170,3,546.42,0.05,South
81294,2023-10-22,1435,1,4088.4,0.15,East
81295,2023-02-12,1497,1,1878.32,0.1,North
81296,2023-01-28,1485,1,1575.91,0.0,North
81297,2023-04-16,1418,1,1576.06,0.1,West
81298,2023-12-14,1142,5,3731.01,0.2,East
81299,2023-09-15,1254,4,133.67,0.1,East
81300,2023-02-19,1082,1,5079.71,0.2,North
81301,2023-11-29,1200,4,7084.68,0.15,East
81302,2023-12-11,1428,5,2085.72,0.2,West
81303,2023-12-20,1415,2,2080.61,0.0,North
81304,2023-02-21,1220,4,5731.7,0.05,South
81305,2023-02-02,1240,1,7982.52,0.2,North
81306,2023-08-28,1156,2,573.04,0.05,West
81307,2023-10-04,1245,1,3257.13,0.15,South
81308,2023-06-07,1411,3,674.47,0.1,North
81309,2023-12-13,1252,2,191.16,0.0,East
81310,2023-09-10,1038,4,9264.99,0.1,East
81311,2023-07-28,1428,5,1268.15,0.2,North
81312,2023-01-21,1402,4,7275.6,0.0,South
81313,2023-09-05,1017,1,2281.82,0.1,West
81314,2023-01-30,1376,2,8142.28,0.0,West
81315,2023-11-14,1476,5,3909.66,0.15,East
81316,2023-04-09,1258,4,209.08,0.15,East
81317,2023-11-18,1445,1,6896.89,0.15,West
81318,2023-05-25,1269,2,10089.29,0.1,East
81319,2023-09-20,1046,5,1037.77,0.0,West
81320,2023-02-23,1249,3,1571.22,0.2,East
81321,2023-09-16,1244,2,8585.02,0.15,East
81322,2023-10-07,1346,2,7413.65,0.0,West
81323,2023-10-10,1471,1,9485.55,0.2,East
81324,2023-09-11,1387,5,1641.58,0.1,South
81325,2023-09-13,1142,1,6277.66,0.2,North
81326,2023-04-03,1025,4,4228.15,0.15,West
81327,2023-01-12,1256,5,10472.96,0.0,South
81328,2023-11-24,1363,2,819.63,0.1,West
81329,2023-03-31,1057,2,5198.14,0.1,East
81330,2023-02-05,1162,2,5538.84,0.05,North
81331,2023-11-09,1347,3,4624.64,0.05,South
81332,2023-07-29,1373,3,5896.93,0.15,West
81333,2023-07-10,1162,1,6473.77,0.0,South
81334,2023-02-10,1328,2,1255.15,0.0,East
81335,2023-05-23,1096,2,3879.8,0.15,North
81336,2023-07-10,1408,2,4410.32,0.15,East
81337,2023-11-20,1207,5,2188.9,0.1,West
81338,2023-07-28,1363,2,409.14,0.1,North
81339,2023-05-27,1355,4,2710.59,0.0,South
81340,2023-09-02,1292,1,6330.07,0.2,West
81341,2023-04-17,1030,1,10956.01,0.2,East
81342,2023-08-09,1367,3,7296.74,0.2,West
81343,2023-06-17,1424,2,4492.63,0.15,North
81344,2023-03-26,1165,5,8542.45,0.1,East
81345,2023-12-04,1204,5,2547.49,0.2,West
81346,2023-04-02,1385,1,1002.76,0.15,South
81347,2023-01-06,1419,1,6396.08,0.05,South
81348,2023-01-08,1477,1,4136.32,0.05,North
81349,2023-12-06,1035,3,14364.88,0.05,South
81350,2023-09-10,1348,1,6556.19,0.0,North
81351,2023-09-12,1147,5,11151.58,0.2,North
81352,2023-04-27,1184,2,784.1,0.0,East
81353,2023-05-02,1140,1,4408.85,0.05,East
81354,2023-01-13,1005,2,4574.49,0.05,East
81355,2023-04-16,1219,2,4294.1,0.1,East
81356,2023-01-05,1085,2,2165.26,0.1,South
81357,2023-01-20,1220,5,4820.73,0.2,West
81358,2023-03-15,1419,2,5705.01,0.05,East
81359,2023-06-13,1095,3,9846.7,0.1,West
81360,2023-12-24,1248,1,4407.08,0.1,East
81361,2023-07-26,1085,4,2089.86,0.15,North
81362,2023-03-23,1108,4,4650.13,0.15,West
81363,2023-04-02,1161,1,4518.9,0.15,West
81364,2023-05-30,1225,1,500.7,0.0,East
81365,2023-06-16,1264,5,6000.38,0.2,West
81366,2023-02-10,1242,3,5161.46,0.1,East
81367,2023-11-11,1146,3,4215.26,0.2,North
81368,2023-05-24,1431,1,2288.37,0.1,East
81369,2023-01-17,1236,3,1125.74,0.15,South
81370,2023-11-30,1143,1,8822.79,0.05,East
81371,2023-08-03,1336,2,8050.9,0.05,North
81372,2023-07-10,1330,1,4263.28,0.15,East
81373,2023-08-02,1396,2,529.92,0.2,North
81374,2023-01-16,1244,2,6864.49,0.1,West
81375,2023-01-26,1061,1,6312.94,0.1,North
81376,2023-07-18,1354,4,458.87,0.15,East
81377,2023-01-29,1170,1,894.17,0.2,North
81378,2023-09-22,1205,1,9495.47,0.1,South
81379,2023-10-09,1006,3,1056.19,0.05,West
81380,2023-07-06,1311,2,3648.93,0.05,South
81381,2023-05-30,1091,5,527.94,0.2,South
81382,2023-04-05,1261,2,3020.01,0.0,South
81383,2023-09-02,1177,2,1992.42,0.15,West
81384,2023-10-11,1343,1,199.16,0.0,West
81385,2023-04-22,1330,1,4465.61,0.05,South
81386,2023-10-08,1172,1,1076.69,0.15,West
81387,2023-06-22,1055,4,4366.09,0.15,South
81388,2023-10-15,1334,1,6926.04,0.05,South
81389,2023-05-14,1013,2,3299.62,0.0,East
81390,2023-11-04,1358,1,6467.26,0.2,East
81391,2023-07-18,1207,2,1911.14,0.0,South
81392,2023-04-14,1477,5,4055.23,0.2,East
81393,2023-05-22,1479,4,5837.51,0.15,West
81394,2023-08-07,1026,2,1520.61,0.1,West
81395,2023-10-26,1474,1,6668.09,0.05,West
81396,2023-01-21,1021,1,10229.34,0.15,South
81397,2023-10-18,1068,5,9596.68,0.0,North
81398,2023-07-09,1019,1,2894.25,0.15,West
81399,2023-06-21,1447,1,3461.63,0.0,North
81400,2023-04-03,1120,1,12340.1,0.2,East
81401,2023-05-19,1067,5,2193.88,0.1,West
81402,2023-05-10,1242,1,5670.87,0.2,South
81403,2023-11-19,1349,1,157.84,0.15,North
81404,2023-12-26,1093,3,583.04,0.05,West
81405,2023-02-25,1305,3,9832.31,0.05,South
81406,2023-06-18,1130,4,3194.34,0.2,West
81407,2023-05-23,1399,1,3964.37,0.2,South
81408,2023-05-23,1393,2,9115.24,0.05,North
81409,2023-11-10,1468,1,7171.59,0.2,East
81410,2023-06-21,1193,1,316.68,0.1,West
81411,2023-06-11,1220,4,5484.04,0.1,East
81412,2023-06-12,1252,3,239.94,0.15,South
81413,2023-06-26,1134,1,7224.18,0.2,South
81414,2023-04-27,1419,1,6705.78,0.0,South
81415,2023-02-16,1104,2,2689.99,0.05,South
81416,2023-08-07,1202,2,2348.11,0.05,West
81417,2023-05-02,1205,1,6946.49,0.05,North
81418,2023-03-09,1033,1,6523.58,0.0,North
81419,2023-09-08,1123,1,4763.15,0.05,South
81420,2023-01-07,1074,5,12400.09,0.05,North
81421,2023-04-06,1301,3,1070.71,0.0,East
81422,2023-02-14,1180,1,5196.44,0.0,South
81423,2023-06-03,1118,2,2735.64,0.0,North
81424,2023-08-08,1020,5,6014.71,0.1,West
81425,2023-02-14,1324,1,2977.83,0.15,East
81426,2023-07-23,1368,1,3828.35,0.15,South
81427,2023-01-18,1409,4,8032.98,0.1,West
81428,2023-06-09,1465,5,8488.43,0.2,North
81429,2023-03-10,1341,1,7119.54,0.2,West
81430,2023-10-09,1473,5,3561.72,0.15,East
81431,2023-10-15,1123,4,4048.29,0.0,East
81432,2023-01-04,1167,1,1568.93,0.0,South
81433,2023-06-08,1358,3,5321.42,0.05,South
81434,2023-09-27,1040,2,2836.31,0.1,East
81435,2023-05-19,1114,1,8108.47,0.0,North
81436,2023-09-12,1177,1,2121.73,0.2,North
81437,2023-12-03,1447,1,3273.7,0.0,North
81438,2023-08-30,1197,2,2651.89,0.2,North
81439,2023-07-04,1132,4,10729.77,0.2,South
81440,2023-04-17,1243,1,10870.99,0.05,East
81441,2023-03-03,1436,1,6931.88,0.0,South
81442,2023-08-29,1465,2,9715.78,0.1,North
81443,2023-03-06,1026,1,1446.41,0.05,West
81444,2023-08-25,1049,1,4230.26,0.1,North
81445,2023-12-14,1261,5,3892.5,0.1,West
81446,2023-12-10,1439,2,4530.5,0.15,West
81447,2023-03-10,1082,2,9911.31,0.2,West
81448,2023-10-25,1093,1,521.26,0.2,East
81449,2023-08-02,1241,2,553.24,0.1,West
81450,2023-05-30,1177,2,1550.08,0.0,West
81451,2023-02-06,1397,1,442.2,0.15,South
81452,2023-09-12,1449,1,661.72,0.0,South
81453,2023-12-24,1351,1,6580.88,0.1,North
81454,2023-07-16,1035,1,5207.1,0.15,East
81455,2023-04-23,1080,1,5732.36,0.15,West
81456,2023-02-26,1344,3,2232.71,0.0,South
81457,2023-06-06,1448,1,5517.11,0.0,South
81458,2023-10-31,1336,2,4257.61,0.0,West
81459,2023-05-07,1341,1,5116.44,0.0,North
81460,2023-02-05,1004,1,1898.97,0.2,South
81461,2023-01-23,1165,1,4463.52,0.2,East
81462,2023-06-23,1470,2,1403.79,0.1,South
81463,2023-11-08,1240,1,4801.79,0.1,West
81464,2023-07-21,1348,2,6164.73,0.2,North
81465,2023-05-07,1257,1,2783.97,0.0,East
81466,2023-03-24,1420,5,1592.76,0.05,East
81467,2023-12-02,1280,1,6735.25,0.1,East
81468,2023-03-17,1153,3,7718.29,0.1,West
81469,2023-05-02,1247,3,4214.05,0.15,South
81470,2023-03-22,1033,4,11623.01,0.2,North
81471,2023-05-22,1407,3,1080.46,0.1,South
81472,2023-08-03,1146,3,5466.14,0.1,East
81473,2023-12-23,1097,5,5105.79,0.15,North
81474,2023-05-27,1330,2,4825.16,0.15,West
81475,2023-10-05,1102,1,10973.26,0.2,South
81476,2023-02-09,1455,1,3570.8,0.1,South
81477,2023-09-14,1469,1,9290.67,0.15,West
81478,2023-10-14,1414,5,10711.43,0.15,South
81479,2023-10-12,1082,3,4403.83,0.2,North
81480,2023-07-04,1189,2,1682.17,0.15,South
81481,2023-04-23,1413,4,1282.53,0.1,North
81482,2023-11-22,1042,1,145.52,0.0,East
81483,2023-05-16,1500,1,298.27,0.05,East
81484,2023-10-25,1213,1,2378.91,0.1,East
81485,2023-02-10,1204,4,3229.88,0.2,South
81486,2023-06-23,1487,1,1993.46,0.1,West
81487,2023-09-23,1411,4,1271.32,0.1,North
81488,2023-05-22,1307,4,3997.53,0.15,South
81489,2023-12-15,1124,1,9808.36,0.2,North
81490,2023-11-22,1316,4,1169.77,0.05,East
81491,2023-10-27,1141,5,1039.36,0.15,South
81492,2023-08-03,1500,3,463.2,0.2,East
81493,2023-10-09,1141,2,2200.35,0.2,North
81494,2023-03-01,1167,2,2963.8,0.05,South
81495,2023-08-14,1088,3,3619.45,0.05,East
81496,2023-05-05,1275,1,5022.53,0.0,East
81497,2023-01-12,1388,3,5947.59,0.05,North
81498,2023-03-21,1114,5,6890.28,0.15,East
81499,2023-04-22,1109,3,1506.57,0.15,West
81500,2023-12-15,1023,2,3162.62,0.05,North
81501,2023-04-12,1069,2,1354.3,0.2,North
81502,2023-08-20,1488,1,4417.0,0.0,North
81503,2023-06-12,1420,4,2917.77,0.2,West
81504,2023-11-17,1242,3,6387.56,0.0,West
81505,2023-01-24,1425,2,2489.03,0.2,West
81506,2023-10-31,1216,1,5893.15,0.1,South
81507,2023-03-31,1131,1,7828.74,0.15,West
81508,2023-07-15,1188,2,5417.74,0.1,East
81509,2023-02-09,1064,2,7661.84,0.15,West
81510,2023-04-07,1306,1,594.21,0.05,West
81511,2023-10-28,1254,4,303.57,0.0,West
81512,2023-01-18,1403,1,4740.55,0.1,East
81513,2023-08-06,1171,5,1025.92,0.2,North
81514,2023-07-06,1057,2,4173.46,0.15,North
81515,2023-12-31,1285,1,7791.92,0.2,East
81516,2023-01-24,1436,3,9459.62,0.2,North
81517,2023-11-29,1176,5,8396.3,0.2,West
81518,2023-10-21,1047,4,965.55,0.05,South
81519,2023-10-04,1437,1,5761.69,0.1,North
81520,2023-03-30,1066,4,680.03,0.2,West
81521,2023-05-11,1111,2,1938.14,0.2,North
81522,2023-05-14,1169,3,3081.07,0.2,South
81523,2023-11-02,1246,4,5454.93,0.2,West
81524,2023-11-10,1138,5,1880.54,0.1,North
81525,2023-02-04,1231,1,2885.19,0.05,West
81526,2023-09-19,1031,1,7642.54,0.15,South
81527,2023-03-31,1131,5,7084.57,0.0,South
81528,2023-02-10,1272,2,11033.45,0.2,East
81529,2023-10-12,1195,5,8340.01,0.0,West
81530,2023-03-21,1034,2,2162.6,0.0,North
81531,2023-09-15,1053,1,8431.11,0.2,North
81532,2023-08-10,1260,2,2385.13,0.0,East
81533,2023-07-14,1292,4,3477.02,0.2,East
81534,2023-08-24,1397,4,528.16,0.15,East
81535,2023-09-04,1001,1,3678.63,0.2,South
81536,2023-01-15,1154,3,1302.09,0.0,East
81537,2023-06-02,1484,2,8228.39,0.0,East
81538,2023-06-13,1017,2,3780.9,0.05,West
81539,2023-03-16,1418,2,1886.36,0.2,South
81540,2023-11-10,1263,4,1418.27,0.2,East
81541,2023-03-29,1324,1,2387.17,0.05,West
81542,2023-12-08,1004,5,2636.69,0.05,East
81543,2023-03-15,1038,1,7301.55,0.15,North
81544,2023-03-11,1410,1,6266.84,0.2,East
81545,2023-11-07,1083,1,1446.73,0.15,South
81546,2023-04-27,1059,5,1151.08,0.05,East
81547,2023-07-28,1215,5,2794.11,0.05,West
81548,2023-09-01,1420,2,2607.68,0.0,South
81549,2023-05-23,1231,5,3880.97,0.15,North
81550,2023-12-30,1255,1,6756.46,0.0,South
81551,2023-11-17,1034,3,2462.4,0.1,South
81552,2023-08-19,1304,1,353.47,0.2,South
81553,2023-03-14,1183,1,1142.09,0.1,North
81554,2023-10-21,1052,1,3682.85,0.0,East
81555,2023-04-28,1193,3,213.54,0.1,West
81556,2023-09-03,1218,1,5845.55,0.15,South
81557,2023-03-30,1036,2,2320.13,0.0,West
81558,2023-02-11,1420,1,2141.18,0.05,West
81559,2023-06-07,1020,2,5213.02,0.2,West
81560,2023-01-14,1074,1,8955.01,0.05,North
81561,2023-01-14,1036,2,3902.33,0.1,South
81562,2023-04-05,1434,4,706.48,0.2,North
81563,2023-05-19,1082,1,4980.85,0.0,East
81564,2023-03-26,1266,1,6809.79,0.2,North
81565,2023-04-24,1242,1,4019.7,0.1,South
81566,2023-08-19,1119,1,2359.96,0.15,West
81567,2023-08-23,1048,2,5721.14,0.05,East
81568,2023-02-08,1164,1,1707.56,0.1,East
81569,2023-02-12,1094,1,3871.64,0.05,West
81570,2023-02-25,1102,2,8301.41,0.2,North
81571,2023-07-29,1182,2,2500.43,0.05,North
81572,2023-02-13,1420,4,3602.45,0.15,North
81573,2023-05-10,1078,2,6214.52,0.2,East
81574,2023-03-19,1338,1,4340.51,0.05,South
81575,2023-06-17,1175,4,2381.5,0.15,West
81576,2023-09-01,1277,3,12062.34,0.0,North
81577,2023-09-06,1020,3,8172.95,0.0,South
81578,2023-02-11,1223,1,2800.51,0.2,West
81579,2023-10-11,1235,2,5816.39,0.2,North
81580,2023-03-11,1184,2,576.57,0.15,North
81581,2023-01-16,1305,1,8300.89,0.1,North
81582,2023-05-19,1189,4,1898.54,0.0,West
81583,2023-07-06,1307,5,3871.56,0.15,West
81584,2023-05-31,1142,1,3789.68,0.0,West
81585,2023-09-06,1482,1,4105.17,0.05,North
81586,2023-12-26,1047,1,2180.17,0.15,North
81587,2023-10-31,1032,5,4218.38,0.15,East
81588,2023-01-19,1062,5,8936.15,0.0,West
81589,2023-05-25,1420,1,2566.78,0.0,South
81590,2023-12-01,1226,1,1999.15,0.05,South
81591,2023-04-30,1387,2,961.36,0.05,East
81592,2023-04-05,1036,5,4384.15,0.15,West
81593,2023-06-06,1097,5,5461.44,0.15,South
81594,2023-11-25,1069,5,705.74,0.05,South
81595,2023-09-04,1047,2,2079.3,0.1,East
81596,2023-08-15,1251,3,1416.94,0.2,West
81597,2023-11-02,1075,5,154.56,0.15,North
81598,2023-04-03,1320,2,6288.85,0.05,West
81599,2023-12-06,1358,4,7727.34,0.0,East
81600,2023-03-10,1264,3,5397.2,0.05,North
81601,2023-07-18,1139,1,7101.64,0.15,West
81602,2023-03-28,1263,4,2466.04,0.05,North
81603,2023-03-03,1464,1,3618.02,0.2,South
81604,2023-05-11,1130,5,3725.25,0.1,West
81605,2023-03-07,1378,4,1354.2,0.2,East
81606,2023-10-01,1472,1,396.54,0.05,South
81607,2023-12-14,1317,1,4109.12,0.2,East
81608,2023-11-15,1283,1,5581.94,0.1,East
81609,2023-11-20,1169,1,4099.57,0.0,East
81610,2023-08-14,1330,3,5805.42,0.1,West
81611,2023-09-12,1025,5,3512.65,0.2,South
81612,2023-02-18,1338,3,7167.11,0.1,East
81613,2023-07-11,1414,4,5904.56,0.1,West
81614,2023-12-14,1217,1,6193.66,0.0,North
81615,2023-10-17,1389,5,8019.21,0.1,North
81616,2023-08-29,1311,5,2392.67,0.0,North
81617,2023-05-14,1186,4,389.5,0.15,East
81618,2023-08-19,1288,3,1373.34,0.2,North
81619,2023-04-14,1361,1,4775.82,0.15,North
81620,2023-12-10,1238,4,3843.3,0.2,West
81621,2023-01-02,1090,1,4220.62,0.1,South
81622,2023-10-09,1051,1,6836.37,0.05,North
81623,2023-08-22,1150,2,776.93,0.2,South
81624,2023-01-01,1492,1,4817.54,0.15,East
81625,2023-01-27,1443,1,10735.91,0.1,West
81626,2023-07-30,1216,5,4797.38,0.1,East
81627,2023-09-21,1028,1,6895.43,0.2,North
81628,2023-07-12,1427,1,9045.1,0.0,East
81629,2023-09-06,1260,1,3508.36,0.05,West
81630,2023-07-18,1358,2,9066.64,0.1,West
81631,2023-10-16,1318,1,6982.26,0.05,North
81632,2023-07-26,1246,2,4568.41,0.0,West
81633,2023-05-05,1005,1,6458.64,0.05,West
81634,2023-07-29,1266,2,6511.44,0.1,West
81635,2023-05-09,1177,1,1841.13,0.05,North
81636,2023-01-19,1338,4,5094.46,0.15,South
81637,2023-05-12,1256,1,9954.32,0.05,North
81638,2023-11-10,1270,1,1595.61,0.0,North
81639,2023-08-27,1138,5,1796.25,0.2,North
81640,2023-10-13,1444,1,4240.02,0.15,West
81641,2023-01-30,1388,2,4595.4,0.2,South
81642,2023-06-30,1250,1,11577.23,0.1,West
81643,2023-10-31,1377,4,10985.29,0.1,South
81644,2023-08-21,1350,2,3684.92,0.05,South
81645,2023-07-02,1362,3,3770.24,0.1,South
81646,2023-12-07,1173,4,5309.55,0.0,North
81647,2023-12-13,1377,1,4238.91,0.15,West
81648,2023-02-27,1018,5,1412.02,0.0,North
81649,2023-11-06,1062,5,8345.21,0.2,North
81650,2023-10-07,1408,1,5826.36,0.1,East
81651,2023-11-28,1422,4,7277.56,0.15,East
81652,2023-03-26,1395,2,8728.03,0.05,East
81653,2023-12-15,1322,2,3666.23,0.2,West
81654,2023-03-31,1387,2,684.96,0.15,South
81655,2023-12-09,1451,1,4661.86,0.05,West
81656,2023-06-07,1234,1,5838.96,0.2,East
81657,2023-09-16,1121,1,4449.32,0.15,North
81658,2023-04-21,1345,3,4473.64,0.15,East
81659,2023-06-16,1171,2,849.12,0.2,South
81660,2023-02-06,1180,4,6955.88,0.2,East
81661,2023-03-19,1359,1,8318.02,0.05,East
81662,2023-06-13,1101,2,2617.52,0.2,North
81663,2023-10-07,1205,2,6588.87,0.0,West
81664,2023-10-03,1140,2,7316.93,0.2,North
81665,2023-09-04,1390,5,5645.15,0.05,West
81666,2023-01-05,1345,1,4365.42,0.0,East
81667,2023-10-21,1180,2,5101.31,0.0,North
81668,2023-04-14,1292,1,6041.27,0.2,South
81669,2023-07-31,1374,4,2799.4,0.2,North
81670,2023-10-26,1178,1,10322.26,0.05,West
81671,2023-11-01,1236,1,1257.43,0.05,East
81672,2023-05-19,1011,1,7976.6,0.15,South
81673,2023-07-29,1446,3,5499.91,0.15,South
81674,2023-09-19,1018,1,646.65,0.1,East
81675,2023-06-09,1450,1,3131.27,0.2,South
81676,2023-07-27,1406,4,831.71,0.15,East
81677,2023-11-02,1233,2,826.3,0.0,East
81678,2023-05-18,1458,1,1813.85,0.1,East
81679,2023-03-16,1442,1,1048.97,0.05,East
81680,2023-09-12,1398,5,5950.25,0.05,West
81681,2023-06-18,1212,1,6630.88,0.0,East
81682,2023-06-10,1186,3,257.07,0.0,North
81683,2023-02-15,1137,2,1421.84,0.15,North
81684,2023-09-25,1096,1,3082.13,0.2,West
81685,2023-07-29,1361,2,5777.86,0.05,West
81686,2023-07-30,1136,2,6753.62,0.0,West
81687,2023-04-30,1226,3,3591.68,0.0,North
81688,2023-08-11,1027,1,979.72,0.05,South
81689,2023-08-11,1359,1,9727.87,0.0,East
81690,2023-01-06,1430,2,2754.59,0.0,South
81691,2023-08-18,1251,3,1781.66,0.1,West
81692,2023-04-30,1150,3,1208.16,0.15,North
81693,2023-05-15,1486,1,6685.62,0.05,North
81694,2023-02-17,1170,1,1293.53,0.2,West
81695,2023-07-31,1040,2,3225.78,0.0,West
81696,2023-09-04,1325,4,6929.07,0.1,East
81697,2023-04-28,1206,1,2131.41,0.2,South
81698,2023-08-22,1321,3,8934.35,0.1,West
81699,2023-05-24,1388,2,6010.5,0.05,West
81700,2023-09-08,1340,1,4434.89,0.2,East
81701,2023-12-09,1156,3,356.92,0.15,South
81702,2023-10-02,1345,1,3524.45,0.15,West
81703,2023-02-05,1106,2,8716.38,0.2,West
81704,2023-03-15,1403,5,6000.49,0.0,East
81705,2023-05-26,1403,2,3366.36,0.2,South
81706,2023-07-07,1092,2,5097.15,0.2,South
81707,2023-08-14,1245,1,2662.2,0.15,West
81708,2023-04-07,1372,3,746.9,0.15,North
81709,2023-01-22,1063,2,9589.96,0.15,West
81710,2023-01-05,1092,2,4778.93,0.0,North
81711,2023-04-19,1465,5,8418.07,0.1,North
81712,2023-08-29,1062,4,8447.6,0.15,East
81713,2023-08-25,1027,4,725.25,0.0,West
81714,2023-07-04,1281,2,682.13,0.1,East
81715,2023-10-30,1263,5,1940.33,0.0,South
81716,2023-12-12,1096,4,3001.48,0.1,East
81717,2023-06-28,1437,1,3712.58,0.15,East
81718,2023-09-02,1015,3,7274.93,0.05,North
81719,2023-07-24,1186,3,174.04,0.05,West
81720,2023-08-19,1334,4,6681.45,0.15,South
81721,2023-10-22,1314,5,1227.53,0.05,West
81722,2023-07-30,1412,1,903.7,0.0,North
81723,2023-05-07,1500,4,322.03,0.0,East
81724,2023-06-03,1195,4,5095.22,0.0,West
81725,2023-04-29,1033,1,11328.23,0.15,West
81726,2023-04-28,1334,2,4291.95,0.2,North
81727,2023-05-02,1326,1,9491.59,0.2,East
81728,2023-07-13,1048,2,3097.98,0.05,West
81729,2023-07-22,1242,1,7386.48,0.1,South
81730,2023-04-15,1352,4,8637.34,0.0,East
81731,2023-12-31,1328,2,1162.8,0.1,South
81732,2023-08-13,1207,4,2493.36,0.1,East
81733,2023-07-03,1086,1,7356.45,0.05,West
81734,2023-06-24,1454,4,6423.39,0.1,East
81735,2023-02-03,1115,1,3718.14,0.05,West
81736,2023-06-28,1078,1,8330.16,0.2,South
81737,2023-06-16,1069,5,1145.35,0.2,North
81738,2023-04-24,1279,4,8541.56,0.05,West
81739,2023-05-01,1198,3,2937.75,0.15,West
81740,2023-06-20,1221,5,5247.56,0.1,East
81741,2023-03-08,1054,2,760.07,0.1,East
81742,2023-03-24,1381,1,1121.0,0.15,East
81743,2023-11-21,1390,4,4815.92,0.1,South
81744,2023-10-07,1246,1,6325.99,0.0,West
81745,2023-07-02,1301,1,940.83,0.1,East
81746,2023-11-03,1218,2,8179.57,0.15,South
81747,2023-11-19,1283,4,5108.97,0.0,North
81748,2023-06-21,1249,1,1473.88,0.15,South
81749,2023-07-16,1184,1,1335.0,0.2,North
81750,2023-12-10,1079,1,3581.96,0.2,West
81751,2023-01-24,1024,4,4068.17,0.15,West
81752,2023-01-16,1151,2,1706.53,0.15,North
81753,2023-04-18,1494,3,8511.25,0.05,South
81754,2023-01-17,1470,5,1794.78,0.2,West
81755,2023-09-22,1193,2,192.97,0.2,South
81756,2023-05-29,1233,3,702.05,0.15,East
81757,2023-01-26,1178,1,4357.57,0.15,North
81758,2023-07-29,1348,1,8473.57,0.1,North
81759,2023-05-03,1280,4,5084.61,0.05,South
81760,2023-03-21,1275,1,10017.36,0.2,North
81761,2023-03-27,1339,2,3228.18,0.2,West
81762,2023-11-26,1142,1,4449.04,0.1,South
81763,2023-11-22,1359,1,5783.82,0.2,West
81764,2023-02-26,1113,1,1963.62,0.0,East
81765,2023-12-04,1247,2,5159.42,0.0,North
81766,2023-06-22,1495,4,4374.07,0.1,North
81767,2023-10-14,1360,1,6804.18,0.15,South
81768,2023-09-16,1218,4,6272.55,0.0,East
81769,2023-07-15,1323,1,972.53,0.05,West
81770,2023-08-08,1408,1,6449.94,0.05,West
81771,2023-01-03,1483,1,6246.94,0.2,South
81772,2023-01-10,1113,1,3222.54,0.15,North
81773,2023-05-07,1021,3,8176.66,0.0,South
81774,2023-08-30,1063,3,10246.44,0.15,South
81775,2023-04-18,1102,2,6699.61,0.1,East
81776,2023-01-31,1263,4,1811.26,0.0,North
81777,2023-11-19,1394,1,756.57,0.1,South
81778,2023-07-18,1218,2,12258.73,0.0,West
81779,2023-07-16,1283,1,7008.78,0.0,West
81780,2023-08-09,1314,5,900.58,0.05,East
81781,2023-11-10,1074,5,4075.05,0.0,North
81782,2023-04-11,1419,2,6116.8,0.05,East
81783,2023-08-17,1441,2,5004.72,0.2,East
81784,2023-09-04,1282,2,718.64,0.1,South
81785,2023-10-15,1240,3,5372.67,0.0,East
81786,2023-07-04,1310,2,1003.29,0.05,East
81787,2023-08-15,1023,2,3626.78,0.2,East
81788,2023-10-30,1476,2,4211.83,0.15,East
81789,2023-04-11,1404,1,4034.05,0.15,North
81790,2023-04-28,1285,2,10870.89,0.0,North
81791,2023-10-07,1381,1,1239.28,0.2,West
81792,2023-02-08,1316,1,2022.18,0.15,East
81793,2023-02-12,1437,3,3029.43,0.2,East
81794,2023-01-29,1142,5,3895.91,0.1,West
81795,2023-10-14,1160,5,6117.67,0.05,South
81796,2023-05-07,1042,1,101.21,0.0,North
81797,2023-11-06,1194,1,8741.37,0.15,West
81798,2023-11-27,1291,3,8831.96,0.2,East
81799,2023-04-21,1393,2,4769.75,0.05,North
81800,2023-10-30,1146,3,4234.8,0.15,North
81801,2023-09-26,1439,1,5858.24,0.05,North
81802,2023-04-21,1096,2,1710.48,0.05,North
81803,2023-08-17,1249,1,2087.02,0.05,East
81804,2023-07-15,1349,2,193.43,0.0,South
81805,2023-01-21,1438,1,9580.61,0.2,North
81806,2023-05-09,1301,1,1618.25,0.2,West
81807,2023-03-17,1139,1,5333.72,0.1,North
81808,2023-12-28,1028,1,4008.4,0.1,North
81809,2023-06-04,1429,1,6821.29,0.0,East
81810,2023-09-26,1169,1,4033.78,0.05,South
81811,2023-04-20,1254,2,219.04,0.15,South
81812,2023-03-09,1107,2,9969.84,0.1,South
81813,2023-07-11,1220,2,4864.46,0.0,East
81814,2023-02-11,1252,4,215.84,0.15,West
81815,2023-10-27,1273,2,1735.14,0.15,East
81816,2023-04-18,1181,1,3682.47,0.05,North
81817,2023-05-06,1213,1,1487.98,0.2,West
81818,2023-06-06,1246,2,7314.11,0.2,North
81819,2023-06-27,1300,5,4710.78,0.0,East
81820,2023-05-31,1265,4,1944.86,0.1,North
81821,2023-08-17,1196,1,900.77,0.05,South
81822,2023-02-23,1458,1,2559.74,0.1,South
81823,2023-11-29,1143,2,7999.65,0.0,East
81824,2023-03-03,1260,3,2019.86,0.2,North
81825,2023-08-17,1261,5,3760.06,0.05,North
81826,2023-11-10,1282,1,664.57,0.2,North
81827,2023-04-14,1497,1,1985.25,0.0,North
81828,2023-08-20,1490,2,7354.09,0.0,East
81829,2023-11-02,1006,5,1056.52,0.1,North
81830,2023-09-23,1461,1,3729.96,0.2,South
81831,2023-08-01,1283,2,3776.45,0.1,East
81832,2023-08-21,1085,5,1344.16,0.05,West
81833,2023-02-03,1493,1,8602.5,0.0,West
81834,2023-01-01,1083,2,1466.12,0.2,East
81835,2023-08-11,1057,1,2464.62,0.0,North
81836,2023-03-15,1063,4,12465.3,0.1,South
81837,2023-03-27,1275,1,7177.65,0.0,East
81838,2023-07-12,1173,2,6963.3,0.2,West
81839,2023-10-06,1324,2,3173.27,0.0,West
81840,2023-06-06,1387,1,684.22,0.0,North
81841,2023-09-20,1259,2,3514.82,0.1,West
81842,2023-04-11,1185,3,2570.93,0.2,West
81843,2023-04-02,1316,4,1617.88,0.2,South
81844,2023-12-23,1325,4,3973.66,0.0,North
81845,2023-01-15,1311,5,3741.56,0.0,East
81846,2023-11-18,1341,2,5749.2,0.2,East
81847,2023-04-16,1268,4,4213.01,0.15,South
81848,2023-09-19,1248,1,5679.85,0.0,West
81849,2023-11-17,1373,1,6095.69,0.05,West
81850,2023-11-01,1360,1,4636.81,0.15,South
81851,2023-02-25,1154,1,1325.33,0.2,East
81852,2023-10-25,1465,3,5378.65,0.2,South
81853,2023-06-30,1424,4,6714.97,0.1,North
81854,2023-09-02,1236,1,2041.3,0.15,East
81855,2023-10-13,1311,5,3661.86,0.2,North
81856,2023-08-06,1101,1,5862.36,0.0,West
81857,2023-12-21,1300,2,3283.53,0.05,South
81858,2023-09-03,1239,2,324.8,0.1,North
81859,2023-09-23,1181,1,3450.77,0.2,South
81860,2023-04-02,1325,1,4924.08,0.05,East
81861,2023-11-13,1401,2,6790.13,0.1,North
81862,2023-04-20,1096,3,2058.73,0.1,South
81863,2023-05-02,1241,1,704.34,0.0,East
81864,2023-01-06,1487,4,1420.76,0.05,South
81865,2023-01-01,1400,2,4250.73,0.05,East
81866,2023-04-07,1354,5,287.94,0.1,South
81867,2023-03-15,1223,5,1274.74,0.2,North
81868,2023-11-17,1030,5,5525.45,0.05,North
81869,2023-09-12,1133,1,1530.79,0.0,West
81870,2023-06-09,1223,4,3601.91,0.15,North
81871,2023-04-06,1349,2,302.72,0.2,South
81872,2023-02-05,1035,3,11785.6,0.15,South
81873,2023-07-29,1371,5,4190.98,0.2,North
81874,2023-10-02,1251,1,1356.98,0.0,East
81875,2023-02-20,1207,1,2339.09,0.05,East
81876,2023-09-17,1119,5,3129.35,0.0,West
81877,2023-01-16,1448,1,5070.6,0.2,South
81878,2023-07-19,1387,4,1299.69,0.15,East
81879,2023-07-30,1184,1,799.31,0.0,North
81880,2023-09-03,1304,5,251.81,0.1,North
81881,2023-09-24,1281,2,742.83,0.05,East
81882,2023-05-06,1035,5,7934.39,0.2,South
81883,2023-10-22,1125,2,8085.64,0.2,West
81884,2023-09-20,1412,5,879.09,0.1,East
81885,2023-04-14,1390,1,3033.51,0.2,East
81886,2023-06-24,1141,1,1316.53,0.1,South
81887,2023-04-01,1287,5,2055.69,0.15,North
81888,2023-04-19,1256,5,7099.06,0.1,East
81889,2023-06-20,1198,5,3935.61,0.1,West
81890,2023-10-17,1295,1,2177.43,0.2,East
81891,2023-07-31,1063,1,5881.65,0.1,West
81892,2023-01-17,1159,3,6404.67,0.05,West
81893,2023-10-07,1400,1,4267.36,0.15,West
81894,2023-02-09,1075,5,124.49,0.0,West
81895,2023-08-15,1233,3,700.2,0.05,East
81896,2023-03-30,1354,4,425.08,0.0,East
81897,2023-08-24,1490,3,4486.7,0.15,East
81898,2023-11-16,1033,5,8609.91,0.05,East
81899,2023-07-08,1116,5,4751.07,0.05,East
81900,2023-01-06,1408,1,2745.11,0.15,North
81901,2023-05-20,1200,2,5440.22,0.0,North
81902,2023-08-05,1064,4,7904.96,0.15,South
81903,2023-06-29,1097,4,10508.65,0.2,North
81904,2023-06-15,1250,3,9688.76,0.05,East
81905,2023-10-10,1046,2,735.66,0.05,North
81906,2023-06-13,1038,2,13627.71,0.2,East
81907,2023-09-25,1356,1,3721.39,0.05,South
81908,2023-01-16,1449,3,696.98,0.1,North
81909,2023-02-23,1358,2,5106.98,0.15,West
81910,2023-05-20,1473,3,2900.37,0.1,West
81911,2023-06-13,1031,2,10128.36,0.0,West
81912,2023-10-09,1105,2,8255.36,0.05,East
81913,2023-08-28,1125,2,7458.56,0.0,South
81914,2023-02-04,1366,1,3126.14,0.15,West
81915,2023-11-06,1130,2,7161.4,0.0,South
81916,2023-07-25,1212,1,6968.62,0.0,East
81917,2023-01-23,1063,3,9000.63,0.0,East
81918,2023-03-23,1266,1,9321.15,0.0,South
81919,2023-12-20,1075,5,147.9,0.2,East
81920,2023-08-20,1176,3,6227.03,0.2,North
81921,2023-08-13,1488,3,8130.29,0.2,West
81922,2023-10-29,1043,4,5783.68,0.05,East
81923,2023-05-12,1459,1,7330.29,0.05,West
81924,2023-12-30,1416,5,10270.41,0.0,North
81925,2023-05-14,1345,1,4944.77,0.2,East
81926,2023-01-18,1201,5,2776.35,0.2,West
81927,2023-12-02,1076,2,7713.1,0.2,East
81928,2023-11-27,1198,1,3351.08,0.0,South
81929,2023-09-24,1061,2,4386.26,0.2,South
81930,2023-08-01,1499,4,1439.52,0.15,North
81931,2023-11-07,1307,1,2885.22,0.0,West
81932,2023-06-17,1020,1,8721.69,0.2,West
81933,2023-10-01,1034,4,2922.58,0.1,South
81934,2023-12-01,1366,1,3428.43,0.2,East
81935,2023-07-05,1141,2,1219.91,0.1,North
81936,2023-10-17,1026,2,1372.05,0.1,North
81937,2023-01-08,1220,1,4433.1,0.0,South
81938,2023-09-15,1018,4,695.69,0.0,West
81939,2023-04-26,1285,3,7941.39,0.15,South
81940,2023-04-01,1258,4,193.44,0.05,West
81941,2023-09-01,1457,2,7043.88,0.2,North
81942,2023-08-23,1076,2,6545.28,0.0,North
81943,2023-02-01,1279,1,6037.24,0.0,West
81944,2023-12-30,1372,3,1343.75,0.2,West
81945,2023-11-10,1138,1,1258.33,0.2,East
81946,2023-02-25,1484,5,4605.01,0.1,South
81947,2023-05-23,1305,4,6647.55,0.0,North
81948,2023-07-31,1268,4,3576.63,0.1,North
81949,2023-03-12,1329,2,298.26,0.2,North
81950,2023-06-16,1442,3,1183.05,0.15,North
81951,2023-07-30,1154,4,1620.49,0.2,East
81952,2023-08-27,1296,2,960.67,0.0,East
81953,2023-01-13,1066,3,668.77,0.0,West
81954,2023-09-25,1083,2,1899.41,0.2,East
81955,2023-02-08,1189,2,2223.14,0.15,North
81956,2023-07-14,1324,2,2126.59,0.1,East
81957,2023-08-18,1312,1,5114.14,0.1,East
81958,2023-01-02,1204,4,3231.78,0.2,East
81959,2023-05-10,1304,5,298.6,0.15,East
81960,2023-11-22,1442,1,1500.44,0.15,West
81961,2023-12-11,1318,5,4139.66,0.2,West
81962,2023-09-07,1231,5,2087.09,0.05,East
81963,2023-03-03,1036,1,3085.92,0.15,South
81964,2023-09-28,1317,2,5732.49,0.05,East
81965,2023-10-04,1374,1,5014.44,0.05,West
81966,2023-10-29,1478,4,2625.16,0.05,West
81967,2023-01-13,1310,1,789.55,0.2,North
81968,2023-05-17,1071,2,7894.24,0.0,North
81969,2023-06-28,1482,1,5803.31,0.0,North
81970,2023-10-03,1110,3,4756.21,0.2,North
81971,2023-06-07,1260,5,3164.05,0.2,North
81972,2023-07-13,1074,5,8682.72,0.2,South
81973,2023-08-18,1269,5,5453.48,0.0,East
81974,2023-11-24,1165,1,6887.25,0.05,West
81975,2023-08-02,1109,3,1265.46,0.15,North
81976,2023-12-06,1438,2,10540.77,0.1,East
81977,2023-07-31,1222,2,143.71,0.2,North
81978,2023-09-28,1070,1,3069.04,0.1,North
81979,2023-11-24,1330,4,5254.46,0.0,South
81980,2023-05-20,1476,2,4286.29,0.05,North
81981,2023-11-30,1084,2,553.64,0.2,North
81982,2023-08-01,1455,1,2822.25,0.05,East
81983,2023-05-23,1432,1,9408.38,0.05,North
81984,2023-01-28,1398,1,4260.65,0.15,West
81985,2023-02-07,1229,4,977.44,0.1,North
81986,2023-01-23,1145,2,8384.48,0.15,West
81987,2023-09-19,1344,2,2268.53,0.1,South
81988,2023-04-24,1246,2,7400.26,0.0,West
81989,2023-06-26,1017,3,2805.89,0.0,South
81990,2023-07-27,1118,1,3602.83,0.1,West
81991,2023-07-07,1440,1,2251.1,0.2,West
81992,2023-07-29,1305,3,7024.53,0.15,South
81993,2023-04-04,1228,4,9723.28,0.05,North
81994,2023-02-02,1237,3,1486.15,0.1,North
81995,2023-10-29,1015,2,6527.53,0.05,West
81996,2023-09-27,1443,1,8583.65,0.0,South
81997,2023-12-25,1089,3,3083.1,0.0,East
81998,2023-09-06,1472,4,281.82,0.2,South
81999,2023-07-20,1265,1,2468.13,0.15,West
82000,2023-09-10,1387,2,836.03,0.0,East
82001,2023-04-11,1067,1,2750.93,0.2,North
82002,2023-06-18,1347,1,6196.31,0.15,West
82003,2023-05-04,1336,1,5496.19,0.05,South
82004,2023-12-29,1325,4,6898.91,0.2,South
82005,2023-08-06,1143,3,7718.97,0.15,South
82006,2023-12-02,1453,2,5708.3,0.0,South
82007,2023-01-22,1381,1,1144.96,0.1,West
82008,2023-06-08,1382,4,2267.86,0.15,South
82009,2023-11-03,1496,5,11457.53,0.0,North
82010,2023-02-21,1478,2,3436.57,0.2,South
82011,2023-02-08,1215,2,3538.16,0.15,South
82012,2023-04-06,1330,1,7686.46,0.2,West
82013,2023-12-13,1202,1,1669.62,0.0,East
82014,2023-03-28,1455,2,3491.97,0.15,West
82015,2023-03-14,1008,2,7101.01,0.1,North
82016,2023-04-15,1277,1,7551.27,0.2,East
82017,2023-12-10,1122,1,4888.69,0.15,West
82018,2023-05-11,1323,1,1604.25,0.05,North
82019,2023-04-22,1471,4,7813.33,0.0,South
82020,2023-07-18,1161,1,2321.97,0.2,South
82021,2023-02-11,1207,1,2442.18,0.2,East
82022,2023-10-01,1121,5,7839.61,0.2,East
82023,2023-01-22,1350,3,4977.56,0.1,East
82024,2023-09-29,1098,1,3177.15,0.1,West
82025,2023-01-07,1487,5,1876.5,0.15,West
82026,2023-05-21,1428,3,1912.75,0.0,South
82027,2023-04-11,1286,4,10418.51,0.15,South
82028,2023-12-21,1121,1,5991.8,0.0,South
82029,2023-05-13,1315,3,5668.63,0.2,North
82030,2023-10-06,1108,3,3832.64,0.15,East
82031,2023-12-26,1026,1,1459.86,0.2,North
82032,2023-05-06,1250,4,4361.98,0.05,South
82033,2023-11-28,1030,3,9147.69,0.2,East
82034,2023-11-13,1039,3,4002.8,0.15,West
82035,2023-04-12,1125,2,9891.59,0.2,West
82036,2023-08-23,1376,1,3979.73,0.1,South
82037,2023-11-10,1015,3,8146.61,0.0,North
82038,2023-06-19,1342,1,3275.59,0.1,East
82039,2023-12-17,1156,1,302.72,0.2,West
82040,2023-07-24,1354,5,514.35,0.15,North
82041,2023-01-12,1404,5,5168.52,0.2,South
82042,2023-12-17,1315,3,6049.62,0.05,West
82043,2023-07-14,1167,3,2535.51,0.05,North
82044,2023-04-23,1232,1,5284.62,0.0,North
82045,2023-07-23,1276,2,10353.82,0.2,South
82046,2023-04-14,1001,1,6313.37,0.1,South
82047,2023-07-04,1252,3,170.79,0.1,East
82048,2023-03-20,1384,1,6621.07,0.0,East
82049,2023-11-25,1100,4,4191.57,0.0,East
82050,2023-12-01,1134,1,5431.52,0.1,South
82051,2023-12-01,1210,1,11069.59,0.15,West
82052,2023-09-21,1467,2,3632.86,0.05,South
82053,2023-01-16,1414,1,8831.88,0.1,North
82054,2023-06-03,1444,2,4738.67,0.2,West
82055,2023-07-03,1493,4,8319.09,0.0,North
82056,2023-06-11,1190,2,3138.31,0.05,South
82057,2023-08-21,1211,1,10639.4,0.0,West
82058,2023-01-15,1350,2,5989.25,0.0,South
82059,2023-12-04,1374,2,3887.6,0.2,West
82060,2023-07-09,1296,1,974.46,0.1,West
82061,2023-07-28,1188,3,4673.19,0.1,South
82062,2023-12-06,1375,2,7721.9,0.1,West
82063,2023-08-01,1050,5,4481.59,0.15,South
82064,2023-09-20,1397,2,507.91,0.1,North
82065,2023-09-29,1107,2,9232.64,0.2,West
82066,2023-06-10,1039,1,5037.19,0.0,West
82067,2023-06-06,1029,4,5393.23,0.0,South
82068,2023-09-14,1317,5,5874.54,0.2,South
82069,2023-02-08,1481,3,737.12,0.05,East
82070,2023-05-19,1299,5,5585.44,0.05,West
82071,2023-12-07,1033,5,6744.82,0.05,South
82072,2023-10-29,1437,2,3329.75,0.2,East
82073,2023-04-19,1157,3,9060.86,0.0,South
82074,2023-05-21,1349,3,200.16,0.1,West
82075,2023-04-18,1072,1,1895.6,0.05,North
82076,2023-02-11,1161,5,4063.7,0.1,East
82077,2023-09-11,1464,1,2892.52,0.05,North
82078,2023-04-22,1496,3,9463.92,0.2,West
82079,2023-06-29,1100,1,3372.5,0.1,East
82080,2023-04-04,1045,1,4104.86,0.2,West
82081,2023-08-19,1334,1,5589.48,0.1,East
82082,2023-02-14,1249,1,1345.21,0.2,East
82083,2023-04-18,1063,1,6792.83,0.1,South
82084,2023-07-02,1447,4,3892.04,0.0,West
82085,2023-11-22,1232,2,7015.79,0.2,East
82086,2023-09-15,1151,1,1939.04,0.1,East
82087,2023-06-14,1006,3,1678.0,0.0,East
82088,2023-03-19,1050,1,6453.63,0.1,South
82089,2023-11-08,1262,1,1022.57,0.15,East
82090,2023-05-15,1483,2,3011.64,0.2,North
82091,2023-08-18,1095,1,9813.93,0.2,South
82092,2023-11-01,1093,2,335.25,0.15,East
82093,2023-06-16,1416,2,7367.18,0.15,East
82094,2023-09-13,1421,1,3031.59,0.15,South
82095,2023-02-28,1400,1,3605.64,0.2,West
82096,2023-09-29,1334,1,3193.68,0.15,West
82097,2023-06-29,1484,2,6019.14,0.2,North
82098,2023-04-11,1231,2,1592.91,0.2,North
82099,2023-07-23,1368,1,6450.58,0.1,North
82100,2023-03-01,1401,4,8314.03,0.2,South
82101,2023-08-12,1251,3,1417.43,0.1,East
82102,2023-02-02,1420,2,3309.84,0.1,North
82103,2023-08-22,1258,1,120.92,0.2,West
82104,2023-04-24,1467,2,4226.0,0.05,West
82105,2023-02-25,1168,1,840.17,0.1,East
82106,2023-12-11,1471,5,10515.04,0.2,North
82107,2023-09-22,1459,4,5702.99,0.2,North
82108,2023-07-22,1395,1,5719.02,0.0,North
82109,2023-09-10,1144,4,9788.58,0.05,North
82110,2023-06-15,1054,3,925.1,0.2,East
82111,2023-03-30,1154,5,710.06,0.15,East
82112,2023-11-08,1063,3,6853.19,0.05,North
82113,2023-08-22,1334,4,6118.99,0.0,North
82114,2023-03-12,1084,2,960.05,0.05,West
82115,2023-08-28,1033,1,8100.31,0.0,South
82116,2023-01-23,1002,4,200.68,0.1,North
82117,2023-01-08,1499,4,785.58,0.15,North
82118,2023-11-13,1153,5,4973.01,0.05,South
82119,2023-06-19,1388,3,6864.89,0.15,East
82120,2023-03-22,1391,4,6736.71,0.05,North
82121,2023-01-02,1391,2,5489.37,0.2,South
82122,2023-09-16,1051,2,5898.06,0.1,North
82123,2023-10-12,1070,1,2145.47,0.2,West
82124,2023-09-09,1118,1,3696.54,0.1,South
82125,2023-06-23,1199,2,1423.58,0.15,South
82126,2023-11-11,1083,4,2900.3,0.05,East
82127,2023-05-11,1434,2,518.2,0.1,South
82128,2023-05-16,1021,1,6661.8,0.15,East
82129,2023-06-23,1116,2,5623.98,0.05,South
82130,2023-03-01,1078,3,4388.96,0.15,South
82131,2023-05-16,1266,3,10571.82,0.2,North
82132,2023-08-24,1007,2,5603.37,0.15,North
82133,2023-03-21,1182,1,2252.7,0.15,West
82134,2023-06-29,1015,5,5175.02,0.15,East
82135,2023-11-11,1333,4,5515.0,0.2,North
82136,2023-10-24,1143,4,6443.41,0.05,North
82137,2023-03-18,1071,3,6726.42,0.0,North
82138,2023-09-17,1101,3,5162.09,0.1,East
82139,2023-09-06,1383,2,8597.05,0.05,South
82140,2023-07-10,1228,4,5629.79,0.1,West
82141,2023-01-29,1491,1,11871.76,0.15,West
82142,2023-09-25,1056,4,2338.91,0.1,East
82143,2023-03-12,1066,5,320.94,0.1,East
82144,2023-11-17,1066,1,622.09,0.0,West
82145,2023-03-24,1403,5,5794.56,0.2,East
82146,2023-07-22,1374,4,4521.76,0.1,West
82147,2023-06-25,1164,2,2651.36,0.0,North
82148,2023-12-06,1306,2,721.12,0.2,East
82149,2023-11-12,1262,1,985.31,0.15,West
82150,2023-08-19,1020,1,4764.18,0.2,South
82151,2023-06-24,1491,4,8356.32,0.1,West
82152,2023-08-18,1198,5,2120.62,0.15,South
82153,2023-09-17,1016,1,730.56,0.1,South
82154,2023-03-12,1451,4,7082.16,0.2,South
82155,2023-06-23,1090,1,3915.36,0.2,South
82156,2023-03-23,1038,2,9756.59,0.05,North
82157,2023-06-21,1158,1,5622.09,0.15,East
82158,2023-02-22,1081,1,4800.71,0.15,West
82159,2023-11-09,1246,2,9533.66,0.1,East
82160,2023-12-04,1158,5,12257.33,0.05,East
82161,2023-04-24,1436,5,7536.03,0.1,East
82162,2023-06-28,1306,3,435.5,0.05,East
82163,2023-06-21,1109,1,949.0,0.1,North
82164,2023-11-28,1133,4,2016.96,0.05,North
82165,2023-11-20,1139,1,6604.55,0.1,West
82166,2023-07-13,1308,5,1890.3,0.15,South
82167,2023-07-24,1299,3,7287.67,0.05,East
82168,2023-01-09,1081,1,5828.91,0.1,West
82169,2023-07-15,1298,1,1806.38,0.15,West
82170,2023-09-06,1426,5,7619.37,0.15,South
82171,2023-03-27,1004,4,1384.83,0.05,West
82172,2023-04-09,1498,2,2689.85,0.1,East
82173,2023-03-25,1472,1,336.49,0.2,South
82174,2023-12-14,1308,3,1445.64,0.15,South
82175,2023-08-12,1004,5,1918.98,0.2,South
82176,2023-10-22,1291,3,5299.65,0.1,North
82177,2023-10-24,1302,1,457.48,0.1,West
82178,2023-07-25,1069,1,1270.57,0.2,North
82179,2023-07-09,1074,4,4381.61,0.05,North
82180,2023-12-18,1019,1,2409.17,0.2,West
82181,2023-07-04,1470,4,2057.49,0.1,North
82182,2023-01-30,1460,2,5132.64,0.0,West
82183,2023-07-22,1477,4,4972.45,0.15,North
82184,2023-10-19,1008,1,8490.83,0.1,North
82185,2023-09-24,1196,3,860.5,0.05,South
82186,2023-04-03,1299,2,3080.28,0.1,North
82187,2023-10-29,1067,3,2768.81,0.0,East
82188,2023-03-24,1162,1,5901.83,0.0,East
82189,2023-11-30,1348,4,7913.63,0.2,East
82190,2023-01-13,1295,1,2399.98,0.2,West
82191,2023-11-21,1419,5,5801.67,0.15,North
82192,2023-03-25,1200,5,5514.02,0.15,East
82193,2023-06-21,1454,1,3780.1,0.15,South
82194,2023-08-19,1265,1,1978.28,0.05,North
82195,2023-02-12,1055,3,3201.96,0.2,South
82196,2023-10-13,1300,5,5200.88,0.0,South
82197,2023-05-08,1066,1,517.25,0.2,North
82198,2023-05-03,1450,4,2856.91,0.15,South
82199,2023-05-17,1246,3,5275.93,0.2,North
82200,2023-03-31,1164,2,1968.91,0.0,East
82201,2023-01-14,1129,4,5429.22,0.2,East
82202,2023-04-04,1242,4,6380.05,0.15,East
82203,2023-08-01,1206,3,2417.35,0.2,South
82204,2023-07-11,1287,2,1771.22,0.2,North
82205,2023-10-02,1172,1,962.0,0.05,East
82206,2023-11-07,1373,5,6543.16,0.1,West
82207,2023-08-20,1063,1,6583.16,0.0,West
82208,2023-12-29,1064,2,7528.57,0.15,West
82209,2023-05-02,1156,1,405.91,0.1,West
82210,2023-12-07,1355,1,3150.99,0.05,South
82211,2023-06-28,1212,1,7810.13,0.1,West
82212,2023-02-07,1216,1,4121.15,0.05,North
82213,2023-08-26,1374,2,4170.45,0.05,West
82214,2023-12-01,1386,1,2792.44,0.0,South
82215,2023-06-05,1074,1,5634.11,0.2,West
82216,2023-10-13,1392,1,847.99,0.1,North
82217,2023-01-02,1243,2,6007.54,0.2,East
82218,2023-02-06,1089,2,3258.91,0.1,South
82219,2023-05-19,1230,4,4292.86,0.0,West
82220,2023-01-05,1090,1,8795.58,0.15,East
82221,2023-09-13,1002,1,126.87,0.1,West
82222,2023-04-01,1341,1,9075.13,0.15,East
82223,2023-02-28,1019,1,4898.93,0.0,North
82224,2023-01-31,1118,4,3008.49,0.05,East
82225,2023-10-26,1194,1,9120.44,0.2,South
82226,2023-02-13,1364,2,2166.94,0.0,North
82227,2023-04-20,1440,4,1598.79,0.1,North
82228,2023-10-22,1317,2,2982.7,0.05,South
82229,2023-01-19,1448,5,5535.47,0.15,West
82230,2023-02-14,1293,1,3561.04,0.0,South
82231,2023-04-27,1299,3,3947.99,0.15,East
82232,2023-04-24,1480,5,8949.67,0.2,West
82233,2023-02-24,1090,2,5029.76,0.05,East
82234,2023-06-03,1292,1,5774.32,0.2,West
82235,2023-07-10,1127,1,9879.12,0.1,South
82236,2023-05-06,1179,2,3708.02,0.1,South
82237,2023-05-02,1087,4,2187.6,0.2,West
82238,2023-09-27,1131,4,5865.67,0.05,North
82239,2023-08-01,1238,1,4781.28,0.2,West
82240,2023-12-12,1412,2,756.53,0.05,North
82241,2023-08-21,1096,1,3491.67,0.1,West
82242,2023-03-19,1258,1,242.75,0.1,East
82243,2023-09-03,1439,4,8675.22,0.15,East
82244,2023-02-12,1119,1,2446.44,0.2,South
82245,2023-02-22,1295,5,3003.14,0.05,South
82246,2023-01-23,1114,1,4339.26,0.15,North
82247,2023-09-25,1329,2,756.4,0.1,South
82248,2023-07-11,1169,5,4624.2,0.1,East
82249,2023-12-13,1340,5,5132.51,0.2,West
82250,2023-06-12,1462,1,5298.15,0.2,South
82251,2023-11-27,1331,1,4109.86,0.1,South
82252,2023-12-12,1474,2,10747.79,0.15,South
82253,2023-09-26,1335,4,931.11,0.0,West
82254,2023-11-30,1417,1,3591.84,0.15,South
82255,2023-07-24,1009,2,6350.37,0.15,South
82256,2023-06-05,1278,1,2853.79,0.05,West
82257,2023-06-24,1089,4,3395.49,0.05,West
82258,2023-06-12,1107,1,5840.64,0.05,North
82259,2023-11-07,1263,2,1469.84,0.05,East
82260,2023-02-13,1407,1,1488.17,0.0,East
82261,2023-06-18,1006,5,1610.94,0.15,South
82262,2023-01-07,1094,3,5112.11,0.1,West
82263,2023-02-08,1159,1,4316.13,0.15,East
82264,2023-08-11,1495,5,11107.03,0.05,West
82265,2023-12-30,1311,1,2471.77,0.15,North
82266,2023-07-13,1095,2,7324.07,0.1,North
82267,2023-03-15,1199,2,1750.07,0.0,East
82268,2023-05-18,1422,1,4593.07,0.15,North
82269,2023-12-20,1257,1,2398.41,0.15,West
82270,2023-01-03,1151,4,1258.21,0.2,North
82271,2023-08-19,1290,3,4663.56,0.15,South
82272,2023-02-21,1315,1,7513.45,0.15,East
82273,2023-11-20,1390,2,2979.93,0.05,South
82274,2023-08-08,1030,5,6497.87,0.0,North
82275,2023-06-16,1150,5,952.88,0.05,West
82276,2023-05-24,1420,2,2086.23,0.1,East
82277,2023-11-12,1360,4,4639.63,0.1,North
82278,2023-05-16,1007,3,3330.19,0.0,East
82279,2023-09-27,1059,5,1151.23,0.2,North
82280,2023-12-02,1077,4,9565.37,0.05,South
82281,2023-01-03,1486,2,9297.89,0.0,East
82282,2023-02-05,1261,1,5829.99,0.2,South
82283,2023-05-25,1076,1,6072.4,0.05,West
82284,2023-04-14,1395,2,6445.64,0.15,East
82285,2023-08-27,1395,2,5153.47,0.05,East
82286,2023-11-26,1279,1,5994.15,0.2,North
82287,2023-12-09,1104,1,4614.94,0.2,South
82288,2023-12-13,1250,2,5887.16,0.0,East
82289,2023-03-15,1207,3,2802.9,0.2,South
82290,2023-05-27,1495,3,6003.5,0.05,North
82291,2023-05-14,1282,1,704.06,0.2,South
82292,2023-10-21,1030,3,11107.76,0.0,West
82293,2023-08-25,1139,1,5819.14,0.1,North
82294,2023-09-24,1393,2,5863.36,0.05,South
82295,2023-02-07,1416,2,7321.21,0.1,West
82296,2023-02-26,1362,1,4007.86,0.05,North
82297,2023-08-29,1498,1,7027.2,0.05,East
82298,2023-04-17,1350,5,5085.41,0.0,North
82299,2023-04-08,1145,1,6574.95,0.15,East
82300,2023-07-16,1496,1,7215.31,0.15,North
82301,2023-09-27,1126,1,1937.76,0.05,North
82302,2023-12-04,1178,2,6577.55,0.05,East
82303,2023-02-07,1095,2,9833.81,0.0,North
82304,2023-12-06,1432,5,3865.64,0.1,East
82305,2023-04-28,1270,1,3287.99,0.2,North
82306,2023-09-24,1240,3,9391.99,0.05,East
82307,2023-04-03,1298,1,1954.6,0.1,South
82308,2023-10-16,1254,2,255.86,0.05,South
82309,2023-07-27,1257,5,2798.75,0.05,East
82310,2023-09-11,1435,5,3585.19,0.0,North
82311,2023-10-04,1482,4,4372.9,0.1,North
82312,2023-04-30,1087,2,2855.99,0.1,East
82313,2023-07-28,1235,1,9220.69,0.2,South
82314,2023-11-28,1182,1,2662.38,0.15,South
82315,2023-12-19,1431,2,2065.44,0.1,South
82316,2023-04-08,1281,4,478.95,0.1,South
82317,2023-06-25,1270,2,1823.17,0.15,South
82318,2023-11-13,1200,5,6157.81,0.05,North
82319,2023-01-04,1143,1,8974.8,0.15,South
82320,2023-04-15,1234,5,5705.38,0.2,East
82321,2023-04-10,1302,2,791.29,0.0,West
82322,2023-03-22,1414,2,4684.47,0.05,East
82323,2023-04-27,1356,3,5240.84,0.1,West
82324,2023-09-29,1474,2,7092.03,0.2,South
82325,2023-04-18,1116,1,4395.32,0.05,East
82326,2023-08-09,1132,2,9883.05,0.15,West
82327,2023-10-07,1300,1,3039.15,0.0,East
82328,2023-09-26,1165,5,9701.04,0.05,South
82329,2023-03-22,1462,4,8671.5,0.2,West
82330,2023-10-21,1080,1,6300.53,0.05,West
82331,2023-03-07,1396,2,446.46,0.15,North
82332,2023-07-19,1393,2,6034.09,0.05,East
82333,2023-11-13,1126,2,2451.87,0.15,West
82334,2023-11-10,1107,1,9353.04,0.0,West
82335,2023-05-24,1367,1,8635.63,0.1,North
82336,2023-08-09,1087,2,3526.16,0.1,West
82337,2023-06-08,1033,5,9444.32,0.15,West
82338,2023-02-09,1108,1,2278.64,0.15,West
82339,2023-08-21,1106,1,8171.43,0.0,West
82340,2023-06-27,1245,2,1651.36,0.2,West
82341,2023-02-18,1233,4,510.8,0.05,South
82342,2023-05-10,1059,1,557.4,0.05,North
82343,2023-10-20,1370,3,3116.16,0.1,South
82344,2023-10-10,1428,2,1057.52,0.2,West
82345,2023-08-19,1096,4,2177.97,0.05,East
82346,2023-01-31,1388,2,4656.13,0.2,East
82347,2023-09-21,1455,4,3211.09,0.1,South
82348,2023-09-21,1141,2,2079.24,0.2,West
82349,2023-04-05,1353,1,2611.13,0.0,North
82350,2023-03-10,1288,2,1353.1,0.1,North
82351,2023-09-28,1165,1,6281.39,0.15,East
82352,2023-04-07,1387,1,1206.23,0.05,East
82353,2023-08-19,1311,4,5067.19,0.1,East
82354,2023-06-09,1443,2,6751.61,0.0,West
82355,2023-01-05,1089,2,2573.63,0.2,West
82356,2023-01-05,1293,2,1870.22,0.2,East
82357,2023-08-13,1348,3,5487.97,0.15,West
82358,2023-05-01,1047,4,1734.59,0.15,South
82359,2023-07-02,1310,1,868.91,0.0,North
82360,2023-08-02,1316,4,1229.29,0.05,North
82361,2023-09-17,1068,2,8253.43,0.15,South
82362,2023-09-07,1007,5,4539.43,0.05,West
82363,2023-11-28,1103,1,506.18,0.15,North
82364,2023-01-29,1366,4,2163.37,0.15,West
82365,2023-05-19,1292,4,4337.87,0.05,South
82366,2023-05-08,1230,2,4901.79,0.05,East
82367,2023-06-01,1373,1,8442.72,0.0,East
82368,2023-02-20,1181,5,3964.4,0.1,West
82369,2023-06-21,1017,4,3899.23,0.05,West
82370,2023-02-11,1028,1,5424.41,0.15,North
82371,2023-08-11,1259,2,2650.3,0.05,East
82372,2023-04-21,1457,1,5655.05,0.1,North
82373,2023-05-22,1233,1,540.62,0.2,South
82374,2023-06-23,1460,4,3712.62,0.1,South
82375,2023-02-07,1041,1,9685.74,0.15,East
82376,2023-01-26,1155,2,2865.93,0.2,East
82377,2023-11-24,1482,5,5641.69,0.15,East
82378,2023-04-10,1252,2,304.66,0.15,North
82379,2023-09-02,1023,2,3513.99,0.2,East
82380,2023-03-16,1395,1,8211.06,0.15,North
82381,2023-02-02,1174,3,213.22,0.15,North
82382,2023-07-15,1108,5,3423.79,0.15,West
82383,2023-07-04,1351,2,6325.33,0.05,East
82384,2023-08-30,1216,5,9533.83,0.05,North
82385,2023-06-14,1094,1,3696.04,0.2,West
82386,2023-08-05,1409,1,10891.09,0.0,West
82387,2023-10-08,1213,2,1719.7,0.1,East
82388,2023-04-02,1362,2,5118.15,0.0,North
82389,2023-02-26,1209,2,3831.09,0.1,West
82390,2023-01-09,1256,4,8382.13,0.1,South
82391,2023-03-30,1130,3,3953.07,0.15,East
82392,2023-05-27,1237,4,1380.08,0.15,East
82393,2023-01-12,1405,5,6281.95,0.15,North
82394,2023-07-19,1039,2,3555.68,0.0,North
82395,2023-05-14,1253,1,1851.1,0.0,West
82396,2023-02-18,1262,1,731.78,0.1,East
82397,2023-08-10,1408,1,6027.15,0.1,North
82398,2023-05-17,1456,1,7452.73,0.0,North
82399,2023-03-06,1284,4,5014.17,0.0,East
82400,2023-02-07,1304,2,333.45,0.2,East
82401,2023-08-08,1323,5,1590.15,0.15,North
82402,2023-02-15,1034,1,2954.07,0.05,South
82403,2023-05-12,1310,1,458.66,0.15,East
82404,2023-06-13,1356,3,3301.22,0.1,South
82405,2023-10-04,1241,5,707.85,0.2,North
82406,2023-02-21,1202,1,2079.35,0.2,East
82407,2023-03-06,1495,5,6326.78,0.1,East
82408,2023-01-31,1452,2,2535.84,0.2,West
82409,2023-02-23,1003,2,11527.44,0.1,North
82410,2023-07-28,1175,1,2948.7,0.0,North
82411,2023-12-02,1255,2,3921.29,0.0,South
82412,2023-05-29,1342,2,5808.74,0.2,North
82413,2023-05-27,1174,5,127.61,0.15,West
82414,2023-09-28,1378,2,1207.33,0.15,South
82415,2023-10-25,1444,5,4370.15,0.05,East
82416,2023-01-26,1241,4,675.17,0.15,East
82417,2023-05-10,1294,2,4116.77,0.15,East
82418,2023-01-12,1183,4,1156.54,0.2,South
82419,2023-11-12,1288,3,1206.24,0.1,South
82420,2023-09-29,1121,3,6043.22,0.0,North
82421,2023-03-04,1098,4,3144.21,0.0,South
82422,2023-01-08,1400,5,3281.34,0.2,North
82423,2023-05-20,1198,1,3419.56,0.15,North
82424,2023-12-16,1108,1,2620.56,0.0,South
82425,2023-04-12,1473,1,2213.12,0.0,South
82426,2023-08-11,1158,5,5925.69,0.05,North
82427,2023-01-12,1016,1,922.87,0.1,North
82428,2023-06-19,1194,4,9070.69,0.2,North
82429,2023-04-25,1333,1,5260.06,0.1,West
82430,2023-09-30,1370,1,2427.33,0.05,North
82431,2023-11-18,1212,5,7143.32,0.0,North
82432,2023-08-25,1345,1,5277.54,0.1,South
82433,2023-11-19,1149,4,4028.79,0.2,West
82434,2023-08-03,1173,1,5373.1,0.2,West
82435,2023-10-14,1485,1,689.38,0.0,East
82436,2023-12-23,1253,1,1786.15,0.2,West
82437,2023-10-21,1048,5,3474.76,0.0,East
82438,2023-07-07,1052,1,8101.98,0.05,South
82439,2023-03-30,1242,1,6224.6,0.0,West
82440,2023-03-07,1159,2,7392.24,0.0,East
82441,2023-08-13,1351,3,7509.13,0.15,South
82442,2023-03-29,1003,3,10782.63,0.15,West
82443,2023-01-27,1245,2,2932.04,0.1,West
82444,2023-07-23,1480,1,3816.53,0.0,North
82445,2023-09-05,1276,4,9753.01,0.1,North
82446,2023-02-20,1321,2,8025.42,0.0,West
82447,2023-04-27,1151,2,1130.18,0.1,North
82448,2023-04-01,1098,4,4334.54,0.15,South
82449,2023-04-28,1482,5,5104.54,0.1,North
82450,2023-12-25,1447,1,3885.5,0.15,North
82451,2023-11-12,1387,1,759.92,0.2,East
82452,2023-04-16,1399,2,5745.88,0.05,East
82453,2023-03-26,1200,2,8670.42,0.05,North
82454,2023-03-25,1230,1,3275.88,0.05,North
82455,2023-11-14,1022,1,4093.03,0.2,South
82456,2023-11-08,1263,5,1802.08,0.1,East
82457,2023-12-07,1032,1,4898.71,0.1,East
82458,2023-05-21,1359,1,3698.43,0.2,West
82459,2023-10-10,1129,1,7761.8,0.05,West
82460,2023-09-15,1146,1,3751.93,0.1,West
82461,2023-09-22,1240,1,4363.57,0.1,South
82462,2023-09-16,1356,4,1986.6,0.0,South
82463,2023-08-08,1204,1,3937.54,0.05,South
82464,2023-11-05,1379,3,808.29,0.1,South
82465,2023-08-09,1484,3,6364.2,0.0,West
82466,2023-09-13,1323,1,862.21,0.15,East
82467,2023-03-20,1468,5,6979.94,0.05,North
82468,2023-10-25,1356,5,5800.67,0.15,North
82469,2023-07-07,1335,3,1775.35,0.05,South
82470,2023-04-26,1147,2,8533.84,0.2,South
82471,2023-07-01,1255,1,4862.88,0.2,West
82472,2023-01-22,1349,1,131.85,0.2,East
82473,2023-11-03,1215,5,4353.42,0.0,North
82474,2023-08-05,1156,2,430.67,0.0,East
82475,2023-04-11,1153,1,7695.38,0.1,East
82476,2023-10-11,1326,1,11700.68,0.05,East
82477,2023-03-05,1280,5,6017.43,0.1,South
82478,2023-05-26,1407,1,1247.34,0.1,West
82479,2023-10-22,1158,2,6301.3,0.05,South
82480,2023-01-22,1231,2,1687.14,0.15,South
82481,2023-10-22,1151,2,1161.68,0.0,South
82482,2023-09-03,1300,3,6720.0,0.2,West
82483,2023-12-20,1074,1,6679.22,0.2,North
82484,2023-01-17,1057,1,3382.3,0.05,South
82485,2023-12-15,1174,3,199.79,0.0,South
82486,2023-09-09,1422,4,7902.84,0.0,East
82487,2023-09-28,1217,4,6369.29,0.05,South
82488,2023-04-15,1388,5,4196.8,0.05,North
82489,2023-02-05,1457,1,6174.67,0.1,North
82490,2023-09-20,1226,3,2592.3,0.1,North
82491,2023-12-02,1281,5,416.71,0.0,South
82492,2023-12-06,1208,2,7695.69,0.15,West
82493,2023-10-01,1209,2,6177.94,0.15,East
82494,2023-08-30,1243,2,5673.36,0.15,East
82495,2023-06-13,1256,3,8337.27,0.05,South
82496,2023-01-06,1158,2,8164.59,0.05,East
82497,2023-04-27,1391,1,8130.63,0.0,South
82498,2023-12-28,1242,2,6361.54,0.15,North
82499,2023-11-09,1027,2,840.25,0.15,East
82500,2023-08-03,1284,5,5530.29,0.15,West
82501,2023-08-10,1273,1,1567.18,0.15,South
82502,2023-03-29,1139,2,8376.39,0.05,South
82503,2023-05-09,1240,5,6538.24,0.0,North
82504,2023-01-10,1474,3,5282.6,0.2,South
82505,2023-07-29,1319,1,8522.24,0.0,South
82506,2023-08-03,1359,1,8830.89,0.15,East
82507,2023-02-23,1258,4,248.04,0.0,West
82508,2023-12-12,1367,3,9670.28,0.1,South
82509,2023-10-24,1248,2,7736.46,0.0,North
82510,2023-06-15,1189,1,1892.31,0.1,West
82511,2023-07-15,1216,1,8322.73,0.1,South
82512,2023-06-30,1164,2,2505.25,0.1,West
82513,2023-09-05,1094,3,4733.65,0.1,East
82514,2023-03-25,1458,4,1415.63,0.05,South
82515,2023-02-09,1198,2,4633.17,0.2,West
82516,2023-07-11,1274,3,127.94,0.05,South
82517,2023-06-16,1275,1,8477.6,0.05,North
82518,2023-03-15,1343,1,139.76,0.05,West
82519,2023-02-01,1254,2,225.33,0.1,West
82520,2023-10-13,1192,1,4370.33,0.05,West
82521,2023-12-23,1179,3,7398.72,0.15,East
82522,2023-05-22,1079,1,4380.98,0.1,North
82523,2023-02-14,1377,1,5574.34,0.1,South
82524,2023-09-28,1129,1,10363.33,0.05,South
82525,2023-03-04,1306,4,667.19,0.1,West
82526,2023-10-05,1211,4,12069.79,0.15,West
82527,2023-03-23,1261,2,3447.78,0.0,East
82528,2023-08-17,1018,5,909.58,0.0,East
82529,2023-07-30,1209,1,6613.8,0.0,South
82530,2023-11-15,1066,1,514.73,0.05,South
82531,2023-09-24,1331,2,5111.44,0.2,North
82532,2023-01-23,1117,4,7709.65,0.1,West
82533,2023-09-14,1142,2,5010.3,0.05,South
82534,2023-10-27,1453,1,3666.07,0.05,East
82535,2023-04-02,1490,1,4083.17,0.05,North
82536,2023-10-20,1146,1,2175.34,0.2,South
82537,2023-06-23,1237,4,1089.67,0.2,North
82538,2023-09-20,1234,1,5283.03,0.0,West
82539,2023-09-29,1052,1,7284.26,0.1,North
82540,2023-12-30,1171,5,831.24,0.15,South
82541,2023-01-27,1380,2,4049.82,0.15,South
82542,2023-01-12,1067,4,1563.18,0.15,East
82543,2023-03-23,1287,1,1514.18,0.1,East
82544,2023-12-10,1059,2,1011.94,0.1,North
82545,2023-09-04,1299,3,4485.67,0.15,East
82546,2023-08-27,1003,2,6931.81,0.2,South
82547,2023-05-05,1442,4,2525.45,0.2,East
82548,2023-01-14,1053,3,11012.84,0.1,West
82549,2023-01-11,1144,3,10721.01,0.15,West
82550,2023-02-20,1193,3,185.55,0.15,West
82551,2023-10-11,1235,3,12073.17,0.0,West
82552,2023-05-13,1474,1,8954.19,0.1,West
82553,2023-09-30,1369,4,636.87,0.05,West
82554,2023-10-09,1090,1,7605.29,0.0,East
82555,2023-10-31,1199,5,1030.5,0.0,South
82556,2023-07-12,1227,4,1386.58,0.1,North
82557,2023-10-01,1188,1,7012.69,0.0,South
82558,2023-12-23,1279,2,6936.11,0.05,North
82559,2023-10-02,1152,2,4479.23,0.05,West
82560,2023-05-20,1008,2,10404.25,0.2,North
82561,2023-05-30,1173,4,6459.95,0.15,West
82562,2023-10-02,1480,1,6618.96,0.2,South
82563,2023-06-24,1347,3,5523.32,0.15,West
82564,2023-07-15,1327,4,4290.31,0.2,South
82565,2023-10-14,1009,2,5042.75,0.1,North
82566,2023-05-09,1011,2,9522.73,0.1,North
82567,2023-11-26,1461,4,3443.14,0.0,South
82568,2023-01-30,1040,5,2448.38,0.1,North
82569,2023-08-26,1141,5,1619.66,0.15,East
82570,2023-07-16,1480,1,7281.8,0.05,East
82571,2023-07-26,1425,3,2797.04,0.2,East
82572,2023-07-22,1057,1,4459.26,0.05,East
82573,2023-12-18,1305,5,11368.52,0.05,North
82574,2023-02-10,1276,3,4795.3,0.05,South
82575,2023-04-30,1363,2,320.04,0.05,North
82576,2023-09-10,1357,1,8646.8,0.05,South
82577,2023-11-18,1224,4,4557.1,0.1,West
82578,2023-08-27,1232,1,6216.03,0.15,West
82579,2023-09-03,1264,1,4971.84,0.1,East
82580,2023-07-23,1341,3,7392.61,0.05,West
82581,2023-07-14,1357,1,6813.63,0.0,East
82582,2023-04-02,1450,2,2283.92,0.05,North
82583,2023-10-07,1417,2,5584.65,0.05,North
82584,2023-01-02,1123,1,4535.72,0.2,West
82585,2023-07-01,1445,1,5310.23,0.05,West
82586,2023-12-25,1424,5,5004.94,0.15,South
82587,2023-02-26,1461,2,2943.17,0.1,East
82588,2023-04-11,1243,5,10947.69,0.0,East
82589,2023-08-28,1022,2,4315.43,0.2,North
82590,2023-06-24,1103,2,331.2,0.15,North
82591,2023-07-22,1071,1,5317.17,0.1,West
82592,2023-04-05,1387,1,578.16,0.0,West
82593,2023-10-18,1229,3,718.75,0.2,West
82594,2023-11-16,1481,5,1476.56,0.2,West
82595,2023-05-28,1282,1,704.14,0.15,North
82596,2023-03-16,1184,3,1001.32,0.15,South
82597,2023-06-29,1439,5,5953.92,0.2,East
82598,2023-04-13,1098,2,5373.03,0.0,North
82599,2023-08-07,1188,3,4683.05,0.0,West
82600,2023-01-20,1031,2,9995.27,0.1,North
82601,2023-04-08,1094,1,4285.14,0.1,West
82602,2023-09-14,1138,2,1373.11,0.05,West
82603,2023-01-12,1305,5,10808.38,0.1,South
82604,2023-08-09,1179,1,7173.79,0.1,East
82605,2023-03-10,1224,5,4263.28,0.05,North
82606,2023-04-19,1495,5,7369.08,0.1,West
82607,2023-09-08,1154,1,818.94,0.15,West
82608,2023-01-21,1278,2,4757.73,0.15,East
82609,2023-12-11,1473,4,2451.27,0.0,North
82610,2023-07-24,1206,1,2178.7,0.15,East
82611,2023-08-12,1163,2,1595.78,0.15,South
82612,2023-01-01,1248,1,3403.91,0.1,West
82613,2023-01-30,1019,1,3802.45,0.05,South
82614,2023-01-12,1264,4,3061.07,0.0,North
82615,2023-08-16,1415,2,2088.38,0.15,West
82616,2023-02-12,1116,3,5143.31,0.15,South
82617,2023-05-19,1094,2,4156.06,0.05,North
82618,2023-05-17,1061,4,4852.46,0.0,South
82619,2023-03-15,1410,2,4569.52,0.1,North
82620,2023-01-07,1192,3,6958.09,0.0,South
82621,2023-12-12,1210,2,5782.46,0.15,East
82622,2023-10-25,1489,1,6796.9,0.2,East
82623,2023-12-27,1329,3,574.0,0.1,South
82624,2023-04-02,1148,2,3316.45,0.15,South
82625,2023-02-15,1254,1,208.52,0.05,East
82626,2023-09-06,1159,5,9821.76,0.1,North
82627,2023-03-12,1083,5,2100.61,0.2,South
82628,2023-05-17,1216,1,10900.57,0.05,South
82629,2023-07-16,1129,1,3825.97,0.0,East
82630,2023-01-18,1446,2,4575.73,0.05,South
82631,2023-02-23,1317,3,2568.58,0.05,East
82632,2023-01-18,1065,5,1059.72,0.0,South
82633,2023-03-29,1227,1,997.49,0.05,North
82634,2023-10-22,1242,1,6847.66,0.0,East
82635,2023-11-16,1302,2,486.99,0.0,North
82636,2023-05-11,1136,3,8515.02,0.0,West
82637,2023-08-15,1396,3,647.48,0.05,South
82638,2023-11-03,1484,4,8543.78,0.1,South
82639,2023-04-26,1122,1,4849.29,0.1,South
82640,2023-05-16,1341,2,7350.52,0.2,North
82641,2023-12-26,1434,1,752.87,0.05,East
82642,2023-12-25,1206,3,1066.58,0.2,West
82643,2023-09-11,1307,2,4549.43,0.0,East
82644,2023-12-08,1494,1,7886.51,0.1,North
82645,2023-02-02,1194,1,10513.88,0.1,North
82646,2023-04-04,1441,1,8987.74,0.0,West
82647,2023-10-16,1152,1,5522.86,0.0,East
82648,2023-01-08,1135,5,1024.76,0.15,West
82649,2023-10-29,1133,2,2012.24,0.15,East
82650,2023-02-15,1020,4,5645.66,0.0,West
82651,2023-05-11,1200,4,5030.13,0.15,West
82652,2023-08-01,1366,3,1995.83,0.2,North
82653,2023-11-04,1073,3,6992.87,0.05,South
82654,2023-12-14,1033,2,9787.46,0.15,West
82655,2023-08-19,1146,1,2453.66,0.05,East
82656,2023-06-06,1159,1,5455.12,0.0,East
82657,2023-12-31,1446,3,6302.1,0.0,South
82658,2023-05-12,1159,1,7979.87,0.2,North
82659,2023-12-11,1020,4,5783.32,0.0,West
82660,2023-09-04,1403,1,4131.38,0.0,West
82661,2023-11-20,1424,5,9076.55,0.15,North
82662,2023-12-17,1184,5,830.4,0.15,North
82663,2023-08-09,1363,1,739.62,0.15,East
82664,2023-07-20,1470,1,1804.4,0.05,South
82665,2023-03-17,1306,1,667.05,0.1,South
82666,2023-10-20,1218,2,9832.34,0.1,West
82667,2023-03-06,1023,4,6703.22,0.05,South
82668,2023-08-29,1397,3,527.39,0.05,West
82669,2023-02-24,1356,5,2669.45,0.05,North
82670,2023-03-21,1302,1,553.95,0.2,East
82671,2023-08-21,1306,5,679.86,0.2,West
82672,2023-02-28,1078,1,5782.08,0.0,East
82673,2023-01-19,1021,1,7389.93,0.2,South
82674,2023-10-28,1443,1,4330.84,0.0,East
82675,2023-08-02,1482,2,8295.07,0.05,South
82676,2023-09-05,1339,1,2102.56,0.0,East
82677,2023-01-26,1308,5,1402.21,0.05,East
82678,2023-03-28,1362,1,3233.64,0.1,West
82679,2023-08-23,1400,1,3131.75,0.2,East
82680,2023-10-02,1354,1,483.39,0.2,West
82681,2023-05-03,1050,3,6366.41,0.05,West
82682,2023-12-30,1439,1,4527.48,0.05,South
82683,2023-07-06,1302,4,589.98,0.1,North
82684,2023-05-02,1330,3,6296.18,0.1,South
82685,2023-03-16,1089,3,2842.51,0.15,East
82686,2023-03-09,1164,2,1483.54,0.05,East
82687,2023-02-22,1400,2,2922.64,0.0,South
82688,2023-10-23,1241,4,904.66,0.15,East
82689,2023-06-08,1359,1,8908.16,0.05,East
82690,2023-07-22,1308,1,1574.29,0.1,West
82691,2023-12-16,1477,2,3150.35,0.2,South
82692,2023-07-12,1063,2,7336.3,0.2,South
82693,2023-07-18,1188,3,5738.94,0.1,East
82694,2023-07-04,1310,2,618.57,0.05,South
82695,2023-07-10,1299,4,7235.37,0.15,North
82696,2023-09-28,1373,1,8215.39,0.2,North
82697,2023-01-08,1291,4,5717.84,0.2,South
82698,2023-04-23,1118,1,1527.4,0.2,North
82699,2023-04-06,1077,4,6102.67,0.2,South
82700,2023-01-15,1307,1,4577.94,0.15,East
82701,2023-01-17,1409,1,5077.97,0.2,East
82702,2023-05-24,1447,1,4025.88,0.05,East
82703,2023-08-11,1299,1,6114.78,0.15,South
82704,2023-09-04,1441,1,5584.15,0.05,East
82705,2023-05-12,1278,1,2558.05,0.15,West
82706,2023-12-12,1395,1,6515.91,0.0,West
82707,2023-03-29,1367,1,11359.35,0.0,East
82708,2023-11-06,1130,5,7236.31,0.05,West
82709,2023-06-05,1010,1,7192.6,0.15,North
82710,2023-08-18,1032,4,5710.94,0.0,West
82711,2023-10-28,1318,4,5219.03,0.05,West
82712,2023-11-09,1183,1,801.59,0.1,North
82713,2023-04-26,1463,1,7048.8,0.15,East
82714,2023-03-18,1405,4,5123.99,0.0,East
82715,2023-12-30,1004,5,1037.28,0.05,West
82716,2023-12-15,1268,1,4136.25,0.2,East
82717,2023-02-08,1088,1,7424.09,0.15,West
82718,2023-04-30,1432,5,8629.14,0.2,East
82719,2023-06-27,1386,1,1796.58,0.0,West
82720,2023-05-19,1309,2,2256.04,0.1,East
82721,2023-09-28,1457,3,7079.33,0.15,North
82722,2023-02-18,1186,2,287.61,0.15,North
82723,2023-04-05,1071,1,7418.83,0.2,South
82724,2023-10-27,1449,2,531.73,0.15,South
82725,2023-12-22,1360,5,5977.92,0.05,North
82726,2023-12-04,1263,1,1578.59,0.1,West
82727,2023-12-21,1322,1,4659.85,0.0,South
82728,2023-06-27,1081,1,5795.32,0.05,West
82729,2023-12-28,1386,1,3627.44,0.2,East
82730,2023-10-24,1249,2,1892.42,0.1,West
82731,2023-06-24,1205,3,7524.28,0.1,East
82732,2023-03-18,1055,2,5897.92,0.1,West
82733,2023-06-12,1219,4,6411.75,0.2,East
82734,2023-09-19,1215,2,1555.97,0.0,East
82735,2023-07-04,1468,1,6212.37,0.0,South
82736,2023-09-15,1098,3,4946.96,0.15,North
82737,2023-07-17,1429,3,8757.42,0.1,North
82738,2023-07-09,1425,3,2000.57,0.15,South
82739,2023-12-13,1028,2,4194.44,0.1,East
82740,2023-04-15,1115,5,2715.81,0.2,East
82741,2023-02-23,1225,1,931.18,0.2,South
82742,2023-07-16,1362,2,4591.01,0.05,East
82743,2023-07-07,1015,2,9114.96,0.0,South
82744,2023-05-20,1446,1,5634.49,0.05,East
82745,2023-02-03,1222,1,270.98,0.05,West
82746,2023-12-29,1033,2,5115.86,0.2,North
82747,2023-04-26,1058,5,3127.62,0.2,East
82748,2023-02-04,1411,2,806.14,0.1,West
82749,2023-11-05,1385,1,1071.96,0.0,East
82750,2023-02-28,1170,1,926.26,0.1,West
82751,2023-02-12,1434,5,730.49,0.05,South
82752,2023-07-31,1061,1,6279.18,0.15,West
82753,2023-01-18,1484,3,11505.34,0.05,West
82754,2023-11-15,1443,3,7796.9,0.05,South
82755,2023-10-13,1282,2,626.3,0.2,South
82756,2023-08-10,1187,2,6772.08,0.15,South
82757,2023-01-02,1402,5,4487.37,0.05,South
82758,2023-07-16,1122,1,3996.84,0.05,East
82759,2023-04-13,1034,3,3708.06,0.15,North
82760,2023-11-23,1118,1,2489.77,0.1,East
82761,2023-10-02,1258,1,163.24,0.1,South
82762,2023-03-06,1355,2,2007.78,0.2,South
82763,2023-03-24,1473,1,2010.0,0.2,East
82764,2023-06-08,1450,2,1180.27,0.15,North
82765,2023-12-09,1467,5,5154.22,0.15,West
82766,2023-01-25,1303,1,809.29,0.1,South
82767,2023-09-23,1347,1,3093.06,0.2,East
82768,2023-09-01,1452,1,1711.45,0.1,North
82769,2023-02-23,1178,1,5802.55,0.1,East
82770,2023-10-20,1459,1,5739.35,0.1,South
82771,2023-03-24,1470,1,1769.7,0.2,South
82772,2023-07-18,1121,2,6835.39,0.2,East
82773,2023-01-20,1082,5,5001.69,0.15,North
82774,2023-08-25,1322,2,2433.86,0.1,West
82775,2023-01-09,1497,2,1663.86,0.2,South
82776,2023-08-17,1407,1,1537.78,0.15,South
82777,2023-12-13,1125,1,5837.1,0.2,East
82778,2023-09-18,1334,3,5865.78,0.0,East
82779,2023-04-02,1010,2,9234.59,0.1,West
82780,2023-10-28,1232,4,7111.43,0.05,North
82781,2023-08-25,1479,1,2911.29,0.2,East
82782,2023-08-21,1462,4,5035.39,0.1,South
82783,2023-04-18,1019,5,6594.45,0.0,North
82784,2023-05-26,1203,2,2729.54,0.2,South
82785,2023-10-15,1355,1,1507.86,0.2,East
82786,2023-07-21,1413,3,1370.33,0.0,East
82787,2023-03-08,1452,2,2152.15,0.0,West
82788,2023-12-25,1115,5,4372.69,0.1,East
82789,2023-01-01,1259,1,2905.3,0.15,East
82790,2023-08-25,1447,1,5356.17,0.05,South
82791,2023-02-25,1299,5,3773.68,0.2,South
82792,2023-03-30,1186,1,376.42,0.0,East
82793,2023-04-23,1175,2,2871.88,0.05,West
82794,2023-09-04,1207,1,1576.72,0.0,North
82795,2023-02-08,1141,3,1135.45,0.2,West
82796,2023-07-22,1198,1,2437.94,0.1,East
82797,2023-11-15,1431,2,2905.76,0.05,South
82798,2023-12-31,1106,2,8802.45,0.0,West
82799,2023-10-07,1493,2,8449.26,0.1,East
82800,2023-04-30,1085,4,1157.64,0.1,South
82801,2023-11-03,1358,5,7013.53,0.1,East
82802,2023-01-22,1173,4,5175.21,0.1,North
82803,2023-08-26,1465,1,9732.71,0.0,North
82804,2023-05-05,1147,3,5601.58,0.15,East
82805,2023-10-17,1240,1,6634.92,0.05,East
82806,2023-12-09,1130,1,8205.26,0.0,East
82807,2023-02-08,1052,2,7332.14,0.15,West
82808,2023-02-16,1308,3,1905.86,0.1,South
82809,2023-06-29,1358,1,7560.07,0.0,East
82810,2023-09-04,1434,4,492.09,0.05,East
82811,2023-11-15,1304,3,481.71,0.0,East
82812,2023-08-20,1277,1,7631.11,0.2,North
82813,2023-08-18,1242,2,9103.61,0.05,North
82814,2023-05-16,1002,1,290.35,0.1,West
82815,2023-01-17,1205,2,6207.15,0.05,South
82816,2023-12-05,1278,2,3757.28,0.0,South
82817,2023-10-15,1227,1,670.46,0.1,North
82818,2023-10-14,1260,1,3780.08,0.2,South
82819,2023-02-09,1125,4,8783.54,0.05,North
82820,2023-10-20,1089,3,1918.24,0.0,North
82821,2023-09-10,1087,1,2308.98,0.05,North
82822,2023-02-01,1478,2,2910.4,0.05,East
82823,2023-12-27,1434,1,650.76,0.0,West
82824,2023-07-05,1382,5,1577.51,0.05,South
82825,2023-06-24,1288,1,1613.76,0.15,South
82826,2023-06-14,1399,2,4799.23,0.1,North
82827,2023-03-21,1400,1,4413.11,0.0,West
82828,2023-08-11,1260,5,3168.01,0.05,North
82829,2023-11-17,1289,2,7754.21,0.1,East
82830,2023-09-03,1475,2,6219.1,0.1,North
82831,2023-12-10,1069,1,1208.79,0.05,South
82832,2023-11-03,1254,1,195.47,0.15,West
82833,2023-07-09,1335,1,969.72,0.2,West
82834,2023-04-26,1200,2,9132.45,0.0,East
82835,2023-04-03,1242,2,9250.0,0.2,West
82836,2023-07-09,1377,1,5864.02,0.2,West
82837,2023-02-27,1488,2,6647.78,0.1,West
82838,2023-04-07,1123,4,4244.8,0.1,North
82839,2023-07-09,1040,2,2820.02,0.15,South
82840,2023-02-14,1292,3,4287.32,0.2,North
82841,2023-11-04,1390,1,5384.35,0.15,North
82842,2023-09-28,1213,3,1900.73,0.05,East
82843,2023-02-04,1181,2,4914.56,0.2,East
82844,2023-03-04,1259,1,4491.79,0.0,East
82845,2023-12-16,1102,2,8276.93,0.1,West
82846,2023-10-07,1195,1,6088.88,0.2,West
82847,2023-05-18,1412,4,940.59,0.15,South
82848,2023-01-24,1398,2,6101.49,0.15,East
82849,2023-12-19,1086,4,10354.36,0.05,South
82850,2023-01-29,1082,2,5760.5,0.0,South
82851,2023-03-19,1120,3,12703.89,0.2,West
82852,2023-08-17,1488,3,5798.91,0.15,West
82853,2023-02-15,1384,2,4223.36,0.15,West
82854,2023-07-29,1060,1,7239.87,0.1,South
82855,2023-03-28,1068,5,6866.06,0.2,South
82856,2023-09-14,1349,2,298.46,0.1,South
82857,2023-12-06,1140,1,4415.21,0.1,North
82858,2023-06-12,1126,2,3332.33,0.0,West
82859,2023-06-30,1180,2,8796.14,0.2,East
82860,2023-12-30,1058,1,8025.98,0.15,South
82861,2023-09-07,1376,1,6944.51,0.05,South
82862,2023-12-04,1189,1,4349.75,0.1,South
82863,2023-10-13,1155,5,3931.2,0.0,South
82864,2023-09-03,1469,3,5980.98,0.2,West
82865,2023-08-08,1132,5,6730.95,0.1,West
82866,2023-03-09,1299,2,4115.93,0.05,South
82867,2023-01-27,1001,2,4244.21,0.2,South
82868,2023-01-01,1045,2,3701.94,0.0,South
82869,2023-05-04,1125,3,10023.19,0.0,East
82870,2023-06-17,1275,1,5258.59,0.2,South
82871,2023-01-30,1355,1,1970.5,0.0,North
82872,2023-08-22,1135,2,993.3,0.1,West
82873,2023-07-27,1276,2,7936.59,0.05,West
82874,2023-03-02,1298,1,2318.68,0.0,East
82875,2023-12-20,1190,3,2429.4,0.2,West
82876,2023-06-27,1460,2,4070.43,0.2,West
82877,2023-12-15,1370,3,3878.81,0.1,North
82878,2023-10-01,1147,3,6437.14,0.2,North
82879,2023-01-07,1221,1,7005.02,0.15,East
82880,2023-07-27,1338,5,6015.98,0.15,North
82881,2023-07-30,1433,4,6746.68,0.1,West
82882,2023-03-12,1449,4,688.26,0.2,East
82883,2023-09-05,1066,4,399.38,0.05,West
82884,2023-07-11,1214,1,3833.81,0.2,West
82885,2023-10-17,1385,2,718.96,0.0,South
82886,2023-06-25,1018,2,1502.26,0.15,North
82887,2023-08-10,1343,1,128.22,0.1,South
82888,2023-02-08,1108,1,1781.19,0.15,East
82889,2023-01-01,1425,1,2160.78,0.1,North
82890,2023-12-24,1494,1,5166.03,0.05,North
82891,2023-09-08,1379,5,1108.19,0.05,South
82892,2023-07-14,1355,1,3494.98,0.1,West
82893,2023-12-19,1365,1,3653.28,0.15,North
82894,2023-01-15,1343,3,159.65,0.0,West
82895,2023-10-31,1192,5,5933.45,0.0,North
82896,2023-07-10,1292,2,3897.87,0.2,North
82897,2023-12-31,1189,5,2094.84,0.05,South
82898,2023-12-19,1192,1,4644.54,0.0,South
82899,2023-06-04,1274,2,119.76,0.05,East
82900,2023-01-18,1430,4,3161.52,0.0,East
82901,2023-12-22,1487,1,1522.71,0.15,East
82902,2023-02-27,1086,2,9418.1,0.2,North
82903,2023-07-19,1341,1,6737.97,0.05,West
82904,2023-06-17,1262,1,902.3,0.1,North
82905,2023-02-25,1382,3,1439.86,0.2,East
82906,2023-04-18,1365,2,2315.48,0.0,West
82907,2023-01-27,1346,1,8391.78,0.2,West
82908,2023-12-12,1149,1,7176.34,0.1,North
82909,2023-03-14,1484,2,6138.6,0.05,North
82910,2023-06-29,1152,5,3997.0,0.05,West
82911,2023-03-16,1355,5,1883.04,0.15,West
82912,2023-09-14,1036,1,3579.43,0.1,West
82913,2023-02-01,1008,1,4069.07,0.1,East
82914,2023-03-23,1033,2,12402.16,0.05,West
82915,2023-05-06,1478,1,2344.05,0.2,West
82916,2023-11-03,1084,1,1296.84,0.15,East
82917,2023-05-25,1186,2,296.59,0.1,South
82918,2023-05-16,1491,1,10295.97,0.1,South
82919,2023-10-05,1207,1,2944.09,0.2,East
82920,2023-07-09,1212,2,5900.1,0.1,South
82921,2023-09-16,1088,4,3472.86,0.1,North
82922,2023-03-28,1240,1,8956.77,0.1,North
82923,2023-03-25,1460,2,6046.01,0.05,South
82924,2023-10-25,1060,3,12014.85,0.1,South
82925,2023-10-31,1274,4,185.44,0.2,North
82926,2023-08-05,1281,2,652.73,0.15,East
82927,2023-02-20,1240,3,5794.09,0.2,North
82928,2023-02-23,1472,2,290.28,0.0,West
82929,2023-08-05,1102,3,6444.56,0.2,East
82930,2023-08-01,1034,2,2262.59,0.15,North
82931,2023-07-25,1025,1,2226.0,0.0,South
82932,2023-01-19,1470,1,1323.45,0.05,East
82933,2023-12-23,1405,5,6162.98,0.15,South
82934,2023-07-04,1058,5,5035.76,0.0,South
82935,2023-07-13,1377,1,5267.35,0.0,East
82936,2023-11-08,1010,1,9548.99,0.05,South
82937,2023-12-08,1134,3,9202.99,0.15,East
82938,2023-05-22,1060,1,7663.68,0.2,East
82939,2023-01-21,1451,2,5258.54,0.2,North
82940,2023-08-29,1268,1,5008.72,0.1,South
82941,2023-02-11,1499,2,768.96,0.1,East
82942,2023-06-16,1348,4,4919.0,0.05,South
82943,2023-11-18,1015,5,5056.47,0.05,West
82944,2023-07-21,1146,4,4047.7,0.15,North
82945,2023-12-29,1275,1,7957.1,0.1,West
82946,2023-06-15,1406,5,1389.32,0.2,West
82947,2023-07-08,1318,3,4576.88,0.15,West
82948,2023-01-03,1233,5,416.08,0.1,East
82949,2023-08-01,1408,3,5061.0,0.0,North
82950,2023-04-23,1452,3,1424.47,0.15,North
82951,2023-09-28,1334,1,4137.21,0.1,South
82952,2023-11-17,1383,5,7078.99,0.05,East
82953,2023-12-15,1003,1,7149.94,0.15,West
82954,2023-03-09,1047,5,2080.26,0.2,North
82955,2023-09-05,1417,5,6338.43,0.1,North
82956,2023-05-29,1123,1,3900.83,0.05,North
82957,2023-03-04,1409,1,6626.91,0.1,South
82958,2023-07-08,1024,1,5162.58,0.05,West
82959,2023-06-18,1318,2,3546.65,0.05,South
82960,2023-02-22,1092,1,9158.32,0.1,South
82961,2023-01-23,1244,2,8782.75,0.2,South
82962,2023-02-04,1376,5,6734.15,0.2,North
82963,2023-11-22,1121,2,7045.55,0.05,West
82964,2023-11-29,1272,5,9908.61,0.2,East
82965,2023-08-27,1156,2,451.88,0.1,East
82966,2023-12-03,1425,4,3205.43,0.05,North
82967,2023-11-04,1391,1,4531.52,0.0,North
82968,2023-07-27,1102,2,7015.94,0.1,North
82969,2023-11-15,1091,1,514.17,0.2,West
82970,2023-06-28,1028,2,4248.83,0.05,South
82971,2023-12-31,1232,4,6961.07,0.1,North
82972,2023-04-26,1495,2,8715.63,0.1,West
82973,2023-11-19,1157,2,5307.46,0.0,West
82974,2023-10-10,1334,1,4178.84,0.0,East
82975,2023-07-24,1295,5,2028.92,0.1,North
82976,2023-02-03,1334,1,5396.86,0.1,North
82977,2023-08-09,1416,1,7861.47,0.2,West
82978,2023-11-29,1187,1,3955.77,0.15,East
82979,2023-11-08,1324,4,2492.6,0.1,West
82980,2023-02-11,1067,1,1426.66,0.15,West
82981,2023-06-06,1348,1,7089.89,0.1,North
82982,2023-09-24,1219,5,5297.73,0.2,East
82983,2023-11-19,1342,1,7184.28,0.05,South
82984,2023-01-05,1174,1,183.38,0.1,West
82985,2023-08-04,1144,1,5286.74,0.0,West
82986,2023-08-01,1127,1,5281.81,0.05,West
82987,2023-01-12,1417,1,5532.71,0.05,South
82988,2023-09-29,1234,4,5421.63,0.2,West
82989,2023-04-05,1132,1,8019.1,0.1,East
82990,2023-03-14,1091,2,532.86,0.2,West
82991,2023-04-17,1316,2,2441.21,0.15,West
82992,2023-05-16,1074,4,9593.9,0.0,East
82993,2023-10-10,1014,4,1130.48,0.2,West
82994,2023-04-13,1328,1,1525.37,0.0,East
82995,2023-09-14,1391,3,3935.02,0.05,West
82996,2023-10-15,1143,5,10448.07,0.15,West
82997,2023-08-31,1084,2,832.93,0.2,North
82998,2023-06-04,1263,1,2363.43,0.2,South
82999,2023-05-13,1096,1,1939.25,0.1,South
83000,2023-02-07,1195,2,10858.6,0.15,North
83001,2023-01-01,1269,1,11190.25,0.1,North
83002,2023-09-19,1062,1,8472.72,0.1,South
83003,2023-05-14,1264,2,4305.29,0.05,West
83004,2023-11-04,1024,3,4551.96,0.05,West
83005,2023-04-10,1500,2,396.95,0.05,North
83006,2023-06-07,1137,1,964.73,0.1,East
83007,2023-07-01,1224,3,3081.28,0.2,South
83008,2023-03-28,1293,4,3671.57,0.0,North
83009,2023-02-25,1190,1,1287.37,0.0,South
83010,2023-05-04,1087,4,3175.78,0.1,West
83011,2023-03-08,1282,2,984.94,0.0,North
83012,2023-09-06,1460,4,8898.2,0.15,South
83013,2023-11-11,1105,2,7620.7,0.2,East
83014,2023-04-06,1287,2,2623.33,0.2,North
83015,2023-05-29,1403,3,5279.99,0.1,East
83016,2023-03-20,1439,4,6292.63,0.15,South
83017,2023-06-28,1001,1,6755.91,0.1,West
83018,2023-09-07,1018,3,1099.4,0.0,West
83019,2023-11-24,1012,3,4013.63,0.2,South
83020,2023-09-16,1299,5,5811.81,0.0,East
83021,2023-05-16,1045,1,5981.55,0.0,East
83022,2023-12-13,1432,1,8858.87,0.2,North
83023,2023-12-27,1009,1,5013.6,0.1,East
83024,2023-12-26,1291,1,4578.01,0.15,East
83025,2023-12-21,1367,1,9814.09,0.0,North
83026,2023-06-11,1453,4,7758.47,0.2,East
83027,2023-11-19,1415,1,866.8,0.05,West
83028,2023-01-30,1150,5,1366.32,0.0,West
83029,2023-02-27,1327,4,5301.89,0.1,North
83030,2023-05-27,1199,1,904.95,0.0,West
83031,2023-04-15,1102,1,4956.96,0.05,West
83032,2023-01-31,1434,1,632.54,0.15,West
83033,2023-06-15,1492,4,4327.3,0.2,East
83034,2023-10-10,1050,4,6319.71,0.15,East
83035,2023-04-15,1310,1,684.57,0.1,North
83036,2023-10-20,1044,5,5006.32,0.05,East
83037,2023-03-31,1343,5,148.18,0.05,West
83038,2023-08-05,1425,2,2201.76,0.2,North
83039,2023-03-13,1054,2,710.53,0.0,West
83040,2023-08-16,1072,1,2874.68,0.15,North
83041,2023-11-24,1200,1,5727.71,0.1,West
83042,2023-10-06,1077,1,4938.53,0.2,East
83043,2023-09-06,1081,1,6703.54,0.15,West
83044,2023-02-12,1199,2,913.47,0.15,South
83045,2023-11-06,1078,5,4688.98,0.0,East
83046,2023-07-30,1065,2,1078.18,0.1,South
83047,2023-05-10,1171,1,809.43,0.1,East
83048,2023-11-23,1329,2,454.99,0.05,South
83049,2023-11-12,1361,5,2532.37,0.05,North
83050,2023-06-15,1241,3,995.34,0.0,West
83051,2023-09-18,1113,3,1829.36,0.2,South
83052,2023-02-23,1393,2,5566.2,0.2,North
83053,2023-08-21,1175,1,2769.27,0.1,West
83054,2023-04-30,1190,1,2077.44,0.15,North
83055,2023-04-05,1343,1,160.74,0.05,West
83056,2023-08-16,1367,3,6768.39,0.05,North
83057,2023-05-07,1135,1,1921.59,0.1,West
83058,2023-06-03,1337,1,4774.96,0.0,East
83059,2023-01-02,1050,3,8939.52,0.05,West
83060,2023-08-04,1024,2,4622.53,0.2,West
83061,2023-11-24,1169,3,3326.38,0.05,North
83062,2023-02-15,1151,4,1823.47,0.15,West
83063,2023-08-05,1050,2,5669.91,0.0,North
83064,2023-12-12,1378,4,1031.78,0.0,South
83065,2023-01-18,1208,4,4994.16,0.0,South
83066,2023-08-17,1429,3,4615.98,0.2,South
83067,2023-10-20,1065,4,958.84,0.1,East
83068,2023-01-09,1312,2,11280.07,0.0,East
83069,2023-01-15,1286,1,7448.54,0.05,West
83070,2023-09-03,1353,1,2399.81,0.2,East
83071,2023-02-18,1405,3,6960.81,0.1,North
83072,2023-03-18,1029,1,6456.6,0.1,South
83073,2023-12-18,1408,1,4877.95,0.1,South
83074,2023-07-08,1228,1,8083.66,0.0,East
83075,2023-10-26,1440,1,2263.57,0.15,South
83076,2023-12-22,1088,1,6685.85,0.1,South
83077,2023-10-30,1401,5,4248.28,0.0,North
83078,2023-03-16,1218,5,9686.53,0.0,East
83079,2023-01-06,1028,5,4003.96,0.2,North
83080,2023-05-14,1267,1,1001.64,0.05,North
83081,2023-03-27,1055,3,4513.81,0.2,North
83082,2023-03-16,1188,2,5994.79,0.2,West
83083,2023-02-17,1057,3,3873.27,0.2,South
83084,2023-09-25,1078,5,4326.71,0.2,West
83085,2023-03-25,1431,4,3986.81,0.0,East
83086,2023-02-27,1084,1,1088.98,0.15,West
83087,2023-05-09,1211,1,5346.04,0.2,West
83088,2023-03-06,1445,2,6469.06,0.1,East
83089,2023-08-10,1429,1,6518.81,0.15,South
83090,2023-08-08,1041,1,4063.61,0.2,West
83091,2023-01-01,1142,5,5516.04,0.2,South
83092,2023-04-06,1161,5,3149.11,0.1,North
83093,2023-01-05,1168,1,1109.41,0.2,West
83094,2023-05-13,1324,4,2065.51,0.1,West
83095,2023-02-13,1242,2,7849.6,0.05,South
83096,2023-10-23,1201,4,2381.73,0.1,North
83097,2023-07-08,1075,1,142.34,0.1,East
83098,2023-04-17,1153,1,9434.02,0.05,East
83099,2023-09-28,1002,4,143.44,0.15,East
83100,2023-09-21,1157,1,6123.86,0.1,North
83101,2023-09-23,1459,1,3785.76,0.1,East
83102,2023-05-06,1019,2,4386.55,0.05,North
83103,2023-12-06,1236,1,1713.28,0.05,South
83104,2023-10-28,1489,1,6200.54,0.1,West
83105,2023-04-03,1447,2,5027.32,0.1,West
83106,2023-02-10,1444,2,4139.61,0.05,North
83107,2023-09-14,1184,1,1436.16,0.1,East
83108,2023-07-11,1083,5,1268.38,0.0,East
83109,2023-11-24,1275,3,7002.47,0.0,North
83110,2023-07-12,1049,3,7886.63,0.15,South
83111,2023-07-13,1149,2,8695.12,0.2,East
83112,2023-03-31,1068,1,5384.77,0.05,East
83113,2023-04-03,1025,1,5236.69,0.15,South
83114,2023-03-29,1123,4,3745.07,0.1,North
83115,2023-07-19,1024,4,3716.57,0.2,North
83116,2023-02-23,1032,3,3426.22,0.2,West
83117,2023-07-06,1325,2,5187.76,0.1,East
83118,2023-04-27,1077,1,5389.15,0.0,East
83119,2023-05-22,1035,2,6774.98,0.15,North
83120,2023-12-06,1260,4,1675.96,0.1,East
83121,2023-02-03,1285,1,8351.7,0.15,South
83122,2023-12-10,1221,3,3611.15,0.15,North
83123,2023-12-30,1099,5,844.89,0.05,North
83124,2023-05-24,1397,3,378.62,0.05,West
83125,2023-05-09,1463,4,9064.71,0.1,North
83126,2023-09-17,1145,2,3854.67,0.2,East
83127,2023-10-09,1020,3,3537.99,0.1,North
83128,2023-10-22,1061,4,5983.13,0.2,East
83129,2023-12-10,1272,2,10447.4,0.2,East
83130,2023-12-27,1314,1,1543.31,0.2,North
83131,2023-01-28,1023,4,7686.29,0.15,South
83132,2023-09-24,1412,2,867.01,0.1,North
83133,2023-03-14,1230,1,3999.54,0.15,East
83134,2023-08-04,1358,2,7231.0,0.0,South
83135,2023-08-06,1197,1,2672.05,0.05,West
83136,2023-01-01,1254,4,161.54,0.05,North
83137,2023-05-17,1106,3,6090.55,0.05,East
83138,2023-02-06,1218,3,12699.14,0.05,East
83139,2023-05-13,1310,1,592.61,0.2,West
83140,2023-06-02,1011,3,7404.73,0.1,North
83141,2023-06-10,1018,3,1489.85,0.05,West
83142,2023-12-24,1129,1,7982.33,0.15,West
83143,2023-02-13,1155,1,2744.65,0.2,West
83144,2023-04-24,1092,3,9264.4,0.2,East
83145,2023-01-24,1106,2,4145.01,0.1,East
83146,2023-03-02,1074,3,9682.81,0.05,South
83147,2023-01-12,1445,1,5513.56,0.0,North
83148,2023-06-25,1436,1,10119.9,0.1,South
83149,2023-12-12,1125,4,8634.89,0.0,East
83150,2023-06-09,1292,3,3976.83,0.0,South
83151,2023-04-18,1420,2,2888.0,0.15,West
83152,2023-07-25,1420,4,2410.12,0.05,North
83153,2023-07-08,1469,2,10805.15,0.05,North
83154,2023-12-02,1380,3,4765.3,0.0,West
83155,2023-11-30,1347,5,5626.92,0.2,North
83156,2023-06-04,1219,2,9944.1,0.0,North
83157,2023-06-25,1228,1,4982.67,0.1,West
83158,2023-05-10,1104,5,4512.9,0.2,West
83159,2023-06-10,1343,1,104.4,0.15,South
83160,2023-09-09,1135,5,1224.55,0.1,South
83161,2023-12-01,1426,1,5258.79,0.05,North
83162,2023-03-18,1421,3,4930.41,0.2,South
83163,2023-07-22,1407,5,872.12,0.0,North
83164,2023-06-12,1469,4,13377.5,0.05,South
83165,2023-07-28,1308,5,2013.86,0.05,East
83166,2023-01-08,1193,2,280.47,0.05,East
83167,2023-02-27,1343,3,94.19,0.05,North
83168,2023-02-21,1146,4,2384.64,0.0,South
83169,2023-12-18,1312,1,11416.03,0.0,North
83170,2023-02-14,1379,1,840.11,0.1,North
83171,2023-08-05,1484,3,9156.57,0.1,East
83172,2023-06-14,1314,1,1350.91,0.05,North
83173,2023-10-06,1442,1,1099.86,0.2,North
83174,2023-07-11,1050,5,4378.28,0.15,North
83175,2023-08-10,1397,3,614.52,0.0,East
83176,2023-07-19,1407,1,1229.1,0.1,South
83177,2023-11-24,1391,3,7595.11,0.15,East
83178,2023-11-18,1233,3,384.74,0.15,North
83179,2023-02-04,1078,1,5806.2,0.15,East
83180,2023-01-12,1222,2,203.29,0.15,East
83181,2023-03-07,1302,4,502.56,0.2,East
83182,2023-06-17,1122,2,5866.04,0.1,East
83183,2023-10-21,1490,3,6554.57,0.2,South
83184,2023-08-23,1442,4,1733.91,0.2,South
83185,2023-06-12,1014,2,1928.85,0.15,East
83186,2023-12-29,1261,1,6496.81,0.1,North
83187,2023-10-13,1212,4,5098.76,0.05,East
83188,2023-08-21,1360,3,5318.03,0.0,East
83189,2023-08-05,1246,2,7927.45,0.05,East
83190,2023-01-14,1497,3,2394.28,0.1,South
83191,2023-08-07,1057,2,2716.62,0.0,South
83192,2023-12-02,1440,3,2043.76,0.1,West
83193,2023-07-09,1351,5,3771.83,0.15,South
83194,2023-09-04,1331,2,5362.05,0.05,South
83195,2023-08-29,1008,1,5205.44,0.15,East
83196,2023-05-19,1307,1,3945.84,0.05,South
83197,2023-03-17,1391,2,3771.26,0.05,South
83198,2023-08-27,1331,1,5101.95,0.1,West
83199,2023-10-06,1074,2,5344.96,0.1,East
83200,2023-06-18,1120,2,11197.62,0.15,South
83201,2023-06-27,1306,3,477.65,0.2,North
83202,2023-02-26,1041,4,6027.4,0.1,South
83203,2023-07-15,1109,1,807.37,0.2,East
83204,2023-12-11,1230,5,6222.72,0.15,South
83205,2023-02-10,1381,1,1262.76,0.05,West
83206,2023-09-29,1152,1,3498.93,0.05,West
83207,2023-11-13,1301,2,1068.52,0.05,South
83208,2023-04-09,1403,1,8765.85,0.1,East
83209,2023-12-14,1213,1,1148.61,0.1,East
83210,2023-03-27,1247,5,4263.28,0.05,East
83211,2023-12-04,1430,1,3682.27,0.1,South
83212,2023-01-09,1459,3,6132.89,0.1,North
83213,2023-08-07,1169,2,2329.24,0.0,South
83214,2023-06-28,1310,3,596.52,0.2,North
83215,2023-08-20,1295,2,2495.29,0.05,East
83216,2023-04-24,1357,2,10857.71,0.1,West
83217,2023-12-31,1354,3,411.16,0.0,West
83218,2023-03-24,1048,3,2755.67,0.1,North
83219,2023-11-03,1098,1,2216.81,0.2,East
83220,2023-03-03,1206,2,1943.04,0.2,East
83221,2023-04-13,1294,4,1788.26,0.0,East
83222,2023-10-17,1195,1,7736.73,0.0,West
83223,2023-10-28,1075,3,197.43,0.15,West
83224,2023-07-15,1111,2,2854.56,0.1,North
83225,2023-08-07,1287,1,1995.58,0.05,North
83226,2023-06-02,1326,4,8447.48,0.1,South
83227,2023-02-17,1163,2,1214.15,0.1,North
83228,2023-02-07,1491,2,9309.75,0.2,East
83229,2023-10-20,1287,1,2390.95,0.05,South
83230,2023-12-29,1118,1,1971.41,0.05,East
83231,2023-06-14,1230,3,3249.99,0.2,South
83232,2023-05-29,1358,2,6276.53,0.15,North
83233,2023-05-25,1006,3,1466.78,0.15,West
83234,2023-10-20,1001,1,5181.48,0.2,South
83235,2023-04-24,1447,4,2701.34,0.2,North
83236,2023-07-24,1346,1,6424.94,0.15,East
83237,2023-09-14,1494,1,8839.9,0.2,South
83238,2023-07-11,1012,1,3433.77,0.15,South
83239,2023-05-12,1314,4,831.79,0.15,East
83240,2023-01-15,1264,2,3682.11,0.0,East
83241,2023-12-03,1400,2,4590.8,0.05,South
83242,2023-09-14,1455,1,2481.84,0.0,East
83243,2023-05-30,1329,3,473.8,0.15,South
83244,2023-08-22,1370,3,2384.34,0.2,West
83245,2023-01-02,1092,2,5907.82,0.1,South
83246,2023-04-27,1488,1,5877.07,0.0,East
83247,2023-01-09,1411,1,841.86,0.1,North
83248,2023-12-09,1212,1,8062.11,0.05,North
83249,2023-03-12,1015,5,4566.06,0.1,North
83250,2023-09-19,1460,5,5914.24,0.15,East
83251,2023-03-25,1233,1,536.49,0.15,East
83252,2023-10-05,1435,3,3829.67,0.15,West
83253,2023-08-07,1399,1,7244.88,0.05,West
83254,2023-09-06,1109,2,1438.96,0.0,North
83255,2023-11-19,1160,1,8070.72,0.2,South
83256,2023-08-15,1492,1,4815.47,0.1,East
83257,2023-12-15,1489,4,6294.76,0.15,South
83258,2023-06-20,1004,1,1954.62,0.05,South
83259,2023-10-26,1470,1,2638.64,0.1,North
83260,2023-11-06,1067,5,1663.71,0.2,South
83261,2023-04-17,1335,1,799.08,0.05,South
83262,2023-06-13,1436,1,9455.82,0.15,South
83263,2023-03-03,1474,1,4939.21,0.1,West
83264,2023-04-15,1249,1,2294.52,0.0,South
83265,2023-09-07,1296,2,1181.8,0.0,North
83266,2023-02-24,1359,5,7925.76,0.0,South
83267,2023-09-01,1353,3,2559.53,0.05,North
83268,2023-08-27,1346,5,6106.05,0.15,North
83269,2023-09-01,1480,4,6558.55,0.0,East
83270,2023-03-24,1037,2,4117.07,0.1,West
83271,2023-11-14,1114,4,3669.63,0.1,South
83272,2023-05-07,1224,1,4155.01,0.15,West
83273,2023-11-13,1316,1,1286.99,0.0,South
83274,2023-04-09,1303,1,1385.63,0.05,East
83275,2023-07-07,1237,1,956.75,0.2,West
83276,2023-12-05,1013,2,3950.73,0.0,North
83277,2023-08-16,1428,4,1802.16,0.2,South
83278,2023-10-04,1241,1,704.33,0.15,South
83279,2023-10-06,1166,2,5667.4,0.2,East
83280,2023-10-26,1196,1,448.46,0.05,South
83281,2023-10-02,1184,1,1323.4,0.2,North
83282,2023-11-03,1089,4,1868.06,0.15,West
83283,2023-01-26,1001,1,5538.72,0.0,North
83284,2023-04-03,1446,1,5172.41,0.0,West
83285,2023-06-27,1187,5,9571.26,0.0,North
83286,2023-04-26,1348,4,7983.95,0.2,North
83287,2023-06-06,1430,1,3095.32,0.1,West
83288,2023-03-31,1078,1,3887.84,0.2,East
83289,2023-02-16,1443,2,9434.17,0.0,North
83290,2023-09-05,1132,1,7996.07,0.15,West
83291,2023-10-01,1236,1,1967.78,0.15,West
83292,2023-03-12,1038,1,11591.91,0.2,West
83293,2023-03-15,1336,5,5650.94,0.2,South
83294,2023-09-10,1482,3,3213.17,0.2,North
83295,2023-08-10,1456,2,8117.79,0.05,North
83296,2023-03-27,1220,2,4651.71,0.05,North
83297,2023-03-07,1057,2,5652.07,0.0,East
83298,2023-10-13,1082,5,7113.93,0.0,South
83299,2023-03-09,1001,4,3590.63,0.2,South
83300,2023-03-13,1290,4,7689.51,0.15,North
83301,2023-04-09,1484,1,10505.6,0.0,West
83302,2023-09-15,1209,2,8521.68,0.05,West
83303,2023-12-08,1466,2,2309.22,0.2,North
83304,2023-01-14,1031,1,10313.19,0.1,North
83305,2023-03-17,1429,3,6711.1,0.15,East
83306,2023-04-26,1279,4,6062.11,0.05,East
83307,2023-10-06,1116,5,4587.72,0.1,South
83308,2023-07-21,1419,1,9021.61,0.2,East
83309,2023-11-29,1260,5,2719.82,0.05,East
83310,2023-12-08,1118,5,3520.58,0.05,South
83311,2023-07-18,1166,1,4325.0,0.05,West
83312,2023-05-12,1245,1,2540.85,0.0,North
83313,2023-05-07,1216,3,11228.9,0.05,North
83314,2023-06-15,1277,2,10227.79,0.1,North
83315,2023-06-13,1007,2,3014.26,0.0,East
83316,2023-12-22,1137,3,1423.82,0.05,West
83317,2023-06-27,1225,1,1330.49,0.15,West
83318,2023-09-01,1485,4,1510.77,0.2,East
83319,2023-02-13,1158,4,11037.85,0.1,West
83320,2023-08-27,1228,3,6127.17,0.0,West
83321,2023-10-14,1287,5,2822.67,0.15,South
83322,2023-12-08,1122,5,5792.91,0.05,East
83323,2023-05-21,1205,2,8609.56,0.15,North
83324,2023-08-23,1029,1,4515.07,0.2,South
83325,2023-06-07,1016,1,976.5,0.0,West
83326,2023-06-03,1269,2,10756.04,0.1,West
83327,2023-04-12,1452,1,1795.34,0.05,West
83328,2023-12-24,1235,5,9312.27,0.1,West
83329,2023-03-16,1309,2,1551.03,0.15,West
83330,2023-04-25,1213,2,1605.27,0.1,East
83331,2023-02-21,1279,5,4499.26,0.0,West
83332,2023-10-19,1273,1,1963.29,0.1,North
83333,2023-01-07,1310,2,695.57,0.0,North
83334,2023-01-25,1238,4,3044.21,0.0,North
83335,2023-01-18,1071,1,8703.53,0.05,East
83336,2023-10-05,1250,2,11525.05,0.1,West
83337,2023-06-13,1143,3,10361.81,0.2,West
83338,2023-07-19,1045,1,4637.32,0.0,West
83339,2023-06-09,1251,2,1479.0,0.05,East
83340,2023-04-18,1295,1,1155.68,0.05,West
83341,2023-01-26,1460,1,3962.89,0.0,North
83342,2023-11-15,1445,1,8092.83,0.0,West
83343,2023-02-12,1286,2,9739.21,0.1,West
83344,2023-08-17,1203,3,2439.54,0.0,North
83345,2023-06-05,1487,5,1123.02,0.15,West
83346,2023-01-13,1476,1,9588.61,0.15,West
83347,2023-07-16,1201,4,5494.39,0.1,North
83348,2023-10-02,1232,3,4555.7,0.15,North
83349,2023-03-05,1221,3,4904.34,0.2,North
83350,2023-02-08,1476,3,9858.07,0.05,North
83351,2023-10-01,1022,1,5730.49,0.0,East
83352,2023-08-19,1202,1,2839.6,0.2,South
83353,2023-05-09,1349,3,316.92,0.0,West
83354,2023-01-03,1249,4,2589.68,0.1,South
83355,2023-12-11,1385,4,887.54,0.0,North
83356,2023-01-10,1005,2,3597.37,0.15,North
83357,2023-11-30,1415,2,894.1,0.05,West
83358,2023-11-10,1252,3,329.23,0.1,East
83359,2023-12-17,1296,5,696.35,0.0,North
83360,2023-09-07,1172,2,1532.65,0.2,North
83361,2023-09-09,1386,3,2471.85,0.15,North
83362,2023-11-17,1434,2,735.19,0.2,South
83363,2023-08-01,1455,1,2445.73,0.2,West
83364,2023-09-10,1247,1,2475.91,0.1,North
83365,2023-11-21,1486,5,4827.07,0.15,North
83366,2023-02-01,1078,2,4440.22,0.2,West
83367,2023-07-11,1232,3,3842.5,0.05,East
83368,2023-11-11,1440,1,1387.4,0.0,North
83369,2023-01-31,1247,4,3742.99,0.15,West
83370,2023-09-16,1236,2,959.85,0.0,North
83371,2023-10-03,1210,5,8665.96,0.1,North
83372,2023-05-15,1343,5,224.5,0.1,North
83373,2023-03-22,1372,1,1571.44,0.1,West
83374,2023-03-31,1413,1,1039.78,0.1,North
83375,2023-03-10,1250,1,6119.83,0.0,West
83376,2023-08-03,1155,2,1713.84,0.15,North
83377,2023-10-21,1144,2,5839.35,0.05,North
83378,2023-09-02,1024,2,5215.85,0.1,East
83379,2023-04-20,1437,1,6092.92,0.1,South
83380,2023-07-28,1195,2,5720.1,0.05,South
83381,2023-11-24,1455,3,2534.23,0.05,West
83382,2023-07-15,1405,1,6391.32,0.05,North
83383,2023-10-13,1135,2,1018.74,0.2,South
83384,2023-11-30,1090,5,4525.15,0.0,East
83385,2023-12-27,1181,2,3627.17,0.1,South
83386,2023-10-25,1295,1,2636.45,0.1,South
83387,2023-09-13,1063,3,12285.35,0.1,East
83388,2023-10-23,1454,1,3672.44,0.05,North
83389,2023-12-18,1192,2,3141.33,0.0,North
83390,2023-01-21,1267,1,1132.83,0.15,South
83391,2023-04-08,1014,2,2375.94,0.0,North
83392,2023-03-16,1451,1,4798.83,0.0,East
83393,2023-04-08,1003,1,10979.27,0.15,East
83394,2023-03-26,1186,2,180.33,0.2,West
83395,2023-05-17,1030,5,10315.54,0.2,West
83396,2023-12-10,1377,1,6389.22,0.05,South
83397,2023-01-20,1395,2,6721.95,0.15,South
83398,2023-03-16,1395,4,4739.87,0.1,North
83399,2023-12-16,1350,2,2836.53,0.15,East
83400,2023-09-23,1421,1,4723.04,0.2,West
83401,2023-10-14,1017,1,2290.19,0.0,East
83402,2023-10-13,1428,5,1554.85,0.15,East
83403,2023-11-11,1299,1,6145.08,0.05,North
83404,2023-10-31,1091,4,331.66,0.1,North
83405,2023-05-21,1442,4,2347.38,0.15,South
83406,2023-03-04,1102,2,8256.48,0.15,West
83407,2023-11-15,1275,1,9777.69,0.1,North
83408,2023-04-13,1370,1,3717.03,0.1,North
83409,2023-07-07,1366,2,5085.83,0.15,West
83410,2023-05-19,1366,1,4218.68,0.1,West
83411,2023-07-29,1468,3,6992.15,0.0,West
83412,2023-03-21,1053,2,7210.6,0.0,South
83413,2023-06-29,1158,1,10590.18,0.1,South
83414,2023-01-12,1311,5,4391.04,0.0,East
83415,2023-09-29,1208,5,5461.46,0.15,West
83416,2023-01-06,1192,4,4555.07,0.2,West
83417,2023-12-26,1458,2,1994.72,0.2,North
83418,2023-04-29,1419,1,7912.17,0.1,East
83419,2023-06-22,1466,1,2006.8,0.15,North
83420,2023-11-13,1375,4,7620.77,0.15,East
83421,2023-01-22,1322,1,4477.72,0.15,East
83422,2023-03-26,1471,2,8538.98,0.15,East
83423,2023-06-27,1079,1,4005.46,0.1,South
83424,2023-01-14,1049,1,4727.67,0.0,South
83425,2023-02-20,1358,3,7498.14,0.15,North
83426,2023-11-11,1363,1,701.74,0.0,West
83427,2023-08-12,1098,3,3131.37,0.1,South
83428,2023-02-14,1191,5,1353.84,0.05,East
83429,2023-12-25,1334,1,5115.47,0.1,East
83430,2023-05-25,1495,1,9792.74,0.05,South
83431,2023-01-25,1305,1,10083.29,0.0,East
83432,2023-03-24,1162,2,5262.47,0.05,South
83433,2023-10-28,1301,1,1480.95,0.0,East
83434,2023-09-19,1295,1,1302.76,0.1,West
83435,2023-04-07,1005,1,2917.22,0.0,East
83436,2023-01-19,1348,5,8562.43,0.2,West
83437,2023-09-16,1015,1,4772.82,0.2,South
83438,2023-05-03,1338,1,3549.05,0.15,West
83439,2023-04-03,1120,1,10485.12,0.2,South
83440,2023-04-10,1042,4,72.06,0.15,South
83441,2023-04-01,1487,5,1076.56,0.05,East
83442,2023-11-08,1395,5,10066.53,0.1,East
83443,2023-08-02,1383,5,7920.76,0.1,South
83444,2023-09-08,1157,1,3497.34,0.2,South
83445,2023-05-08,1096,3,3774.17,0.1,West
83446,2023-12-03,1127,1,8167.64,0.0,South
83447,2023-05-24,1456,5,7547.34,0.0,North
83448,2023-04-07,1267,2,1170.63,0.1,West
83449,2023-10-14,1263,1,2006.41,0.2,South
83450,2023-07-25,1332,3,3225.39,0.0,South
83451,2023-04-10,1487,5,2010.96,0.0,East
83452,2023-03-06,1087,2,2178.01,0.2,South
83453,2023-11-16,1216,3,8388.02,0.2,North
83454,2023-04-10,1428,3,1751.26,0.05,West
83455,2023-02-18,1304,3,277.98,0.1,East
83456,2023-07-29,1089,1,2427.19,0.15,East
83457,2023-05-01,1404,4,2700.85,0.0,South
83458,2023-07-22,1488,1,6459.5,0.05,West
83459,2023-05-07,1210,1,5108.74,0.2,East
83460,2023-07-19,1228,3,8075.88,0.2,East
83461,2023-03-18,1347,5,7497.07,0.05,North
83462,2023-02-09,1462,2,6023.86,0.05,South
83463,2023-09-05,1456,2,9181.55,0.15,South
83464,2023-02-23,1086,1,8494.57,0.15,East
83465,2023-11-04,1349,5,294.59,0.15,East
83466,2023-08-26,1275,3,4471.1,0.0,West
83467,2023-07-29,1308,1,2026.44,0.0,South
83468,2023-03-01,1005,3,6149.45,0.15,North
83469,2023-05-21,1496,1,9747.88,0.0,North
83470,2023-10-27,1247,1,3602.25,0.15,West
83471,2023-05-30,1447,4,5050.22,0.05,North
83472,2023-11-07,1336,1,7190.81,0.0,North
83473,2023-12-09,1278,2,3065.51,0.1,West
83474,2023-04-16,1169,1,2686.15,0.05,East
83475,2023-07-02,1178,3,6040.12,0.15,North
83476,2023-11-10,1225,3,1301.31,0.0,South
83477,2023-05-22,1212,2,8877.73,0.0,South
83478,2023-07-19,1429,1,6612.42,0.0,North
83479,2023-02-13,1342,1,6329.0,0.1,North
83480,2023-11-17,1050,3,5576.52,0.05,East
83481,2023-03-31,1436,1,7245.63,0.1,East
83482,2023-10-17,1138,1,1091.34,0.0,South
83483,2023-03-03,1188,2,4601.84,0.0,East
83484,2023-02-10,1044,1,3246.05,0.0,East
83485,2023-02-14,1411,1,1159.13,0.0,South
83486,2023-06-22,1072,1,4365.68,0.2,South
83487,2023-01-27,1178,1,8250.75,0.0,North
83488,2023-05-29,1290,2,6831.09,0.2,East
83489,2023-10-09,1411,2,1194.94,0.2,East
83490,2023-03-07,1207,3,3311.14,0.1,North
83491,2023-05-13,1059,3,869.64,0.2,North
83492,2023-04-03,1166,5,6216.77,0.0,East
83493,2023-06-28,1160,5,3441.57,0.1,West
83494,2023-08-25,1060,3,11617.52,0.1,East
83495,2023-11-26,1137,3,1457.84,0.0,West
83496,2023-02-23,1279,1,5728.85,0.15,West
83497,2023-11-02,1048,1,5106.38,0.1,South
83498,2023-04-15,1459,2,4710.29,0.05,North
83499,2023-10-07,1489,2,7440.37,0.2,West
83500,2023-07-04,1008,1,8025.06,0.1,North
83501,2023-09-29,1054,1,913.57,0.1,North
83502,2023-01-18,1356,3,4687.5,0.2,South
83503,2023-08-24,1160,2,5841.38,0.05,East
83504,2023-04-29,1393,5,8721.76,0.0,West
83505,2023-09-18,1103,3,369.87,0.15,South
83506,2023-12-25,1146,1,3193.67,0.05,North
83507,2023-04-22,1291,1,5052.3,0.0,North
83508,2023-12-31,1249,2,1898.89,0.0,East
83509,2023-02-14,1452,1,2246.73,0.05,North
83510,2023-10-30,1308,1,2609.4,0.05,South
83511,2023-11-11,1174,2,123.28,0.2,East
83512,2023-12-05,1424,2,6631.08,0.0,South
83513,2023-11-26,1160,4,6172.16,0.15,North
83514,2023-11-21,1460,4,6037.9,0.1,East
83515,2023-08-04,1026,3,2074.42,0.05,East
83516,2023-05-11,1390,1,3803.3,0.15,South
83517,2023-05-15,1132,1,6699.76,0.05,South
83518,2023-09-02,1060,2,6085.75,0.05,West
83519,2023-02-26,1136,2,12232.25,0.0,South
83520,2023-02-01,1457,5,6928.1,0.0,West
83521,2023-08-11,1081,3,8156.04,0.15,West
83522,2023-02-13,1264,1,3770.43,0.0,West
83523,2023-07-24,1097,1,5375.34,0.2,North
83524,2023-12-05,1250,1,6199.73,0.0,East
83525,2023-11-12,1071,4,7357.58,0.1,East
83526,2023-02-21,1328,4,1597.8,0.0,East
83527,2023-12-08,1464,5,1768.7,0.15,West
83528,2023-09-01,1189,1,2857.04,0.05,South
83529,2023-03-13,1020,3,5401.02,0.0,South
83530,2023-07-20,1312,5,11350.17,0.1,West
83531,2023-12-02,1164,5,1745.58,0.0,North
83532,2023-10-19,1229,1,978.99,0.2,West
83533,2023-09-12,1492,2,4092.11,0.0,East
83534,2023-05-02,1360,4,3821.24,0.0,West
83535,2023-05-23,1099,3,727.75,0.1,North
83536,2023-10-05,1297,4,5010.71,0.0,East
83537,2023-05-06,1223,4,2918.36,0.0,South
83538,2023-11-19,1133,3,1688.6,0.15,East
83539,2023-10-22,1309,2,1653.05,0.05,East
83540,2023-05-30,1330,1,4700.78,0.2,West
83541,2023-04-07,1095,2,5687.21,0.05,South
83542,2023-10-05,1310,5,716.43,0.15,West
83543,2023-07-07,1310,2,387.32,0.0,South
83544,2023-03-04,1414,1,11420.13,0.1,West
83545,2023-03-25,1469,1,11280.04,0.05,North
83546,2023-01-11,1422,2,8039.43,0.1,South
83547,2023-09-19,1296,3,775.28,0.15,East
83548,2023-08-10,1164,5,1638.2,0.0,North
83549,2023-08-29,1416,3,9733.56,0.05,East
83550,2023-05-14,1223,2,1647.33,0.2,East
83551,2023-02-12,1289,2,13129.87,0.05,West
83552,2023-12-09,1346,1,9036.05,0.05,North
83553,2023-01-22,1301,1,1140.01,0.0,South
83554,2023-02-02,1371,1,5112.45,0.05,North
83555,2023-06-30,1083,1,2270.25,0.1,East
83556,2023-01-12,1290,1,7758.51,0.1,West
83557,2023-03-30,1397,2,581.37,0.1,South
83558,2023-02-05,1108,2,2817.05,0.0,South
83559,2023-10-03,1417,5,6102.03,0.1,West
83560,2023-01-22,1280,2,5039.98,0.05,East
83561,2023-03-30,1474,5,9411.96,0.1,North
83562,2023-09-11,1291,1,7719.66,0.15,West
83563,2023-07-24,1358,3,6006.88,0.0,North
83564,2023-10-21,1032,1,5807.65,0.1,North
83565,2023-11-11,1315,1,7471.15,0.0,North
83566,2023-03-27,1217,1,4894.7,0.15,South
83567,2023-10-17,1332,2,2948.79,0.0,North
83568,2023-11-24,1130,3,4590.01,0.0,West
83569,2023-10-20,1132,3,7549.23,0.1,West
83570,2023-08-04,1120,4,6761.61,0.2,North
83571,2023-04-28,1211,2,11814.73,0.2,North
83572,2023-01-10,1216,1,5402.2,0.1,East
83573,2023-03-11,1345,5,3768.84,0.2,South
83574,2023-08-14,1392,1,625.59,0.15,North
83575,2023-07-04,1183,5,916.25,0.1,East
83576,2023-05-22,1409,1,4587.32,0.1,North
83577,2023-01-04,1392,1,536.37,0.15,South
83578,2023-01-09,1485,4,1190.76,0.1,North
83579,2023-10-20,1191,2,1023.39,0.1,North
83580,2023-03-22,1098,2,3473.13,0.15,South
83581,2023-12-18,1184,1,850.29,0.2,West
83582,2023-09-03,1191,1,1646.15,0.05,North
83583,2023-08-22,1030,2,6044.39,0.0,North
83584,2023-08-03,1152,3,4355.71,0.0,East
83585,2023-08-28,1264,2,3937.73,0.2,North
83586,2023-03-25,1007,2,3961.12,0.1,East
83587,2023-11-28,1437,1,5755.93,0.2,South
83588,2023-06-30,1338,1,5485.7,0.2,South
83589,2023-09-11,1272,1,12410.77,0.1,West
83590,2023-08-06,1223,2,1890.64,0.1,North
83591,2023-01-28,1286,2,7247.27,0.1,North
83592,2023-05-16,1218,4,7011.71,0.2,South
83593,2023-02-03,1061,2,6685.74,0.2,West
83594,2023-03-24,1164,3,2705.87,0.2,West
83595,2023-01-03,1482,1,4133.09,0.15,North
83596,2023-02-27,1400,3,6334.21,0.1,East
83597,2023-04-11,1437,1,5990.15,0.2,East
83598,2023-09-05,1273,4,1330.78,0.15,West
83599,2023-06-30,1257,1,2101.22,0.05,North
83600,2023-01-07,1473,3,2067.73,0.0,West
83601,2023-06-27,1191,1,1579.26,0.1,North
83602,2023-09-11,1334,5,7836.74,0.05,West
83603,2023-06-24,1330,5,6008.46,0.0,East
83604,2023-08-09,1381,2,1776.07,0.2,North
83605,2023-06-02,1332,1,4372.51,0.05,East
83606,2023-07-08,1054,1,905.32,0.1,West
83607,2023-09-21,1045,2,3586.49,0.0,West
83608,2023-09-22,1287,2,1734.21,0.1,East
83609,2023-02-02,1232,3,4034.42,0.0,East
83610,2023-04-27,1387,2,834.09,0.2,East
83611,2023-05-07,1010,3,5762.56,0.2,North
83612,2023-05-16,1326,2,10034.53,0.0,West
83613,2023-09-15,1107,4,6512.6,0.0,North
83614,2023-11-16,1289,1,11950.75,0.05,South
83615,2023-01-15,1157,1,7022.95,0.2,South
83616,2023-05-21,1143,2,6080.61,0.2,North
83617,2023-04-03,1275,1,8198.73,0.1,North
83618,2023-02-14,1289,2,7649.04,0.1,East
83619,2023-09-03,1129,2,7727.93,0.0,West
83620,2023-06-01,1432,2,6038.88,0.05,South
83621,2023-06-06,1446,2,5260.91,0.0,East
83622,2023-09-01,1183,1,773.41,0.05,South
83623,2023-03-15,1489,2,5399.48,0.1,North
83624,2023-04-09,1309,2,2182.08,0.15,South
83625,2023-12-04,1375,1,7617.12,0.0,North
83626,2023-01-29,1249,3,1086.86,0.0,North
83627,2023-11-29,1278,1,2580.35,0.15,West
83628,2023-09-01,1317,1,2487.75,0.1,North
83629,2023-04-20,1190,5,2510.86,0.0,West
83630,2023-04-02,1157,3,4537.05,0.0,West
83631,2023-04-22,1272,2,8367.22,0.15,South
83632,2023-04-02,1216,1,7096.72,0.05,South
83633,2023-05-02,1273,1,1362.17,0.0,North
83634,2023-10-10,1369,1,812.85,0.2,South
83635,2023-10-23,1237,5,1533.16,0.15,South
83636,2023-10-12,1428,2,1134.63,0.2,South
83637,2023-09-02,1377,1,7400.41,0.15,South
83638,2023-12-13,1150,3,979.01,0.1,South
83639,2023-06-04,1010,1,6044.99,0.0,South
83640,2023-06-03,1269,5,10440.42,0.2,West
83641,2023-11-27,1375,3,5718.41,0.15,West
83642,2023-03-25,1305,1,10965.43,0.2,South
83643,2023-12-04,1097,1,7841.13,0.15,East
83644,2023-06-03,1108,3,2192.45,0.05,South
83645,2023-12-26,1379,1,1546.27,0.2,South
83646,2023-07-26,1414,4,8880.0,0.1,West
83647,2023-01-19,1067,2,1796.94,0.05,West
83648,2023-04-11,1419,1,5990.98,0.15,North
83649,2023-11-02,1041,1,6075.43,0.0,North
83650,2023-09-14,1243,1,5497.72,0.0,South
83651,2023-05-27,1260,5,2482.77,0.1,North
83652,2023-01-03,1456,1,6488.17,0.05,South
83653,2023-02-08,1284,4,7842.75,0.1,South
83654,2023-09-06,1114,3,7589.95,0.1,East
83655,2023-10-12,1203,2,4652.94,0.05,South
83656,2023-12-28,1256,5,6235.36,0.0,South
83657,2023-05-05,1466,1,2714.54,0.05,East
83658,2023-06-28,1340,1,5459.29,0.05,East
83659,2023-04-03,1383,2,5921.45,0.05,West
83660,2023-03-08,1081,1,8216.59,0.0,North
83661,2023-02-15,1385,1,784.48,0.2,South
83662,2023-07-20,1405,1,3903.11,0.2,West
83663,2023-07-10,1319,1,4879.57,0.0,East
83664,2023-11-27,1057,1,2573.92,0.2,West
83665,2023-06-05,1172,1,1762.23,0.1,South
83666,2023-06-04,1320,5,4829.53,0.2,North
83667,2023-06-23,1027,1,742.35,0.1,East
83668,2023-01-27,1102,2,7408.07,0.2,East
83669,2023-12-28,1310,2,532.65,0.1,West
83670,2023-09-11,1080,2,3702.36,0.1,North
83671,2023-11-04,1285,2,6387.85,0.0,North
83672,2023-07-02,1484,4,5571.55,0.2,West
83673,2023-06-14,1031,3,9828.15,0.1,East
83674,2023-04-18,1144,1,10671.33,0.2,West
83675,2023-10-08,1283,3,4005.32,0.0,East
83676,2023-11-08,1459,1,8502.68,0.15,East
83677,2023-07-04,1328,4,1322.28,0.1,East
83678,2023-08-30,1288,3,1175.67,0.0,South
83679,2023-03-02,1200,1,7669.76,0.15,East
83680,2023-03-21,1037,1,4677.85,0.2,South
83681,2023-04-19,1255,4,4552.36,0.0,West
83682,2023-04-06,1421,1,7060.76,0.05,South
83683,2023-01-21,1171,3,961.49,0.2,North
83684,2023-10-24,1387,1,1105.63,0.1,West
83685,2023-07-10,1490,1,5424.13,0.05,South
83686,2023-12-30,1405,5,6069.41,0.1,West
83687,2023-12-16,1393,1,7872.66,0.1,East
83688,2023-06-24,1247,5,4129.15,0.0,East
83689,2023-06-05,1159,2,5811.12,0.1,South
83690,2023-07-03,1019,1,3446.22,0.0,North
83691,2023-01-14,1089,1,3449.21,0.05,East
83692,2023-03-26,1426,3,8241.05,0.0,West
83693,2023-02-04,1242,3,7932.44,0.2,East
83694,2023-04-06,1485,4,1262.96,0.1,North
83695,2023-12-23,1234,2,6444.99,0.1,North
83696,2023-07-25,1202,1,2363.81,0.05,South
83697,2023-10-20,1093,2,446.2,0.0,East
83698,2023-12-31,1215,3,3753.17,0.1,North
83699,2023-07-20,1148,2,2660.16,0.05,West
83700,2023-01-17,1428,4,1927.2,0.15,East
83701,2023-04-07,1239,1,588.12,0.2,North
83702,2023-09-01,1444,1,3917.73,0.1,South
83703,2023-12-28,1120,2,9833.12,0.2,North
83704,2023-05-28,1193,1,177.62,0.05,South
83705,2023-11-21,1141,2,1165.05,0.2,South
83706,2023-07-30,1287,2,1955.83,0.1,North
83707,2023-09-08,1435,3,4170.21,0.2,North
83708,2023-10-03,1223,5,3743.23,0.2,South
83709,2023-10-16,1250,1,6340.29,0.05,North
83710,2023-12-11,1341,1,9407.29,0.0,East
83711,2023-08-02,1444,1,4243.56,0.1,West
83712,2023-02-05,1001,3,5965.67,0.15,East
83713,2023-07-12,1084,4,1016.88,0.2,East
83714,2023-10-29,1409,2,8970.66,0.0,East
83715,2023-08-02,1046,2,1464.47,0.0,West
83716,2023-07-04,1100,1,6253.57,0.15,West
83717,2023-11-06,1465,4,7597.33,0.2,East
83718,2023-09-07,1285,4,7436.87,0.1,North
83719,2023-10-27,1301,3,2205.52,0.1,East
83720,2023-09-15,1169,1,2207.68,0.05,West
83721,2023-12-05,1171,1,1009.75,0.2,North
83722,2023-05-21,1084,2,822.17,0.0,North
83723,2023-12-10,1121,3,7258.88,0.15,East
83724,2023-05-07,1071,3,5612.73,0.15,South
83725,2023-11-08,1482,4,5438.97,0.1,North
83726,2023-05-28,1322,2,3004.73,0.2,South
83727,2023-09-18,1467,1,3821.17,0.15,East
83728,2023-06-09,1356,1,4304.56,0.2,East
83729,2023-10-29,1270,1,1319.56,0.2,North
83730,2023-02-10,1356,2,2716.25,0.1,East
83731,2023-03-06,1327,4,5411.18,0.05,South
83732,2023-06-21,1335,1,1557.3,0.05,East
83733,2023-05-07,1199,2,1376.68,0.15,East
83734,2023-03-30,1234,4,7360.22,0.05,North
83735,2023-06-17,1284,1,4376.12,0.0,West
83736,2023-06-15,1329,1,462.22,0.05,East
83737,2023-11-03,1138,5,2689.52,0.0,West
83738,2023-12-19,1433,1,6199.8,0.2,West
83739,2023-05-19,1465,2,7900.91,0.05,North
83740,2023-01-03,1355,2,2067.42,0.05,West
83741,2023-02-20,1352,5,9535.09,0.05,North
83742,2023-08-15,1188,1,5033.77,0.15,South
83743,2023-01-21,1285,1,8757.27,0.15,South
83744,2023-06-27,1389,2,6219.69,0.0,South
83745,2023-05-31,1187,3,4333.0,0.05,West
83746,2023-09-29,1030,4,10849.35,0.15,East
83747,2023-02-17,1266,5,6128.59,0.1,South
83748,2023-07-31,1091,1,238.05,0.15,West
83749,2023-08-04,1149,2,5971.22,0.05,North
83750,2023-08-05,1281,2,623.52,0.0,East
83751,2023-11-27,1022,1,5158.26,0.05,East
83752,2023-01-01,1413,2,1554.73,0.1,West
83753,2023-05-17,1263,2,1634.53,0.1,South
83754,2023-01-29,1028,5,8256.81,0.05,South
83755,2023-07-31,1176,2,7303.76,0.05,North
83756,2023-05-23,1291,1,4118.87,0.1,South
83757,2023-09-17,1144,5,7994.24,0.2,South
83758,2023-07-27,1120,2,6397.37,0.1,East
83759,2023-08-18,1141,1,1331.52,0.05,West
83760,2023-09-11,1402,5,6469.28,0.05,East
83761,2023-11-23,1418,2,1270.16,0.0,East
83762,2023-06-03,1122,4,4557.86,0.05,West
83763,2023-10-12,1192,1,7529.95,0.1,North
83764,2023-04-13,1008,2,5716.15,0.1,East
83765,2023-06-12,1007,3,3280.72,0.15,West
83766,2023-10-24,1388,2,8146.78,0.1,North
83767,2023-11-13,1184,5,772.17,0.0,West
83768,2023-08-11,1224,3,4168.63,0.05,East
83769,2023-05-04,1486,1,7557.06,0.2,East
83770,2023-02-02,1474,5,4609.22,0.1,West
83771,2023-11-14,1208,2,3937.47,0.0,North
83772,2023-08-04,1065,2,651.27,0.0,North
83773,2023-04-30,1334,4,5943.88,0.15,East
83774,2023-09-15,1299,5,6514.13,0.2,West
83775,2023-07-18,1405,5,5090.26,0.05,East
83776,2023-01-01,1427,3,4971.19,0.2,North
83777,2023-04-15,1377,4,7174.42,0.05,West
83778,2023-06-14,1181,3,3356.0,0.2,South
83779,2023-08-10,1356,4,4045.5,0.2,North
83780,2023-08-11,1398,1,9899.43,0.0,South
83781,2023-07-10,1273,4,1590.96,0.15,South
83782,2023-10-02,1043,5,4225.61,0.15,South
83783,2023-04-15,1286,2,9540.58,0.15,West
83784,2023-05-17,1428,1,1441.62,0.0,North
83785,2023-11-02,1194,2,9864.19,0.2,North
83786,2023-06-08,1169,4,3693.39,0.15,North
83787,2023-10-20,1293,1,2155.99,0.15,North
83788,2023-05-23,1255,4,5389.82,0.15,South
83789,2023-05-06,1223,4,2058.38,0.2,South
83790,2023-09-19,1427,2,7405.19,0.05,South
83791,2023-02-10,1254,1,258.7,0.0,North
83792,2023-12-12,1214,3,4454.72,0.1,South
83793,2023-04-22,1324,1,2155.09,0.0,North
83794,2023-07-13,1136,1,11383.79,0.05,East
83795,2023-11-15,1391,1,7274.98,0.05,South
83796,2023-04-14,1351,5,4603.32,0.1,East
83797,2023-09-30,1412,1,592.78,0.0,East
83798,2023-07-07,1214,1,2983.18,0.0,North
83799,2023-12-16,1196,5,1198.94,0.05,North
83800,2023-03-12,1387,3,997.13,0.05,East
83801,2023-08-10,1083,4,1256.65,0.2,West
83802,2023-03-07,1103,1,325.56,0.0,North
83803,2023-06-01,1309,1,3381.22,0.0,West
83804,2023-11-21,1471,2,7523.14,0.2,North
83805,2023-01-10,1104,2,4937.36,0.1,East
83806,2023-04-28,1371,4,6231.45,0.0,West
83807,2023-10-27,1056,2,1717.93,0.1,East
83808,2023-02-01,1368,1,5356.48,0.2,West
83809,2023-06-14,1301,1,1528.98,0.15,East
83810,2023-01-04,1209,1,7072.02,0.1,East
83811,2023-03-07,1184,2,1558.2,0.1,West
83812,2023-02-08,1479,1,6807.45,0.15,East
83813,2023-11-23,1425,1,2191.42,0.05,South
83814,2023-08-12,1058,5,6139.58,0.05,West
83815,2023-08-26,1229,1,611.16,0.1,South
83816,2023-12-19,1275,1,7809.2,0.0,North
83817,2023-10-11,1108,1,2228.7,0.05,North
83818,2023-09-24,1406,4,1227.38,0.15,East
83819,2023-06-03,1224,5,4663.85,0.15,West
83820,2023-08-10,1140,2,6979.35,0.05,North
83821,2023-12-06,1217,3,10098.68,0.15,West
83822,2023-08-11,1467,2,2813.66,0.2,South
83823,2023-05-19,1228,1,5843.45,0.0,East
83824,2023-05-23,1426,2,6510.7,0.05,West
83825,2023-01-02,1002,2,132.21,0.0,South
83826,2023-03-08,1358,2,6025.02,0.15,South
83827,2023-05-02,1305,2,10974.16,0.2,West
83828,2023-01-31,1381,3,1201.95,0.15,North
83829,2023-11-24,1037,3,6966.58,0.1,East
83830,2023-07-16,1222,1,148.19,0.15,West
83831,2023-11-02,1137,1,1414.03,0.15,South
83832,2023-01-09,1305,3,4932.29,0.0,East
83833,2023-03-07,1016,1,708.06,0.15,East
83834,2023-12-20,1320,4,7914.33,0.1,East
83835,2023-04-06,1343,1,132.17,0.05,North
83836,2023-07-31,1287,2,2884.33,0.1,North
83837,2023-04-10,1159,1,8200.65,0.0,East
83838,2023-02-21,1499,1,670.43,0.1,East
83839,2023-06-16,1377,1,8640.22,0.2,South
83840,2023-10-06,1018,2,1241.19,0.15,West
83841,2023-11-24,1206,2,2122.56,0.2,North
83842,2023-04-15,1362,1,4695.02,0.05,West
83843,2023-05-20,1474,5,5748.93,0.0,West
83844,2023-12-12,1002,4,223.41,0.0,North
83845,2023-06-02,1377,4,7767.5,0.2,East
83846,2023-11-13,1115,1,2838.51,0.15,West
83847,2023-11-30,1379,2,813.68,0.15,North
83848,2023-04-20,1373,1,6593.74,0.1,West
83849,2023-08-12,1478,3,2318.0,0.05,South
83850,2023-01-25,1453,1,6230.96,0.15,East
83851,2023-02-05,1049,5,7869.48,0.15,South
83852,2023-08-12,1019,1,3489.85,0.15,West
83853,2023-11-07,1476,5,4308.77,0.15,West
83854,2023-01-17,1116,3,4344.01,0.2,West
83855,2023-12-22,1055,4,4136.33,0.1,East
83856,2023-05-06,1152,3,5350.78,0.15,North
83857,2023-06-04,1262,2,682.82,0.2,West
83858,2023-10-12,1255,5,6773.77,0.0,North
83859,2023-01-21,1432,2,7295.05,0.05,South
83860,2023-05-30,1326,2,6370.25,0.0,East
83861,2023-07-21,1291,1,7379.0,0.2,South
83862,2023-09-26,1446,5,4113.26,0.2,East
83863,2023-04-17,1020,3,7989.0,0.15,East
83864,2023-04-12,1124,1,11510.28,0.05,East
83865,2023-08-08,1498,5,4548.01,0.0,North
83866,2023-01-24,1253,2,2806.9,0.15,North
83867,2023-05-16,1461,2,4597.15,0.05,West
83868,2023-08-16,1273,2,1436.18,0.1,West
83869,2023-12-28,1205,4,9481.13,0.15,North
83870,2023-09-15,1463,2,6832.3,0.05,East
83871,2023-09-16,1189,3,1932.26,0.2,West
83872,2023-08-22,1387,2,1710.6,0.05,West
83873,2023-06-01,1107,4,8414.78,0.2,East
83874,2023-02-21,1294,1,2462.81,0.15,North
83875,2023-04-16,1196,4,631.96,0.05,West
83876,2023-12-12,1210,1,5425.61,0.0,East
83877,2023-08-03,1187,1,5765.95,0.1,North
83878,2023-05-04,1159,3,6366.82,0.05,East
83879,2023-03-07,1089,3,1570.37,0.05,South
83880,2023-08-03,1445,2,8359.87,0.1,South
83881,2023-11-21,1282,2,796.41,0.2,South
83882,2023-11-24,1279,3,7703.71,0.0,South
83883,2023-07-27,1370,2,3108.53,0.1,West
83884,2023-07-19,1047,1,2213.71,0.1,East
83885,2023-08-07,1190,4,3044.31,0.2,North
83886,2023-03-09,1211,1,5545.73,0.2,East
83887,2023-08-19,1186,3,278.91,0.2,East
83888,2023-08-31,1407,1,925.78,0.1,East
83889,2023-08-19,1407,4,722.22,0.2,West
83890,2023-07-29,1179,4,5458.75,0.15,East
83891,2023-06-23,1294,2,3274.67,0.15,South
83892,2023-11-24,1377,2,8229.56,0.15,North
83893,2023-02-27,1436,2,6246.26,0.1,East
83894,2023-07-11,1351,2,10055.3,0.05,East
83895,2023-01-23,1429,3,4494.15,0.15,South
83896,2023-03-13,1204,1,4390.68,0.2,East
83897,2023-01-27,1113,4,3516.0,0.0,East
83898,2023-02-21,1435,3,7662.61,0.2,East
83899,2023-08-30,1277,1,8941.88,0.0,North
83900,2023-01-11,1277,4,10792.33,0.15,South
83901,2023-09-21,1403,3,2910.49,0.05,South
83902,2023-11-04,1437,5,4076.78,0.1,West
83903,2023-11-25,1158,3,8872.35,0.0,North
83904,2023-01-29,1035,5,11213.71,0.1,South
83905,2023-03-31,1405,2,3841.48,0.1,West
83906,2023-03-21,1248,5,4673.03,0.05,East
83907,2023-11-07,1382,1,2013.59,0.2,East
83908,2023-04-25,1493,1,6217.72,0.05,East
83909,2023-06-11,1427,1,6691.95,0.15,North
83910,2023-06-26,1071,2,8092.72,0.1,East
83911,2023-05-09,1118,1,3799.04,0.05,West
83912,2023-03-15,1054,1,884.76,0.1,North
83913,2023-08-20,1077,1,4847.6,0.05,North
83914,2023-12-25,1352,2,5751.1,0.2,East
83915,2023-04-24,1156,1,300.92,0.1,East
83916,2023-02-18,1258,1,349.63,0.1,West
83917,2023-06-01,1410,2,7124.69,0.0,East
83918,2023-07-02,1154,1,1069.52,0.05,East
83919,2023-01-29,1390,5,6255.06,0.2,West
83920,2023-07-20,1234,1,6099.98,0.05,South
83921,2023-10-23,1486,1,4195.53,0.05,North
83922,2023-12-27,1232,4,3309.27,0.0,West
83923,2023-08-17,1086,1,11889.74,0.2,North
83924,2023-03-16,1034,5,4169.1,0.2,North
83925,2023-03-25,1118,1,3756.85,0.2,West
83926,2023-08-04,1204,2,4850.23,0.05,South
83927,2023-08-15,1358,5,7786.58,0.15,East
83928,2023-04-22,1127,1,6875.61,0.05,West
83929,2023-03-24,1088,1,4733.87,0.05,East
83930,2023-09-04,1488,1,5902.64,0.2,South
83931,2023-06-24,1323,4,982.63,0.0,West
83932,2023-11-22,1400,1,3453.52,0.0,West
83933,2023-11-27,1029,2,7344.58,0.15,South
83934,2023-01-29,1219,4,7308.99,0.05,West
83935,2023-10-17,1388,3,7730.01,0.1,South
83936,2023-11-08,1166,1,4695.02,0.1,North
83937,2023-09-10,1405,1,6814.75,0.2,North
83938,2023-06-05,1453,4,6714.07,0.0,South
83939,2023-04-29,1456,3,5474.39,0.15,East
83940,2023-03-24,1388,1,4419.38,0.2,North
83941,2023-10-29,1326,2,8133.73,0.15,West
83942,2023-09-06,1090,3,4865.29,0.2,West
83943,2023-05-18,1316,5,1556.34,0.05,West
83944,2023-05-26,1261,5,6071.32,0.05,West
83945,2023-10-01,1347,4,6313.71,0.0,West
83946,2023-05-11,1413,2,1021.38,0.05,South
83947,2023-12-05,1128,1,838.24,0.15,North
83948,2023-04-14,1232,5,3768.65,0.1,East
83949,2023-05-11,1351,1,3635.83,0.1,East
83950,2023-11-07,1440,3,1828.44,0.2,West
83951,2023-01-02,1443,3,7216.33,0.0,East
83952,2023-06-13,1120,1,7310.46,0.1,North
83953,2023-05-07,1153,1,6480.64,0.2,North
83954,2023-03-28,1093,1,637.13,0.05,South
83955,2023-09-29,1041,5,7285.52,0.15,East
83956,2023-11-03,1486,1,9228.45,0.1,East
83957,2023-03-28,1407,1,843.95,0.0,East
83958,2023-09-27,1132,1,5825.35,0.05,South
83959,2023-09-08,1462,3,5795.94,0.2,West
83960,2023-09-23,1473,2,2347.54,0.1,East
83961,2023-12-09,1261,1,4308.55,0.15,North
83962,2023-08-14,1434,5,807.02,0.1,West
83963,2023-03-07,1057,1,5489.96,0.05,South
83964,2023-12-16,1185,3,3013.6,0.15,East
83965,2023-02-01,1147,4,10091.84,0.2,West
83966,2023-06-02,1224,2,3738.85,0.1,North
83967,2023-11-16,1167,2,1878.11,0.1,South
83968,2023-04-08,1204,2,4419.25,0.0,South
83969,2023-01-21,1479,3,5422.74,0.1,North
83970,2023-07-07,1266,4,9423.02,0.2,West
83971,2023-05-18,1017,3,2897.38,0.15,East
83972,2023-09-14,1095,2,8211.57,0.05,West
83973,2023-03-15,1188,2,5340.69,0.05,North
83974,2023-05-23,1461,1,3028.5,0.0,West
83975,2023-12-18,1035,1,10224.54,0.05,South
83976,2023-06-29,1155,5,2566.63,0.0,East
83977,2023-10-28,1233,2,507.46,0.1,West
83978,2023-08-18,1091,5,297.25,0.0,South
83979,2023-02-13,1249,3,1946.21,0.15,East
83980,2023-05-26,1186,2,334.01,0.1,South
83981,2023-05-15,1435,3,5586.23,0.05,West
83982,2023-03-30,1061,4,3968.55,0.1,North
83983,2023-12-07,1495,2,5592.11,0.05,East
83984,2023-10-07,1304,4,307.58,0.2,West
83985,2023-09-15,1038,1,6472.25,0.15,North
83986,2023-09-12,1413,1,1565.98,0.1,North
83987,2023-01-30,1393,1,7966.65,0.05,West
83988,2023-02-07,1427,4,5003.99,0.05,West
83989,2023-08-27,1054,4,762.18,0.05,South
83990,2023-11-01,1324,1,2220.75,0.05,West
83991,2023-12-18,1141,1,1250.97,0.0,West
83992,2023-08-13,1276,2,9127.4,0.05,East
83993,2023-08-19,1374,4,3187.46,0.05,South
83994,2023-05-06,1042,3,121.05,0.2,South
83995,2023-04-29,1215,1,3143.56,0.15,North
83996,2023-07-13,1170,1,648.24,0.0,South
83997,2023-04-13,1466,1,1583.5,0.1,East
83998,2023-04-23,1090,3,6239.13,0.2,West
83999,2023-03-04,1414,4,6614.86,0.0,West
84000,2023-10-31,1329,1,391.47,0.1,West
84001,2023-10-27,1446,5,8664.13,0.2,West
84002,2023-11-13,1162,1,8341.22,0.05,North
84003,2023-03-18,1152,1,5131.14,0.2,West
84004,2023-05-06,1329,3,417.7,0.1,East
84005,2023-04-27,1062,2,8917.34,0.15,North
84006,2023-11-19,1090,1,8058.86,0.15,South
84007,2023-09-21,1247,4,1991.21,0.2,South
84008,2023-05-09,1186,4,212.64,0.2,South
84009,2023-01-15,1335,1,1297.72,0.2,East
84010,2023-12-20,1155,1,2143.55,0.15,West
84011,2023-12-16,1111,2,2675.8,0.15,East
84012,2023-05-26,1238,2,3686.34,0.0,West
84013,2023-01-25,1158,2,5962.5,0.05,North
84014,2023-07-11,1428,2,1949.86,0.2,North
84015,2023-03-09,1346,1,7552.6,0.05,West
84016,2023-10-12,1085,1,1378.08,0.15,South
84017,2023-10-24,1235,1,11399.84,0.05,South
84018,2023-07-06,1446,1,6514.89,0.2,North
84019,2023-06-12,1065,1,606.3,0.1,West
84020,2023-11-15,1408,2,3681.62,0.05,West
84021,2023-02-12,1044,1,4970.35,0.0,West
84022,2023-11-17,1182,5,2537.61,0.2,South
84023,2023-03-05,1445,1,5005.21,0.05,South
84024,2023-04-15,1199,1,2044.73,0.2,East
84025,2023-12-14,1307,5,2545.92,0.1,North
84026,2023-07-02,1397,1,597.69,0.15,East
84027,2023-03-04,1065,2,755.34,0.05,South
84028,2023-02-04,1034,5,2904.3,0.0,West
84029,2023-09-20,1331,1,2955.5,0.1,East
84030,2023-01-15,1336,5,5032.61,0.15,North
84031,2023-03-26,1057,2,3188.5,0.0,West
84032,2023-07-01,1484,4,6615.4,0.05,East
84033,2023-05-08,1313,2,11501.68,0.15,West
84034,2023-12-21,1418,5,1385.52,0.1,South
84035,2023-09-10,1420,1,2459.09,0.15,North
84036,2023-11-12,1137,3,1084.72,0.05,South
84037,2023-02-20,1374,2,4325.2,0.15,South
84038,2023-10-15,1385,2,979.74,0.0,South
84039,2023-12-08,1432,3,5860.75,0.1,South
84040,2023-12-14,1447,4,3932.12,0.05,East
84041,2023-09-30,1196,5,913.54,0.1,South
84042,2023-03-20,1470,1,1142.36,0.15,North
84043,2023-09-16,1410,1,8355.99,0.05,North
84044,2023-08-01,1414,5,8484.08,0.15,North
84045,2023-11-24,1117,2,6945.27,0.0,South
84046,2023-04-11,1134,2,7525.57,0.05,East
84047,2023-12-03,1473,2,2736.33,0.1,North
84048,2023-05-01,1429,3,5102.2,0.05,West
84049,2023-12-09,1120,5,6236.75,0.0,North
84050,2023-08-27,1244,1,8545.35,0.0,East
84051,2023-02-19,1227,1,1022.71,0.05,West
84052,2023-05-15,1404,1,4084.97,0.0,West
84053,2023-02-16,1419,3,7163.64,0.15,West
84054,2023-05-17,1225,5,499.61,0.0,West
84055,2023-05-09,1021,3,10096.85,0.15,North
84056,2023-12-13,1221,2,3232.97,0.2,East
84057,2023-12-19,1166,1,8568.67,0.2,North
84058,2023-05-21,1104,1,4094.2,0.1,South
84059,2023-11-06,1106,4,4716.08,0.15,West
84060,2023-12-28,1279,4,8267.34,0.1,North
84061,2023-12-23,1342,2,3903.89,0.0,South
84062,2023-04-13,1134,5,7232.27,0.2,East
84063,2023-12-19,1381,1,1615.85,0.05,North
84064,2023-01-23,1193,1,309.6,0.0,East
84065,2023-12-30,1289,3,7480.31,0.05,West
84066,2023-07-30,1474,5,6726.28,0.15,West
84067,2023-03-13,1275,2,6807.2,0.1,North
84068,2023-04-28,1086,1,7138.3,0.1,South
84069,2023-09-16,1112,5,3343.36,0.2,North
84070,2023-04-28,1389,2,7474.62,0.05,South
84071,2023-05-23,1311,3,2654.01,0.05,South
84072,2023-09-11,1100,5,5181.7,0.05,South
84073,2023-12-29,1244,5,9607.04,0.05,North
84074,2023-04-07,1293,4,2259.25,0.15,South
84075,2023-09-18,1081,2,6460.39,0.1,West
84076,2023-04-10,1136,4,5325.18,0.0,West
84077,2023-08-13,1184,5,1389.7,0.05,South
84078,2023-11-30,1111,3,2210.84,0.1,West
84079,2023-04-05,1210,3,6999.89,0.2,South
84080,2023-12-17,1475,1,8479.48,0.1,East
84081,2023-07-03,1146,1,2612.24,0.0,South
84082,2023-10-28,1214,5,4553.16,0.1,West
84083,2023-07-12,1132,2,9761.84,0.0,North
84084,2023-10-23,1349,4,136.93,0.1,East
84085,2023-05-01,1478,1,2682.97,0.1,West
84086,2023-12-27,1091,3,277.49,0.05,East
84087,2023-03-31,1056,1,3014.24,0.2,South
84088,2023-09-12,1033,4,11439.99,0.2,South
84089,2023-12-28,1028,5,3266.1,0.15,North
84090,2023-10-17,1468,3,5581.93,0.1,North
84091,2023-01-13,1342,1,5446.44,0.2,West
84092,2023-01-06,1406,5,781.04,0.0,East
84093,2023-04-14,1012,3,5981.33,0.1,South
84094,2023-03-30,1188,1,4726.61,0.0,South
84095,2023-10-26,1386,1,2744.39,0.0,South
84096,2023-06-08,1391,5,3216.49,0.05,South
84097,2023-08-10,1149,1,4933.75,0.15,East
84098,2023-01-05,1453,4,4530.18,0.05,South
84099,2023-08-17,1103,2,244.12,0.2,North
84100,2023-02-09,1095,2,7758.15,0.15,East
84101,2023-06-11,1200,1,4457.2,0.15,North
84102,2023-11-14,1188,4,5081.82,0.2,East
84103,2023-12-08,1246,1,4569.65,0.15,North
84104,2023-01-14,1185,1,3176.58,0.2,East
84105,2023-04-24,1147,5,10256.62,0.15,West
84106,2023-10-01,1453,4,3993.05,0.1,West
84107,2023-10-05,1342,3,5215.81,0.05,East
84108,2023-04-06,1439,4,8616.44,0.2,North
84109,2023-08-13,1452,3,2692.4,0.0,South
84110,2023-11-08,1286,2,7493.36,0.05,South
84111,2023-08-03,1453,1,6704.34,0.1,East
84112,2023-12-28,1093,1,650.08,0.0,West
84113,2023-12-14,1092,1,9460.78,0.1,East
84114,2023-04-03,1486,1,9948.69,0.1,West
84115,2023-07-16,1449,1,846.13,0.15,South
84116,2023-09-06,1118,2,2677.87,0.15,West
84117,2023-06-29,1328,1,1211.89,0.0,East
84118,2023-08-29,1403,3,5304.42,0.05,North
84119,2023-02-23,1364,1,2171.85,0.15,East
84120,2023-07-08,1043,1,5500.2,0.1,South
84121,2023-06-15,1079,2,3455.43,0.15,East
84122,2023-07-31,1398,1,6844.53,0.0,North
84123,2023-10-28,1192,1,4266.24,0.05,South
84124,2023-12-02,1429,1,8053.02,0.1,North
84125,2023-06-24,1050,2,5460.51,0.0,East
84126,2023-12-12,1415,1,1508.53,0.05,West
84127,2023-09-16,1058,3,7981.11,0.2,West
84128,2023-07-27,1385,3,1012.86,0.0,North
84129,2023-01-10,1255,1,3333.15,0.1,West
84130,2023-10-31,1422,1,7960.82,0.2,North
84131,2023-08-18,1098,1,5106.64,0.1,North
84132,2023-06-27,1391,2,5219.96,0.1,South
84133,2023-07-18,1351,1,3664.75,0.05,West
84134,2023-08-03,1094,1,4076.74,0.0,East
84135,2023-07-22,1095,4,8984.7,0.15,East
84136,2023-03-19,1403,1,5818.82,0.05,West
84137,2023-11-23,1357,4,5224.83,0.0,West
84138,2023-03-31,1412,1,1010.74,0.0,North
84139,2023-10-10,1192,5,3554.08,0.1,South
84140,2023-10-09,1401,1,5161.15,0.2,West
84141,2023-01-25,1047,1,2157.19,0.1,South
84142,2023-03-29,1479,3,5184.86,0.0,West
84143,2023-10-05,1126,4,1590.18,0.2,North
84144,2023-10-03,1181,1,2478.64,0.2,East
84145,2023-07-31,1344,1,2515.8,0.05,West
84146,2023-07-03,1249,3,1881.42,0.15,East
84147,2023-06-09,1383,3,9565.05,0.15,East
84148,2023-04-03,1024,2,5218.9,0.0,South
84149,2023-11-27,1336,2,5170.77,0.15,East
84150,2023-09-29,1167,4,1789.01,0.05,South
84151,2023-04-08,1223,5,3982.67,0.2,East
84152,2023-03-18,1133,1,2341.28,0.15,East
84153,2023-12-09,1013,5,2059.17,0.1,East
84154,2023-09-08,1333,2,7910.01,0.1,East
84155,2023-09-03,1385,1,1018.64,0.05,North
84156,2023-05-20,1131,2,5333.67,0.05,North
84157,2023-10-16,1170,3,784.87,0.05,North
84158,2023-07-05,1341,1,8266.45,0.15,South
84159,2023-10-28,1168,1,1644.23,0.05,East
84160,2023-09-15,1252,4,314.6,0.0,North
84161,2023-03-13,1285,2,8965.29,0.15,North
84162,2023-11-25,1121,3,6532.63,0.15,South
84163,2023-11-03,1186,1,169.67,0.0,West
84164,2023-02-12,1167,3,1583.35,0.0,West
84165,2023-12-10,1350,1,4553.66,0.0,North
84166,2023-04-09,1350,1,3156.56,0.2,South
84167,2023-05-21,1311,4,5479.43,0.1,West
84168,2023-05-08,1398,4,6514.61,0.2,North
84169,2023-07-30,1104,5,2766.86,0.05,South
84170,2023-01-07,1490,1,2919.71,0.05,South
84171,2023-09-06,1259,2,3685.55,0.05,West
84172,2023-11-20,1412,4,1006.95,0.0,South
84173,2023-11-10,1018,2,577.15,0.2,North
84174,2023-07-16,1398,5,4834.51,0.15,East
84175,2023-07-22,1437,2,3919.37,0.0,West
84176,2023-05-25,1373,3,11434.74,0.2,South
84177,2023-04-09,1223,2,2857.76,0.05,South
84178,2023-02-09,1287,5,1224.48,0.2,West
84179,2023-07-06,1060,1,8473.41,0.1,South
84180,2023-01-09,1217,5,7616.72,0.05,East
84181,2023-08-31,1269,1,10810.5,0.2,South
84182,2023-02-25,1323,4,1284.71,0.0,East
84183,2023-05-24,1349,1,206.6,0.1,East
84184,2023-01-06,1428,4,1363.67,0.15,North
84185,2023-11-07,1435,5,4619.05,0.2,East
84186,2023-08-26,1210,1,6881.15,0.15,West
84187,2023-12-20,1201,1,2649.43,0.1,North
84188,2023-03-02,1405,3,5316.92,0.05,North
84189,2023-11-11,1318,5,5004.09,0.15,West
84190,2023-11-04,1103,1,272.76,0.0,West
84191,2023-11-23,1330,1,4027.57,0.1,East
84192,2023-09-20,1085,1,2662.96,0.05,North
84193,2023-01-06,1430,3,1473.75,0.2,North
84194,2023-07-04,1344,2,2849.49,0.05,South
84195,2023-09-08,1171,5,825.0,0.05,South
84196,2023-09-13,1336,2,4316.45,0.0,West
84197,2023-06-05,1100,1,3802.48,0.2,East
84198,2023-11-27,1428,2,1297.22,0.2,South
84199,2023-04-20,1271,1,8685.05,0.05,North
84200,2023-11-14,1467,5,3103.18,0.2,East
84201,2023-10-31,1478,2,3266.09,0.1,East
84202,2023-12-09,1320,5,3532.1,0.1,North
84203,2023-08-28,1284,2,8075.58,0.15,North
84204,2023-01-15,1119,1,2639.39,0.05,West
84205,2023-10-19,1190,3,2302.15,0.1,South
84206,2023-05-30,1038,3,6660.35,0.05,South
84207,2023-09-03,1219,1,6161.83,0.0,South
84208,2023-08-17,1391,3,4705.06,0.15,North
84209,2023-09-17,1096,2,2737.83,0.1,North
84210,2023-11-22,1333,1,6558.66,0.2,North
84211,2023-12-19,1081,1,6106.18,0.05,East
84212,2023-12-04,1267,1,862.01,0.2,East
84213,2023-05-06,1341,2,8805.91,0.0,East
84214,2023-06-01,1294,1,2808.92,0.15,North
84215,2023-06-25,1065,2,811.31,0.15,South
84216,2023-02-27,1212,1,3689.58,0.15,South
84217,2023-05-07,1384,5,8002.05,0.15,South
84218,2023-10-14,1249,1,2436.7,0.15,South
84219,2023-01-30,1027,1,756.27,0.2,South
84220,2023-07-22,1050,2,8234.73,0.05,North
84221,2023-06-03,1055,4,5030.72,0.0,East
84222,2023-11-21,1055,1,2748.97,0.2,South
84223,2023-01-05,1337,1,2260.18,0.05,North
84224,2023-09-04,1473,1,3300.65,0.1,South
84225,2023-09-26,1280,2,6268.43,0.1,South
84226,2023-12-22,1497,1,1881.72,0.0,East
84227,2023-02-12,1132,5,6718.21,0.2,South
84228,2023-12-29,1444,1,4300.25,0.05,North
84229,2023-06-04,1437,2,5239.14,0.0,East
84230,2023-03-07,1391,1,6617.49,0.15,North
84231,2023-01-18,1018,1,783.28,0.1,North
84232,2023-06-24,1439,2,10589.98,0.2,South
84233,2023-09-16,1006,5,901.53,0.15,North
84234,2023-05-26,1384,3,8086.66,0.05,South
84235,2023-11-26,1412,2,909.31,0.1,North
84236,2023-02-23,1011,5,8370.7,0.15,West
84237,2023-12-16,1113,3,4157.53,0.2,East
84238,2023-07-20,1024,2,5411.99,0.05,South
84239,2023-12-07,1376,1,7219.3,0.0,North
84240,2023-05-15,1309,1,2627.4,0.05,South
84241,2023-08-20,1105,2,9924.56,0.2,East
84242,2023-06-13,1332,1,3670.55,0.2,West
84243,2023-03-25,1169,1,2944.88,0.1,West
84244,2023-08-11,1120,1,10790.73,0.05,East
84245,2023-06-18,1130,4,6416.82,0.1,East
84246,2023-05-11,1334,3,4592.13,0.15,East
84247,2023-09-26,1438,1,9225.17,0.1,South
84248,2023-06-26,1005,3,3856.82,0.05,East
84249,2023-06-30,1171,3,710.62,0.0,South
84250,2023-11-25,1285,2,9587.53,0.0,South
84251,2023-06-21,1358,1,6559.19,0.15,South
84252,2023-04-29,1037,4,5038.12,0.2,East
84253,2023-06-03,1377,1,7208.26,0.05,West
84254,2023-10-26,1105,2,5901.31,0.1,East
84255,2023-08-14,1244,2,7618.05,0.1,South
84256,2023-01-17,1089,2,2763.76,0.15,South
84257,2023-03-28,1109,3,996.92,0.0,West
84258,2023-02-07,1102,3,8248.47,0.2,East
84259,2023-04-09,1420,4,2574.73,0.2,East
84260,2023-09-12,1057,5,4478.04,0.15,West
84261,2023-03-19,1101,1,5734.24,0.15,West
84262,2023-02-09,1383,4,12482.66,0.15,South
84263,2023-03-25,1236,5,979.58,0.2,East
84264,2023-01-28,1296,1,723.51,0.2,East
84265,2023-06-07,1173,5,4856.08,0.15,East
84266,2023-07-09,1473,4,3267.17,0.1,North
84267,2023-05-17,1237,1,1770.72,0.0,North
84268,2023-05-07,1243,3,6847.21,0.1,West
84269,2023-02-08,1405,2,5125.51,0.1,North
84270,2023-11-12,1262,2,930.96,0.1,South
84271,2023-04-20,1059,3,1078.97,0.0,North
84272,2023-10-02,1414,4,5459.33,0.15,South
84273,2023-11-16,1445,4,9501.56,0.2,West
84274,2023-12-21,1009,2,8424.73,0.2,South
84275,2023-04-03,1500,5,287.48,0.1,West
84276,2023-05-20,1004,3,1325.51,0.0,East
84277,2023-10-02,1303,4,1210.74,0.1,East
84278,2023-08-04,1075,2,182.57,0.15,East
84279,2023-04-15,1261,5,4442.95,0.05,North
84280,2023-09-22,1286,1,4605.66,0.0,West
84281,2023-06-24,1036,2,3317.44,0.1,West
84282,2023-12-13,1264,1,5593.24,0.05,South
84283,2023-12-26,1418,2,1533.08,0.15,North
84284,2023-06-04,1265,1,1700.51,0.0,East
84285,2023-04-23,1489,5,3827.76,0.05,North
84286,2023-12-09,1242,5,7573.2,0.0,East
84287,2023-01-06,1259,5,1828.61,0.0,South
84288,2023-01-12,1373,4,5735.5,0.1,East
84289,2023-06-24,1457,1,7980.45,0.05,West
84290,2023-06-14,1339,1,2563.05,0.2,South
84291,2023-04-02,1249,3,1927.86,0.1,East
84292,2023-04-15,1106,1,8733.0,0.2,South
84293,2023-05-11,1314,1,1284.29,0.15,West
84294,2023-09-20,1223,1,2618.55,0.0,South
84295,2023-03-28,1108,1,3823.97,0.0,East
84296,2023-01-27,1084,2,757.85,0.1,North
84297,2023-10-25,1182,4,2934.12,0.2,East
84298,2023-12-17,1400,1,4546.21,0.0,West
84299,2023-05-08,1234,3,7325.38,0.2,South
84300,2023-11-28,1071,4,4638.47,0.2,South
84301,2023-09-18,1486,2,5362.23,0.0,East
84302,2023-03-24,1046,2,907.33,0.05,East
84303,2023-07-30,1226,1,2411.71,0.2,North
84304,2023-12-08,1385,1,731.02,0.15,North
84305,2023-05-20,1339,1,1880.29,0.0,South
84306,2023-08-20,1310,1,1058.36,0.05,South
84307,2023-03-24,1155,4,3213.56,0.05,South
84308,2023-03-17,1023,1,8324.68,0.2,West
84309,2023-06-05,1148,1,1943.61,0.15,North
84310,2023-01-04,1433,1,4736.15,0.05,West
84311,2023-10-31,1060,1,8895.83,0.15,West
84312,2023-08-21,1274,1,179.45,0.2,West
84313,2023-07-13,1350,1,5784.96,0.05,East
84314,2023-06-05,1199,4,998.81,0.1,East
84315,2023-04-26,1359,1,7246.88,0.0,North
84316,2023-09-13,1485,3,759.3,0.1,West
84317,2023-03-15,1012,2,5304.03,0.2,West
84318,2023-11-03,1382,2,2445.98,0.0,West
84319,2023-07-25,1142,2,2920.01,0.2,West
84320,2023-04-25,1455,5,2665.9,0.0,North
84321,2023-10-16,1043,2,4342.04,0.1,East
84322,2023-04-30,1207,4,2615.47,0.05,West
84323,2023-07-13,1130,5,6020.27,0.05,East
84324,2023-10-25,1096,1,2356.67,0.0,East
84325,2023-12-09,1180,2,9705.45,0.1,West
84326,2023-08-13,1442,5,1553.61,0.2,South
84327,2023-01-12,1493,2,4960.73,0.1,West
84328,2023-06-26,1055,2,2988.27,0.15,North
84329,2023-11-03,1086,2,9232.19,0.2,West
84330,2023-03-12,1290,5,7022.78,0.0,East
84331,2023-10-31,1499,3,1224.52,0.05,West
84332,2023-12-18,1162,1,5475.63,0.2,North
84333,2023-03-18,1205,1,8877.17,0.05,South
84334,2023-09-10,1099,4,829.52,0.1,West
84335,2023-09-06,1015,4,4267.45,0.05,North
84336,2023-12-03,1179,4,5427.94,0.1,North
84337,2023-01-19,1169,2,4416.53,0.2,South
84338,2023-04-04,1237,4,2706.64,0.2,South
84339,2023-03-03,1123,2,4492.38,0.05,West
84340,2023-06-26,1386,1,3061.42,0.1,West
84341,2023-11-09,1429,2,7161.96,0.2,North
84342,2023-05-19,1081,2,5467.74,0.2,East
84343,2023-10-29,1111,1,2415.69,0.2,West
84344,2023-01-03,1353,2,2849.7,0.15,South
84345,2023-03-13,1305,4,4753.35,0.1,North
84346,2023-12-30,1131,5,7056.93,0.0,West
84347,2023-03-03,1262,2,674.91,0.05,South
84348,2023-10-10,1367,1,9831.43,0.1,West
84349,2023-04-28,1236,2,2050.78,0.05,South
84350,2023-08-06,1219,5,9409.68,0.15,South
84351,2023-08-13,1230,4,4376.29,0.2,North
84352,2023-03-28,1091,1,261.81,0.0,North
84353,2023-08-19,1057,1,3873.57,0.0,North
84354,2023-06-19,1268,1,6448.2,0.2,South
84355,2023-11-11,1492,5,4528.05,0.2,East
84356,2023-07-18,1128,4,2129.23,0.15,South
84357,2023-11-17,1118,3,2249.83,0.0,South
84358,2023-07-25,1362,3,4645.95,0.1,West
84359,2023-08-08,1203,1,2973.46,0.1,North
84360,2023-10-26,1282,5,930.32,0.15,West
84361,2023-09-20,1355,2,2816.7,0.15,East
84362,2023-07-12,1284,4,8978.78,0.15,East
84363,2023-12-09,1042,1,123.06,0.05,South
84364,2023-07-13,1083,3,2570.45,0.05,West
84365,2023-06-16,1388,2,9688.31,0.05,North
84366,2023-06-22,1295,1,2810.78,0.0,East
84367,2023-10-03,1206,3,1647.42,0.2,South
84368,2023-12-05,1457,1,6103.02,0.05,North
84369,2023-06-17,1368,1,5579.23,0.2,North
84370,2023-11-15,1289,3,6002.73,0.0,South
84371,2023-12-05,1497,3,1318.81,0.0,North
84372,2023-07-28,1152,1,7689.47,0.15,South
84373,2023-07-27,1176,1,6769.09,0.1,North
84374,2023-02-05,1237,1,1805.23,0.2,North
84375,2023-09-12,1120,1,9130.88,0.2,West
84376,2023-12-08,1396,2,582.13,0.1,South
84377,2023-11-10,1309,2,3335.16,0.2,West
84378,2023-11-14,1415,2,1397.27,0.1,East
84379,2023-07-12,1086,2,4391.37,0.2,North
84380,2023-07-26,1211,3,10797.59,0.1,West
84381,2023-10-21,1392,1,423.62,0.05,East
84382,2023-01-20,1490,1,6125.45,0.15,North
84383,2023-01-04,1109,3,1323.12,0.2,West
84384,2023-06-02,1024,4,4020.44,0.2,South
84385,2023-04-25,1074,2,10093.61,0.2,North
84386,2023-10-21,1461,3,3997.8,0.15,West
84387,2023-05-04,1064,1,6202.57,0.05,South
84388,2023-12-29,1218,2,8453.14,0.15,South
84389,2023-03-30,1085,2,2482.43,0.2,West
84390,2023-08-23,1284,1,4861.96,0.05,South
84391,2023-04-06,1189,5,2167.72,0.0,East
84392,2023-10-15,1029,2,8131.11,0.15,North
84393,2023-11-27,1391,2,5214.25,0.15,South
84394,2023-08-08,1194,3,5472.15,0.0,North
84395,2023-04-21,1035,5,10915.98,0.0,South
84396,2023-12-10,1393,2,4125.21,0.15,West
84397,2023-09-11,1086,1,5375.09,0.2,East
84398,2023-12-08,1486,4,5010.66,0.05,North
84399,2023-08-01,1095,5,9847.48,0.15,West
84400,2023-08-12,1454,3,4864.64,0.2,East
84401,2023-07-06,1408,5,5183.82,0.0,North
84402,2023-03-14,1231,3,1315.44,0.15,West
84403,2023-07-14,1216,5,5630.08,0.2,North
84404,2023-12-11,1083,5,2330.65,0.1,West
84405,2023-10-22,1151,1,1017.68,0.15,West
84406,2023-07-29,1192,1,7606.49,0.2,South
84407,2023-02-07,1087,5,2561.26,0.0,East
84408,2023-07-03,1436,2,7344.1,0.05,East
84409,2023-04-15,1356,4,2992.89,0.05,East
84410,2023-04-27,1244,4,6162.7,0.1,East
84411,2023-12-09,1389,1,8017.98,0.15,South
84412,2023-09-05,1342,1,3853.21,0.15,South
84413,2023-08-04,1321,1,9820.95,0.0,South
84414,2023-12-15,1130,2,4970.4,0.0,South
84415,2023-09-21,1067,1,2279.36,0.05,North
84416,2023-06-08,1452,2,2747.13,0.2,West
84417,2023-10-19,1077,4,5811.18,0.05,West
84418,2023-05-21,1149,4,4739.34,0.0,North
84419,2023-02-06,1348,1,5921.28,0.0,South
84420,2023-05-26,1383,1,7464.99,0.15,East
84421,2023-09-15,1190,4,2063.55,0.0,South
84422,2023-10-29,1118,1,2315.06,0.2,North
84423,2023-02-10,1065,5,908.55,0.05,North
84424,2023-01-03,1046,1,906.86,0.05,East
84425,2023-11-05,1489,2,3211.84,0.05,West
84426,2023-05-01,1129,1,6637.82,0.1,West
84427,2023-01-19,1001,4,3772.77,0.15,West
84428,2023-03-13,1148,2,4040.39,0.0,South
84429,2023-05-31,1355,3,2798.91,0.15,East
84430,2023-07-03,1275,3,5020.22,0.0,West
84431,2023-05-12,1323,2,1612.31,0.05,South
84432,2023-06-06,1374,1,3971.71,0.0,North
84433,2023-03-22,1273,4,2174.3,0.15,North
84434,2023-03-19,1173,4,7640.3,0.05,North
84435,2023-01-08,1368,3,4467.94,0.0,South
84436,2023-09-29,1130,3,4245.77,0.2,North
84437,2023-04-02,1347,4,4278.01,0.1,North
84438,2023-01-10,1476,5,5951.75,0.05,East
84439,2023-07-12,1415,1,1297.84,0.1,South
84440,2023-08-08,1441,2,7444.47,0.1,West
84441,2023-05-05,1222,2,129.84,0.2,North
84442,2023-05-28,1494,3,6823.73,0.2,East
84443,2023-12-10,1164,2,3774.25,0.2,North
84444,2023-10-11,1461,1,5430.78,0.1,South
84445,2023-02-16,1087,2,2701.03,0.1,West
84446,2023-02-15,1437,1,3579.04,0.2,East
84447,2023-11-05,1383,4,12833.49,0.0,South
84448,2023-07-05,1125,5,4707.66,0.1,South
84449,2023-07-15,1235,3,6932.93,0.2,South
84450,2023-10-16,1418,1,1250.98,0.2,East
84451,2023-08-26,1263,2,2249.42,0.1,East
84452,2023-10-12,1178,4,9374.18,0.0,West
84453,2023-10-26,1500,2,428.98,0.2,North
84454,2023-11-29,1401,3,7188.83,0.2,East
84455,2023-12-14,1317,5,3206.98,0.2,North
84456,2023-11-01,1293,2,3087.48,0.1,South
84457,2023-09-20,1333,1,8033.57,0.2,North
84458,2023-07-20,1172,4,1093.34,0.0,North
84459,2023-09-17,1354,1,646.17,0.15,North
84460,2023-09-05,1465,1,8039.91,0.1,East
84461,2023-10-17,1199,2,1561.47,0.05,West
84462,2023-02-24,1276,1,6340.14,0.1,East
84463,2023-03-14,1176,1,7362.53,0.0,South
84464,2023-10-22,1387,2,1274.98,0.0,North
84465,2023-06-12,1130,5,5996.52,0.0,North
84466,2023-03-02,1418,4,925.18,0.0,South
84467,2023-07-16,1283,3,5170.04,0.15,North
84468,2023-02-04,1156,1,701.41,0.0,East
84469,2023-01-13,1142,2,5900.8,0.15,West
84470,2023-09-28,1193,1,173.83,0.15,North
84471,2023-12-06,1097,1,7025.94,0.1,South
84472,2023-03-08,1494,1,7966.36,0.05,East
84473,2023-07-30,1270,4,2007.0,0.05,North
84474,2023-05-11,1454,2,5263.9,0.05,South
84475,2023-06-27,1303,2,1663.78,0.0,South
84476,2023-01-12,1337,2,3729.68,0.0,South
84477,2023-01-26,1476,2,7661.97,0.2,West
84478,2023-12-27,1409,2,4917.3,0.1,West
84479,2023-06-07,1323,2,1623.23,0.0,North
84480,2023-12-16,1484,1,7422.95,0.0,South
84481,2023-10-09,1138,4,2274.5,0.1,East
84482,2023-12-04,1021,4,6369.82,0.0,West
84483,2023-11-17,1272,1,10166.69,0.05,North
84484,2023-05-04,1016,1,883.77,0.15,West
84485,2023-12-30,1220,2,6484.3,0.05,North
84486,2023-06-03,1370,1,3240.17,0.2,North
84487,2023-10-05,1359,5,6830.9,0.2,South
84488,2023-04-30,1427,5,6521.4,0.15,North
84489,2023-03-26,1362,3,3886.39,0.2,South
84490,2023-03-12,1001,5,4555.77,0.0,East
84491,2023-06-26,1206,2,1123.15,0.05,South
84492,2023-12-14,1266,1,12527.6,0.1,North
84493,2023-11-19,1419,1,4846.71,0.1,North
84494,2023-08-09,1137,2,1947.64,0.1,North
84495,2023-07-13,1498,4,3578.92,0.15,South
84496,2023-08-11,1407,1,992.19,0.05,South
84497,2023-05-13,1180,2,8965.55,0.15,East
84498,2023-08-21,1006,4,1313.06,0.15,West
84499,2023-07-18,1317,1,3771.0,0.2,East
84500,2023-07-18,1324,2,1517.48,0.15,South
84501,2023-08-04,1293,1,2006.03,0.0,North
84502,2023-04-28,1320,2,4641.52,0.2,West
84503,2023-07-15,1278,3,1928.91,0.05,North
84504,2023-08-25,1012,2,3846.19,0.15,East
84505,2023-02-03,1375,1,6780.96,0.15,North
84506,2023-09-15,1137,1,1447.63,0.15,West
84507,2023-08-27,1151,4,1243.86,0.1,South
84508,2023-11-29,1306,2,457.14,0.2,East
84509,2023-11-14,1277,1,6016.05,0.1,North
84510,2023-03-10,1047,1,2005.6,0.0,South
84511,2023-10-06,1196,1,843.76,0.0,North
84512,2023-01-07,1475,2,3623.72,0.1,South
84513,2023-07-19,1481,1,1040.17,0.05,West
84514,2023-01-05,1313,3,8981.54,0.2,North
84515,2023-01-01,1270,5,2363.46,0.0,North
84516,2023-01-25,1331,1,3617.78,0.0,South
84517,2023-12-22,1196,1,897.42,0.1,North
84518,2023-01-25,1405,1,6013.81,0.15,South
84519,2023-05-07,1282,1,1059.62,0.2,West
84520,2023-11-09,1406,1,692.11,0.1,West
84521,2023-12-25,1301,1,1746.44,0.15,East
84522,2023-07-26,1096,1,3073.97,0.2,East
84523,2023-04-08,1024,3,5172.64,0.05,East
84524,2023-06-08,1383,1,8634.88,0.2,North
84525,2023-09-27,1281,1,641.74,0.1,South
84526,2023-10-06,1161,1,2066.89,0.2,East
84527,2023-11-07,1470,3,2961.41,0.2,West
84528,2023-10-25,1253,1,2195.8,0.1,West
84529,2023-03-05,1001,2,3724.23,0.15,West
84530,2023-04-11,1032,1,5939.41,0.1,West
84531,2023-12-08,1224,3,5568.51,0.0,South
84532,2023-06-25,1440,4,2201.31,0.05,West
84533,2023-02-07,1068,4,3790.51,0.15,East
84534,2023-05-22,1288,5,1704.85,0.1,East
84535,2023-08-23,1454,1,3990.41,0.05,East
84536,2023-02-09,1161,1,2745.83,0.05,North
84537,2023-12-04,1196,1,799.24,0.1,North
84538,2023-04-03,1332,1,4866.94,0.0,South
84539,2023-11-16,1429,2,9386.16,0.05,North
84540,2023-12-23,1155,1,2996.86,0.1,West
84541,2023-07-07,1351,2,7012.18,0.2,South
84542,2023-06-18,1186,1,232.12,0.15,North
84543,2023-09-09,1363,1,708.63,0.1,West
84544,2023-09-15,1340,2,6865.45,0.2,East
84545,2023-11-29,1024,3,4450.6,0.0,East
84546,2023-01-10,1357,5,9744.81,0.1,North
84547,2023-08-28,1478,5,1790.48,0.2,East
84548,2023-11-06,1052,5,6324.99,0.15,West
84549,2023-08-12,1123,3,4521.52,0.05,South
84550,2023-02-26,1462,3,6838.81,0.2,East
84551,2023-04-09,1266,3,7957.59,0.15,East
84552,2023-06-25,1401,1,4586.98,0.15,North
84553,2023-06-26,1381,5,2265.71,0.1,South
84554,2023-08-01,1139,3,7166.36,0.0,South
84555,2023-11-27,1192,1,7756.98,0.1,South
84556,2023-06-13,1298,4,1442.53,0.1,South
84557,2023-03-23,1122,1,5871.36,0.2,North
84558,2023-08-07,1009,2,3759.52,0.1,North
84559,2023-02-19,1336,5,9160.51,0.1,East
84560,2023-10-22,1473,1,3665.16,0.15,West
84561,2023-11-21,1281,5,440.06,0.1,South
84562,2023-07-20,1159,1,8071.33,0.15,North
84563,2023-01-06,1197,1,1679.94,0.1,East
84564,2023-10-11,1346,1,7752.01,0.1,West
84565,2023-05-19,1107,4,3997.04,0.15,North
84566,2023-12-06,1145,1,3780.73,0.0,South
84567,2023-10-05,1224,2,4617.07,0.0,North
84568,2023-04-11,1259,1,3073.87,0.1,South
84569,2023-06-02,1169,3,3806.28,0.15,South
84570,2023-09-24,1164,3,2266.0,0.0,East
84571,2023-02-18,1354,2,611.99,0.15,East
84572,2023-03-22,1102,1,6290.12,0.1,East
84573,2023-08-27,1466,5,1299.56,0.05,North
84574,2023-06-01,1179,1,4704.31,0.05,East
84575,2023-10-13,1416,2,9169.51,0.15,South
84576,2023-02-19,1191,5,809.64,0.15,South
84577,2023-12-16,1389,2,9230.8,0.15,North
84578,2023-01-17,1477,2,2613.05,0.0,West
84579,2023-11-10,1195,2,10942.27,0.15,South
84580,2023-08-10,1069,5,1275.69,0.2,West
84581,2023-02-13,1467,2,5543.02,0.0,North
84582,2023-11-30,1320,4,5003.21,0.0,West
84583,2023-06-12,1229,1,667.44,0.2,East
84584,2023-08-26,1399,1,4677.86,0.15,North
84585,2023-10-27,1497,2,1999.87,0.15,East
84586,2023-07-27,1470,2,1383.82,0.2,West
84587,2023-12-18,1256,2,7810.87,0.15,West
84588,2023-12-09,1429,5,5719.65,0.15,East
84589,2023-06-19,1160,5,7814.76,0.15,North
84590,2023-10-31,1235,1,6610.91,0.15,East
84591,2023-01-07,1102,1,8445.51,0.0,North
84592,2023-11-19,1047,5,1466.2,0.0,South
84593,2023-05-24,1264,2,4824.26,0.15,South
84594,2023-03-08,1123,5,4325.15,0.2,South
84595,2023-02-14,1166,3,3789.86,0.05,West
84596,2023-02-25,1482,1,4125.78,0.0,West
84597,2023-03-02,1011,4,5956.48,0.2,West
84598,2023-05-20,1392,4,379.56,0.05,West
84599,2023-04-21,1007,1,4446.63,0.2,East
84600,2023-03-14,1416,1,9896.96,0.05,East
84601,2023-03-23,1421,5,3408.84,0.05,West
84602,2023-10-15,1110,2,3401.54,0.1,West
84603,2023-01-16,1024,1,6590.13,0.1,South
84604,2023-01-22,1066,2,629.05,0.2,East
84605,2023-06-24,1207,4,1511.42,0.2,North
84606,2023-09-13,1010,5,7961.93,0.15,South
84607,2023-11-02,1189,5,3336.84,0.2,East
84608,2023-01-21,1204,1,4962.7,0.0,West
84609,2023-01-29,1048,5,4397.04,0.05,West
84610,2023-10-13,1370,2,2149.76,0.05,West
84611,2023-05-29,1474,1,6552.99,0.2,West
84612,2023-09-23,1062,1,7779.39,0.1,South
84613,2023-02-02,1059,4,892.48,0.15,West
84614,2023-06-02,1316,5,2538.28,0.2,West
84615,2023-11-12,1367,1,7440.63,0.15,North
84616,2023-07-30,1360,3,5612.87,0.05,South
84617,2023-12-03,1411,4,1224.76,0.0,South
84618,2023-02-09,1086,5,7809.81,0.05,South
84619,2023-06-07,1037,1,7271.37,0.1,South
84620,2023-11-06,1326,1,6852.92,0.15,East
84621,2023-04-01,1255,3,6717.12,0.2,North
84622,2023-02-20,1016,2,696.32,0.15,East
84623,2023-02-27,1306,1,635.49,0.1,West
84624,2023-12-07,1261,1,4180.14,0.1,East
84625,2023-07-01,1024,1,6447.04,0.15,South
84626,2023-11-26,1418,2,1202.01,0.2,East
84627,2023-08-12,1411,1,765.39,0.1,East
84628,2023-12-27,1334,4,3177.52,0.1,West
84629,2023-05-16,1391,1,3754.68,0.05,East
84630,2023-10-15,1353,5,2684.13,0.0,West
84631,2023-08-14,1184,1,1187.49,0.05,South
84632,2023-02-08,1410,1,7348.41,0.0,East
84633,2023-03-22,1378,1,2278.0,0.0,East
84634,2023-06-30,1408,3,2631.7,0.0,East
84635,2023-07-22,1126,3,2414.28,0.2,South
84636,2023-02-07,1273,1,1292.46,0.15,West
84637,2023-04-21,1102,5,6502.95,0.2,West
84638,2023-11-10,1024,2,6299.88,0.05,South
84639,2023-08-12,1135,4,2253.62,0.1,West
84640,2023-06-12,1292,1,5673.24,0.1,North
84641,2023-09-28,1482,4,5926.91,0.2,East
84642,2023-04-08,1028,5,5570.45,0.1,North
84643,2023-04-27,1180,1,10016.17,0.0,North
84644,2023-11-19,1340,3,8297.35,0.05,East
84645,2023-04-10,1443,3,6742.14,0.2,South
84646,2023-12-30,1396,2,677.91,0.1,East
84647,2023-11-04,1333,4,5222.15,0.15,North
84648,2023-11-30,1056,3,2515.18,0.0,North
84649,2023-12-09,1012,1,5780.22,0.0,North
84650,2023-10-27,1201,2,2511.36,0.15,North
84651,2023-03-07,1344,1,3285.45,0.0,East
84652,2023-01-06,1213,1,1815.86,0.05,North
84653,2023-05-18,1414,1,8211.41,0.15,East
84654,2023-10-14,1150,1,792.89,0.0,North
84655,2023-06-28,1271,1,7603.74,0.0,North
84656,2023-01-14,1132,4,6713.72,0.1,West
84657,2023-02-20,1494,5,8797.98,0.15,North
84658,2023-03-12,1388,1,7536.59,0.15,East
84659,2023-10-05,1005,2,4365.88,0.05,South
84660,2023-07-31,1318,3,7133.85,0.15,North
84661,2023-04-23,1324,2,2430.42,0.2,North
84662,2023-07-18,1112,4,2669.17,0.15,North
84663,2023-07-13,1101,2,2481.73,0.0,South
84664,2023-08-02,1187,3,5619.8,0.1,West
84665,2023-04-01,1120,2,10486.07,0.0,South
84666,2023-04-10,1398,1,5194.61,0.0,South
84667,2023-06-14,1374,1,3587.51,0.0,East
84668,2023-08-24,1261,2,4389.2,0.2,South
84669,2023-11-18,1443,1,10740.61,0.2,West
84670,2023-06-26,1122,1,3460.46,0.05,North
84671,2023-04-27,1352,3,6964.56,0.05,North
84672,2023-10-20,1255,5,5739.57,0.1,West
84673,2023-12-26,1134,5,6078.69,0.15,South
84674,2023-11-19,1458,4,1722.79,0.05,South
84675,2023-09-05,1324,2,1898.59,0.15,North
84676,2023-02-08,1032,1,7470.93,0.2,West
84677,2023-02-17,1064,1,7809.74,0.15,North
84678,2023-01-30,1427,4,8179.59,0.2,West
84679,2023-11-20,1437,5,5222.34,0.15,West
84680,2023-11-27,1322,1,2686.63,0.1,West
84681,2023-01-19,1046,1,709.75,0.2,West
84682,2023-10-29,1012,2,4967.95,0.2,West
84683,2023-01-21,1390,3,3448.55,0.0,North
84684,2023-05-11,1059,1,662.06,0.1,South
84685,2023-10-08,1360,5,3114.56,0.1,West
84686,2023-01-31,1292,1,5520.49,0.0,East
84687,2023-12-02,1100,1,4245.82,0.2,East
84688,2023-05-09,1167,4,2747.63,0.2,East
84689,2023-05-21,1449,2,515.82,0.15,North
84690,2023-07-19,1111,4,2099.83,0.05,North
84691,2023-08-31,1049,2,9809.78,0.05,East
84692,2023-04-14,1199,1,1423.16,0.2,West
84693,2023-02-06,1082,4,7732.48,0.2,East
84694,2023-10-20,1358,3,7552.71,0.05,South
84695,2023-09-12,1003,3,9063.13,0.15,East
84696,2023-01-09,1259,2,1713.28,0.05,West
84697,2023-07-28,1436,1,8018.41,0.2,West
84698,2023-08-09,1416,1,5329.44,0.05,East
84699,2023-11-03,1210,4,8030.62,0.15,West
84700,2023-06-15,1129,1,7170.29,0.0,East
84701,2023-09-25,1152,1,6462.63,0.1,West
84702,2023-01-08,1187,5,5152.2,0.0,North
84703,2023-11-09,1400,5,5961.79,0.0,East
84704,2023-09-06,1241,1,801.03,0.1,North
84705,2023-10-20,1081,5,7848.54,0.1,South
84706,2023-04-17,1015,3,7397.33,0.0,South
84707,2023-04-10,1206,1,3256.28,0.1,West
84708,2023-09-30,1490,1,7495.9,0.0,North
84709,2023-02-11,1345,1,4375.28,0.05,North
84710,2023-01-01,1122,2,7235.97,0.1,North
84711,2023-11-20,1216,1,4099.18,0.15,South
84712,2023-10-27,1401,1,4552.22,0.15,East
84713,2023-01-04,1430,2,2918.28,0.2,East
84714,2023-09-05,1039,1,3839.79,0.05,West
84715,2023-10-07,1031,1,8843.86,0.05,West
84716,2023-05-11,1313,1,7455.24,0.05,East
84717,2023-12-16,1201,1,2406.32,0.0,West
84718,2023-03-13,1186,2,244.42,0.0,East
84719,2023-06-02,1248,5,5909.66,0.0,North
84720,2023-01-07,1178,2,7265.29,0.15,North
84721,2023-01-08,1332,1,2936.82,0.05,East
84722,2023-09-14,1333,1,4243.58,0.2,South
84723,2023-03-03,1314,3,918.23,0.0,South
84724,2023-08-01,1073,2,7988.15,0.05,North
84725,2023-06-09,1460,1,4758.15,0.15,North
84726,2023-10-18,1426,2,7911.21,0.2,South
84727,2023-12-15,1427,1,4323.0,0.1,South
84728,2023-07-10,1177,3,1147.52,0.2,South
84729,2023-11-30,1429,1,6290.91,0.0,West
84730,2023-02-21,1383,2,10255.68,0.05,South
84731,2023-08-31,1165,2,6883.21,0.15,North
84732,2023-03-21,1412,2,934.21,0.2,East
84733,2023-11-07,1446,3,8994.85,0.1,South
84734,2023-05-06,1281,1,747.77,0.15,West
84735,2023-02-23,1423,1,4166.2,0.1,North
84736,2023-12-20,1487,2,1867.58,0.0,South
84737,2023-12-24,1034,3,2552.49,0.2,South
84738,2023-10-16,1486,1,6355.92,0.0,West
84739,2023-12-05,1268,4,2861.68,0.05,North
84740,2023-05-16,1146,1,4645.46,0.05,East
84741,2023-03-10,1475,1,4374.87,0.2,West
84742,2023-08-25,1176,3,8958.14,0.05,South
84743,2023-10-15,1476,1,9383.07,0.05,West
84744,2023-11-06,1466,3,2008.18,0.0,South
84745,2023-04-03,1204,3,5367.16,0.1,South
84746,2023-01-18,1343,3,92.36,0.2,West
84747,2023-12-16,1322,1,3722.24,0.05,South
84748,2023-08-04,1319,1,5151.58,0.0,South
84749,2023-12-02,1105,4,7158.87,0.05,North
84750,2023-06-16,1500,5,512.52,0.05,West
84751,2023-07-09,1108,4,2175.44,0.05,North
84752,2023-04-26,1016,2,1012.83,0.1,South
84753,2023-07-21,1294,4,4368.43,0.15,North
84754,2023-06-24,1095,2,9275.09,0.05,North
84755,2023-08-30,1302,3,637.32,0.2,West
84756,2023-04-08,1039,4,3489.26,0.0,West
84757,2023-07-17,1298,2,2145.59,0.15,East
84758,2023-08-25,1285,1,9996.37,0.05,West
84759,2023-02-25,1344,1,2939.7,0.0,North
84760,2023-04-05,1392,1,671.35,0.0,South
84761,2023-06-07,1332,1,4559.44,0.0,East
84762,2023-04-23,1005,5,3635.34,0.1,South
84763,2023-01-13,1245,1,3684.68,0.0,North
84764,2023-01-23,1245,5,3240.1,0.0,East
84765,2023-03-26,1440,1,1795.37,0.1,North
84766,2023-02-06,1345,2,4349.65,0.0,West
84767,2023-01-22,1480,2,7736.51,0.2,East
84768,2023-03-24,1431,1,3146.09,0.2,North
84769,2023-06-18,1444,2,5668.41,0.2,East
84770,2023-06-12,1287,3,2541.84,0.1,South
84771,2023-12-12,1375,3,7082.9,0.0,North
84772,2023-04-23,1471,2,6877.6,0.2,South
84773,2023-04-26,1123,1,5212.12,0.0,South
84774,2023-03-24,1147,1,7117.98,0.15,North
84775,2023-07-30,1201,3,4165.86,0.1,South
84776,2023-08-31,1038,4,8085.04,0.05,South
84777,2023-06-12,1225,2,633.97,0.2,West
84778,2023-11-29,1495,3,5118.41,0.05,West
84779,2023-01-18,1369,2,851.69,0.1,South
84780,2023-08-08,1242,3,8965.82,0.0,West
84781,2023-08-24,1082,5,5045.86,0.1,West
84782,2023-07-21,1127,4,4395.32,0.15,East
84783,2023-09-03,1355,1,2584.52,0.2,West
84784,2023-08-17,1353,4,3514.06,0.05,West
84785,2023-06-03,1410,4,8123.87,0.2,West
84786,2023-09-16,1082,1,8083.74,0.05,East
84787,2023-02-17,1229,2,955.85,0.05,North
84788,2023-03-09,1388,4,6435.67,0.0,North
84789,2023-07-27,1307,1,5420.15,0.1,East
84790,2023-12-26,1020,4,8660.28,0.15,North
84791,2023-11-21,1376,1,4268.23,0.05,West
84792,2023-11-26,1109,4,1141.06,0.2,East
84793,2023-06-14,1255,2,8446.41,0.05,West
84794,2023-08-11,1238,1,2875.61,0.2,South
84795,2023-06-01,1384,1,8350.13,0.15,East
84796,2023-11-26,1033,1,5002.09,0.1,East
84797,2023-04-26,1062,3,9215.14,0.1,West
84798,2023-06-02,1132,5,8796.26,0.1,North
84799,2023-05-18,1327,2,3525.39,0.15,South
84800,2023-10-25,1435,4,4442.36,0.15,West
84801,2023-09-12,1102,3,11179.21,0.2,South
84802,2023-08-05,1412,5,561.9,0.15,West
84803,2023-03-06,1203,1,3628.24,0.2,East
84804,2023-05-03,1367,2,7020.95,0.15,East
84805,2023-01-28,1494,2,11153.86,0.2,East
84806,2023-10-22,1478,4,1317.64,0.2,North
84807,2023-11-15,1282,1,728.58,0.05,South
84808,2023-09-27,1066,1,544.26,0.1,North
84809,2023-04-11,1085,1,1300.85,0.05,North
84810,2023-07-09,1434,3,715.96,0.1,West
84811,2023-02-08,1089,1,2794.69,0.0,West
84812,2023-09-14,1344,1,2816.43,0.2,North
84813,2023-06-20,1049,1,6406.63,0.1,North
84814,2023-10-13,1164,1,2439.18,0.2,East
84815,2023-12-25,1241,1,1154.4,0.05,South
84816,2023-12-04,1221,2,3857.51,0.15,East
84817,2023-07-07,1225,2,789.03,0.05,South
84818,2023-01-26,1386,5,3736.53,0.05,North
84819,2023-01-08,1042,5,73.89,0.2,South
84820,2023-03-25,1301,1,941.89,0.15,South
84821,2023-04-23,1112,1,4071.05,0.0,North
84822,2023-11-01,1338,5,5342.37,0.05,North
84823,2023-01-23,1154,2,984.54,0.05,West
84824,2023-01-19,1338,3,6753.04,0.1,West
84825,2023-06-01,1439,2,9103.49,0.1,North
84826,2023-11-06,1464,2,2174.03,0.15,East
84827,2023-02-25,1234,1,6948.2,0.2,East
84828,2023-03-16,1298,1,1325.82,0.0,East
84829,2023-01-08,1230,4,5737.91,0.1,East
84830,2023-04-02,1060,4,9347.12,0.0,North
84831,2023-08-31,1467,4,4259.96,0.0,South
84832,2023-05-24,1064,2,6539.7,0.05,North
84833,2023-09-28,1074,3,8392.72,0.0,East
84834,2023-03-02,1018,1,913.81,0.0,North
84835,2023-09-24,1495,1,5632.89,0.05,North
84836,2023-08-10,1385,1,1467.24,0.15,West
84837,2023-01-21,1006,5,1853.02,0.0,North
84838,2023-06-02,1139,1,5975.91,0.0,East
84839,2023-05-13,1393,3,4653.42,0.0,East
84840,2023-09-09,1341,2,8096.16,0.2,East
84841,2023-11-24,1158,1,4945.46,0.15,South
84842,2023-10-14,1276,2,6546.2,0.0,West
84843,2023-02-14,1242,3,5552.13,0.15,South
84844,2023-10-12,1229,4,619.27,0.15,West
84845,2023-10-10,1041,2,9644.17,0.05,West
84846,2023-11-02,1338,4,6471.16,0.0,West
84847,2023-08-27,1165,1,7928.19,0.15,East
84848,2023-09-11,1400,1,4329.0,0.2,West
84849,2023-11-16,1095,5,7574.22,0.05,South
84850,2023-04-06,1215,2,2919.42,0.05,North
84851,2023-06-14,1186,1,272.23,0.05,West
84852,2023-05-09,1226,3,2616.48,0.15,East
84853,2023-08-24,1432,5,9430.75,0.05,North
84854,2023-10-25,1270,2,2628.32,0.0,South
84855,2023-09-09,1068,4,4247.54,0.05,South
84856,2023-09-11,1157,3,4739.75,0.1,South
84857,2023-03-27,1444,1,3080.91,0.05,East
84858,2023-12-29,1262,2,589.45,0.0,North
84859,2023-11-23,1023,1,4738.03,0.05,North
84860,2023-09-27,1047,2,1527.25,0.2,North
84861,2023-06-14,1468,2,9277.14,0.0,South
84862,2023-11-03,1309,1,1977.62,0.05,North
84863,2023-08-13,1389,3,6187.19,0.05,North
84864,2023-11-12,1255,1,5059.8,0.2,West
84865,2023-10-16,1045,1,5114.06,0.05,North
84866,2023-08-18,1122,1,5396.92,0.05,North
84867,2023-11-26,1357,2,7003.34,0.0,South
84868,2023-03-12,1441,2,6359.68,0.2,North
84869,2023-10-28,1356,1,4481.81,0.05,East
84870,2023-06-28,1318,4,8984.69,0.0,North
84871,2023-11-29,1356,3,5833.58,0.0,East
84872,2023-10-25,1046,5,1162.66,0.15,East
84873,2023-01-12,1292,4,3464.87,0.0,East
84874,2023-09-19,1362,4,3160.65,0.1,North
84875,2023-01-27,1164,1,3320.83,0.2,East
84876,2023-09-05,1149,1,10170.51,0.0,North
84877,2023-01-04,1486,4,8678.09,0.15,East
84878,2023-02-04,1280,1,5091.61,0.1,South
84879,2023-04-12,1062,1,6673.04,0.15,East
84880,2023-12-22,1133,1,1924.26,0.05,East
84881,2023-12-28,1206,1,1336.35,0.0,East
84882,2023-09-22,1253,5,1468.34,0.2,East
84883,2023-01-06,1478,1,1684.37,0.2,South
84884,2023-11-19,1378,2,1308.56,0.2,North
84885,2023-05-17,1104,2,3773.19,0.15,North
84886,2023-05-28,1255,2,4339.27,0.2,East
84887,2023-03-25,1256,4,10071.58,0.1,East
84888,2023-11-02,1493,3,5303.59,0.1,East
84889,2023-03-25,1254,2,310.68,0.2,East
84890,2023-04-21,1443,3,6161.01,0.1,West
84891,2023-01-04,1415,2,1345.9,0.2,East
84892,2023-10-30,1070,2,1459.06,0.2,East
84893,2023-07-28,1195,1,5153.02,0.2,East
84894,2023-06-09,1221,2,2810.04,0.0,North
84895,2023-04-07,1030,1,13081.98,0.15,West
84896,2023-12-02,1236,4,1003.41,0.0,South
84897,2023-12-27,1101,1,4766.39,0.0,South
84898,2023-12-20,1034,1,3301.04,0.15,South
84899,2023-03-12,1008,1,7619.8,0.15,North
84900,2023-09-09,1110,1,3625.96,0.15,South
84901,2023-06-11,1250,4,6304.14,0.1,East
84902,2023-03-28,1193,2,273.78,0.0,South
84903,2023-02-23,1043,5,3307.56,0.1,West
84904,2023-10-03,1028,1,5310.39,0.15,West
84905,2023-10-29,1300,1,3895.39,0.1,West
84906,2023-07-28,1473,1,3224.18,0.2,South
84907,2023-10-31,1280,1,4576.11,0.15,West
84908,2023-02-11,1175,1,1847.12,0.05,South
84909,2023-02-11,1478,2,2451.35,0.2,South
84910,2023-02-25,1048,1,3330.76,0.05,South
84911,2023-04-25,1242,1,7126.89,0.0,West
84912,2023-12-02,1359,3,9063.74,0.15,West
84913,2023-08-13,1339,2,2311.14,0.05,North
84914,2023-04-17,1125,2,8448.38,0.1,West
84915,2023-04-03,1056,2,2825.14,0.05,South
84916,2023-10-28,1162,1,4830.82,0.0,South
84917,2023-07-04,1359,1,8264.9,0.1,East
84918,2023-11-04,1049,4,7691.6,0.0,West
84919,2023-01-27,1495,2,8336.5,0.1,North
84920,2023-10-28,1290,3,6547.9,0.2,North
84921,2023-09-13,1375,3,4056.07,0.0,North
84922,2023-06-17,1480,2,6941.81,0.2,North
84923,2023-07-13,1044,3,4066.42,0.2,South
84924,2023-03-15,1158,2,11552.16,0.0,North
84925,2023-05-19,1053,1,7691.39,0.05,East
84926,2023-09-12,1489,4,3234.57,0.0,North
84927,2023-09-08,1140,4,6335.3,0.0,East
84928,2023-03-22,1456,2,5598.32,0.0,North
84929,2023-05-02,1267,5,1292.04,0.0,South
84930,2023-11-17,1362,3,4719.11,0.2,South
84931,2023-10-07,1338,5,5073.71,0.05,East
84932,2023-02-12,1430,1,2561.52,0.1,North
84933,2023-08-09,1257,1,1608.85,0.0,South
84934,2023-02-15,1120,4,9020.75,0.05,South
84935,2023-03-15,1197,4,2159.72,0.0,East
84936,2023-05-31,1045,3,4381.7,0.15,West
84937,2023-09-20,1457,1,9677.59,0.0,East
84938,2023-05-14,1274,1,192.62,0.05,North
84939,2023-04-05,1237,3,1407.87,0.2,West
84940,2023-07-24,1181,1,3069.92,0.0,South
84941,2023-09-26,1053,1,12701.67,0.05,South
84942,2023-09-12,1370,3,2576.35,0.1,East
84943,2023-11-04,1259,3,3303.63,0.1,East
84944,2023-06-11,1239,5,544.31,0.2,South
84945,2023-09-06,1370,2,3870.66,0.15,South
84946,2023-09-07,1137,2,1560.78,0.2,East
84947,2023-03-23,1241,1,529.75,0.15,East
84948,2023-03-27,1046,2,797.02,0.2,West
84949,2023-01-21,1093,1,454.41,0.05,North
84950,2023-10-22,1459,2,4192.67,0.05,North
84951,2023-09-21,1170,1,1209.52,0.05,West
84952,2023-10-15,1318,5,7376.39,0.05,North
84953,2023-05-18,1215,2,2628.02,0.15,West
84954,2023-03-19,1228,2,7467.6,0.05,West
84955,2023-02-03,1086,1,7553.42,0.0,North
84956,2023-07-10,1226,1,2587.06,0.2,North
84957,2023-03-28,1340,1,5793.7,0.15,North
84958,2023-11-17,1075,1,237.1,0.1,North
84959,2023-04-22,1181,1,3560.62,0.15,South
84960,2023-05-18,1193,2,179.86,0.15,North
84961,2023-06-15,1178,5,7989.49,0.0,South
84962,2023-09-06,1299,2,4160.36,0.15,North
84963,2023-05-30,1498,3,3137.79,0.0,West
84964,2023-10-17,1157,1,4046.91,0.0,West
84965,2023-01-11,1256,2,7484.99,0.15,East
84966,2023-06-20,1389,1,7550.41,0.2,East
84967,2023-09-08,1464,3,1913.91,0.0,South
84968,2023-06-18,1272,1,10215.94,0.15,North
84969,2023-09-13,1289,2,4829.18,0.1,East
84970,2023-05-31,1101,3,3086.9,0.1,West
84971,2023-03-24,1019,4,5514.46,0.15,East
84972,2023-11-14,1261,2,6154.9,0.1,West
84973,2023-06-18,1452,2,1722.96,0.2,South
84974,2023-02-12,1212,2,6416.65,0.2,North
84975,2023-07-10,1238,4,2118.12,0.15,East
84976,2023-01-02,1137,2,971.86,0.2,South
84977,2023-11-11,1132,3,9020.0,0.0,South
84978,2023-05-23,1226,1,1848.41,0.1,North
84979,2023-11-25,1167,1,2983.59,0.1,South
84980,2023-06-04,1195,5,6748.68,0.05,West
84981,2023-12-29,1044,2,4703.58,0.2,South
84982,2023-10-23,1434,2,472.12,0.1,South
84983,2023-11-25,1255,3,7447.55,0.05,South
84984,2023-12-26,1116,1,3897.79,0.2,North
84985,2023-04-19,1228,1,6703.01,0.2,South
84986,2023-05-26,1012,1,4691.38,0.15,South
84987,2023-07-08,1107,4,4837.74,0.1,North
84988,2023-06-06,1467,2,5982.29,0.15,North
84989,2023-04-07,1221,2,3443.35,0.15,North
84990,2023-01-01,1162,1,5475.47,0.0,North
84991,2023-12-06,1329,4,467.5,0.0,West
84992,2023-03-08,1207,5,1314.46,0.2,South
84993,2023-08-12,1469,1,6855.11,0.0,South
84994,2023-03-19,1220,4,6245.04,0.2,East
84995,2023-04-10,1303,1,1385.15,0.0,East
84996,2023-10-24,1432,4,9376.66,0.05,South
84997,2023-10-24,1196,5,468.47,0.15,East
84998,2023-04-01,1426,2,6685.3,0.1,North
84999,2023-10-07,1343,2,163.05,0.05,South
85000,2023-02-18,1136,2,6939.37,0.2,South
85001,2023-10-11,1153,3,9237.66,0.0,North
85002,2023-10-27,1486,2,5097.34,0.1,West
85003,2023-05-04,1165,5,8443.82,0.1,East
85004,2023-06-25,1003,3,10422.57,0.1,East
85005,2023-08-10,1193,1,194.33,0.0,East
85006,2023-10-14,1237,5,1032.32,0.15,North
85007,2023-08-12,1335,1,1614.47,0.05,South
85008,2023-05-10,1336,1,5560.17,0.0,East
85009,2023-01-10,1238,2,3579.49,0.0,North
85010,2023-08-12,1160,3,7423.29,0.1,South
85011,2023-01-22,1314,2,1436.91,0.1,East
85012,2023-02-09,1011,1,5503.65,0.2,South
85013,2023-05-11,1117,4,4679.94,0.2,North
85014,2023-12-29,1338,1,3209.94,0.1,North
85015,2023-02-27,1377,2,7159.47,0.15,East
85016,2023-04-05,1294,1,3442.92,0.15,North
85017,2023-06-04,1304,5,252.54,0.15,West
85018,2023-08-12,1363,1,528.8,0.2,South
85019,2023-05-19,1449,1,1008.39,0.2,North
85020,2023-06-04,1399,3,7296.52,0.2,North
85021,2023-08-21,1183,1,693.76,0.1,West
85022,2023-02-28,1218,2,6482.73,0.0,East
85023,2023-09-02,1356,4,2524.58,0.15,South
85024,2023-01-22,1074,5,9039.55,0.15,South
85025,2023-08-25,1046,2,588.89,0.1,North
85026,2023-09-13,1057,4,3902.56,0.15,North
85027,2023-12-03,1443,1,9903.58,0.05,West
85028,2023-03-02,1150,3,1241.25,0.05,West
85029,2023-04-30,1390,3,4182.99,0.1,South
85030,2023-06-11,1349,1,140.5,0.0,South
85031,2023-03-22,1123,4,5418.14,0.1,South
85032,2023-10-25,1164,4,2351.9,0.2,West
85033,2023-01-28,1111,1,1663.58,0.0,North
85034,2023-08-12,1122,5,6392.99,0.0,West
85035,2023-03-01,1428,1,1811.13,0.1,West
85036,2023-11-14,1381,2,986.02,0.05,South
85037,2023-02-24,1136,2,8215.92,0.1,West
85038,2023-04-02,1345,1,5742.38,0.2,East
85039,2023-10-04,1105,5,6996.6,0.05,West
85040,2023-12-14,1233,2,447.18,0.05,South
85041,2023-01-22,1482,1,5491.23,0.2,East
85042,2023-10-29,1399,3,3285.52,0.2,South
85043,2023-06-18,1422,1,11842.06,0.05,East
85044,2023-06-09,1463,1,7098.58,0.1,South
85045,2023-03-05,1488,2,8153.92,0.0,South
85046,2023-09-14,1076,3,9427.45,0.0,East
85047,2023-04-13,1247,1,2093.42,0.1,South
85048,2023-11-16,1280,2,3259.11,0.0,North
85049,2023-12-27,1031,3,5779.71,0.15,South
85050,2023-04-23,1387,1,566.11,0.15,West
85051,2023-10-23,1075,3,173.66,0.1,South
85052,2023-10-07,1226,4,2319.16,0.2,North
85053,2023-10-11,1288,1,1414.59,0.1,West
85054,2023-06-20,1213,4,2478.05,0.1,North
85055,2023-03-21,1227,4,869.21,0.05,West
85056,2023-07-01,1086,1,8000.27,0.2,North
85057,2023-04-18,1036,4,3629.19,0.15,East
85058,2023-03-16,1321,1,6587.82,0.05,North
85059,2023-12-04,1280,1,4285.79,0.1,North
85060,2023-08-23,1181,2,2709.46,0.0,North
85061,2023-11-26,1159,3,7347.43,0.05,South
85062,2023-11-15,1275,2,7831.09,0.15,North
85063,2023-01-01,1143,1,6590.61,0.2,South
85064,2023-11-08,1209,2,4847.44,0.05,West
85065,2023-02-24,1159,3,6865.98,0.05,South
85066,2023-03-11,1091,1,318.67,0.0,East
85067,2023-05-18,1188,1,6344.27,0.15,East
85068,2023-10-12,1216,4,6205.27,0.2,West
85069,2023-06-27,1113,2,3713.8,0.2,West
85070,2023-06-24,1255,2,4046.25,0.0,South
85071,2023-05-01,1306,4,755.04,0.2,West
85072,2023-10-07,1298,2,2917.87,0.05,South
85073,2023-03-28,1404,4,2628.06,0.2,South
85074,2023-08-26,1404,1,4363.57,0.15,South
85075,2023-10-14,1079,2,4626.96,0.15,South
85076,2023-03-17,1115,4,3570.51,0.15,North
85077,2023-07-08,1435,1,5297.23,0.1,North
85078,2023-04-12,1096,1,2997.51,0.0,East
85079,2023-11-24,1482,3,3043.69,0.2,West
85080,2023-07-30,1478,1,2696.5,0.2,West
85081,2023-12-03,1040,1,5282.64,0.05,South
85082,2023-10-31,1202,5,2563.55,0.1,South
85083,2023-11-07,1262,1,579.44,0.15,South
85084,2023-11-01,1379,5,808.14,0.15,West
85085,2023-08-09,1477,1,3778.09,0.05,East
85086,2023-08-01,1368,2,4372.89,0.1,South
85087,2023-01-03,1288,1,1093.73,0.0,North
85088,2023-02-13,1436,2,7958.16,0.2,North
85089,2023-01-25,1075,5,161.79,0.15,North
85090,2023-04-28,1082,1,8741.53,0.2,West
85091,2023-07-18,1017,1,3073.19,0.05,South
85092,2023-11-10,1016,5,784.8,0.0,North
85093,2023-01-03,1154,2,1635.49,0.2,South
85094,2023-06-21,1354,3,532.24,0.1,North
85095,2023-12-10,1457,2,6101.29,0.2,South
85096,2023-02-12,1454,1,3888.77,0.15,West
85097,2023-01-20,1431,2,3355.06,0.1,South
85098,2023-06-19,1299,1,5477.31,0.0,East
85099,2023-07-20,1311,1,3410.87,0.1,South
85100,2023-10-16,1338,3,3514.43,0.05,West
85101,2023-04-08,1067,2,2476.31,0.15,South
85102,2023-01-24,1372,1,1525.5,0.05,West
85103,2023-03-18,1239,5,539.99,0.2,West
85104,2023-06-29,1126,4,2730.23,0.05,East
85105,2023-03-13,1176,2,9294.62,0.1,South
85106,2023-04-27,1450,1,1659.31,0.05,South
85107,2023-03-14,1089,2,2797.31,0.0,South
85108,2023-01-11,1089,1,1903.88,0.05,South
85109,2023-03-24,1405,1,5266.7,0.15,North
85110,2023-08-22,1100,3,4171.28,0.05,West
85111,2023-02-21,1225,5,792.49,0.15,South
85112,2023-12-17,1415,2,817.78,0.1,West
85113,2023-12-24,1441,1,10590.93,0.2,North
85114,2023-10-11,1031,1,6227.17,0.05,East
85115,2023-08-21,1370,1,3645.6,0.0,North
85116,2023-12-21,1001,1,4681.26,0.15,South
85117,2023-05-10,1183,1,933.52,0.0,East
85118,2023-05-06,1447,2,5076.76,0.05,West
85119,2023-06-26,1484,1,10807.75,0.1,East
85120,2023-06-01,1398,2,8340.37,0.2,East
85121,2023-09-12,1026,1,1285.56,0.0,East
85122,2023-04-11,1465,4,4571.85,0.1,South
85123,2023-04-16,1072,2,2822.65,0.15,North
85124,2023-05-12,1496,4,9924.73,0.1,West
85125,2023-10-18,1376,1,7535.94,0.15,East
85126,2023-01-02,1304,1,332.61,0.05,East
85127,2023-10-04,1117,1,8542.77,0.2,West
85128,2023-04-10,1232,1,3476.06,0.2,North
85129,2023-05-10,1468,4,10126.53,0.2,West
85130,2023-01-18,1285,4,9386.91,0.1,East
85131,2023-01-02,1466,1,1117.74,0.05,North
85132,2023-09-09,1056,5,2961.25,0.2,South
85133,2023-02-16,1303,5,1459.12,0.2,East
85134,2023-06-04,1390,1,2926.61,0.05,South
85135,2023-07-16,1485,4,963.47,0.2,South
85136,2023-10-28,1242,2,5321.26,0.15,South
85137,2023-05-13,1194,1,6909.71,0.1,East
85138,2023-10-06,1021,1,5907.9,0.2,South
85139,2023-06-26,1403,4,4831.68,0.05,East
85140,2023-03-31,1190,3,2892.19,0.15,East
85141,2023-12-09,1232,1,3906.2,0.0,North
85142,2023-05-07,1199,4,1389.32,0.2,West
85143,2023-11-16,1327,4,3093.55,0.05,South
85144,2023-02-12,1062,1,8081.04,0.0,West
85145,2023-03-08,1368,2,5993.7,0.15,East
85146,2023-10-25,1140,1,5688.6,0.2,South
85147,2023-10-28,1325,5,9054.5,0.05,West
85148,2023-09-20,1209,5,7512.88,0.05,South
85149,2023-09-01,1195,4,6497.82,0.15,North
85150,2023-12-01,1076,1,9429.98,0.2,South
85151,2023-05-27,1423,2,9796.13,0.0,West
85152,2023-12-05,1216,1,9599.61,0.2,North
85153,2023-02-07,1260,4,4482.57,0.2,South
85154,2023-12-12,1221,3,3112.2,0.15,North
85155,2023-11-01,1064,5,9521.51,0.15,South
85156,2023-08-08,1488,5,3858.48,0.1,West
85157,2023-05-31,1495,3,6929.61,0.0,East
85158,2023-12-22,1367,1,11039.39,0.1,South
85159,2023-11-13,1193,4,219.34,0.2,East
85160,2023-09-17,1141,2,1114.95,0.15,West
85161,2023-12-05,1470,1,1530.68,0.05,West
85162,2023-03-23,1397,5,370.63,0.15,West
85163,2023-06-18,1190,2,3270.52,0.0,South
85164,2023-08-08,1101,1,4647.2,0.15,North
85165,2023-12-02,1461,2,5416.02,0.1,West
85166,2023-04-24,1402,5,7092.52,0.05,West
85167,2023-07-19,1137,3,975.78,0.15,East
85168,2023-04-27,1050,1,6120.2,0.1,North
85169,2023-09-01,1375,1,7162.46,0.0,West
85170,2023-08-15,1323,1,1302.03,0.2,North
85171,2023-08-25,1161,1,3473.0,0.2,East
85172,2023-10-26,1440,3,1288.95,0.0,South
85173,2023-09-19,1316,2,2231.59,0.1,East
85174,2023-12-01,1287,2,1852.48,0.1,West
85175,2023-07-17,1295,2,1776.58,0.2,West
85176,2023-01-24,1456,1,12367.54,0.15,West
85177,2023-06-18,1161,4,3906.82,0.2,East
85178,2023-07-26,1068,2,5289.8,0.1,West
85179,2023-04-05,1073,1,9326.9,0.0,West
85180,2023-11-17,1115,1,3572.77,0.2,East
85181,2023-12-23,1302,3,724.05,0.05,West
85182,2023-01-25,1211,2,8429.67,0.05,South
85183,2023-04-03,1272,2,9049.77,0.1,South
85184,2023-01-12,1155,3,2811.87,0.15,North
85185,2023-02-13,1346,4,5280.84,0.05,South
85186,2023-10-22,1022,1,5114.77,0.1,South
85187,2023-06-12,1230,5,4324.1,0.15,West
85188,2023-09-01,1371,2,5058.08,0.15,South
85189,2023-05-10,1240,5,7797.12,0.1,East
85190,2023-03-31,1037,4,6211.08,0.05,East
85191,2023-06-07,1230,3,4156.36,0.1,East
85192,2023-06-28,1352,1,6053.57,0.15,North
85193,2023-09-24,1173,4,3943.67,0.15,South
85194,2023-08-26,1112,2,2980.12,0.15,North
85195,2023-08-29,1056,1,4059.62,0.1,West
85196,2023-06-08,1457,1,9658.15,0.05,East
85197,2023-01-28,1037,5,4853.7,0.05,South
85198,2023-04-12,1108,2,2852.76,0.0,East
85199,2023-11-11,1343,3,175.73,0.15,East
85200,2023-05-15,1195,1,4811.53,0.05,South
85201,2023-06-10,1092,1,3979.5,0.1,West
85202,2023-04-02,1383,3,6578.37,0.1,South
85203,2023-08-17,1364,1,2714.36,0.0,South
85204,2023-11-11,1310,4,711.8,0.05,East
85205,2023-01-08,1433,2,6020.36,0.05,North
85206,2023-02-06,1466,1,1796.58,0.05,South
85207,2023-03-05,1176,1,8667.38,0.0,East
85208,2023-07-12,1367,1,5515.19,0.1,North
85209,2023-08-23,1339,1,1904.04,0.0,East
85210,2023-08-13,1102,1,12065.54,0.05,North
85211,2023-07-04,1042,3,135.32,0.2,East
85212,2023-07-19,1106,1,6589.12,0.05,West
85213,2023-02-08,1126,5,1441.53,0.1,North
85214,2023-03-09,1495,4,6304.88,0.05,West
85215,2023-06-08,1128,2,1296.15,0.15,North
85216,2023-04-05,1154,2,1397.26,0.15,West
85217,2023-11-06,1026,2,1657.45,0.0,East
85218,2023-10-28,1089,3,1454.72,0.05,South
85219,2023-11-12,1193,1,245.29,0.15,South
85220,2023-06-28,1428,1,2460.99,0.0,North
85221,2023-01-25,1093,1,597.51,0.2,North
85222,2023-12-21,1134,1,8848.63,0.0,North
85223,2023-12-03,1318,4,7221.38,0.1,West
85224,2023-04-20,1330,1,7823.65,0.05,East
85225,2023-01-06,1357,5,8518.91,0.0,South
85226,2023-05-30,1473,3,2133.67,0.0,North
85227,2023-03-23,1246,1,4570.2,0.05,South
85228,2023-09-24,1296,5,848.44,0.2,South
85229,2023-12-15,1384,5,8467.8,0.05,South
85230,2023-11-21,1445,2,10727.09,0.1,East
85231,2023-09-04,1432,3,6040.13,0.15,East
85232,2023-09-05,1084,2,1122.88,0.0,East
85233,2023-10-14,1016,1,514.83,0.0,North
85234,2023-11-03,1438,1,13397.58,0.0,North
85235,2023-01-05,1395,3,4938.99,0.15,West
85236,2023-09-07,1312,4,9564.0,0.05,North
85237,2023-11-21,1406,1,1411.2,0.2,South
85238,2023-11-08,1050,2,3719.4,0.05,South
85239,2023-08-05,1103,1,365.25,0.05,West
85240,2023-04-23,1051,2,7320.54,0.1,East
85241,2023-05-10,1068,1,4878.72,0.05,North
85242,2023-02-14,1101,2,5491.74,0.1,West
85243,2023-07-30,1204,5,4069.91,0.0,South
85244,2023-11-30,1273,3,1776.47,0.0,East
85245,2023-02-03,1010,2,7551.44,0.05,North
85246,2023-09-27,1168,1,1549.56,0.05,West
85247,2023-10-25,1382,1,2500.1,0.15,West
85248,2023-01-17,1318,2,5838.6,0.15,South
85249,2023-07-25,1199,2,1533.48,0.2,North
85250,2023-03-28,1293,5,2306.19,0.05,East
85251,2023-06-30,1214,5,3358.41,0.1,South
85252,2023-02-17,1085,1,2458.55,0.0,East
85253,2023-03-16,1366,1,2540.24,0.05,West
85254,2023-03-29,1016,5,594.67,0.15,West
85255,2023-04-27,1332,2,3560.59,0.2,South
85256,2023-08-06,1179,2,4626.6,0.05,North
85257,2023-11-22,1344,2,3803.73,0.0,West
85258,2023-12-05,1038,2,8948.57,0.0,West
85259,2023-11-10,1306,1,515.07,0.05,North
85260,2023-03-27,1124,2,6785.43,0.2,South
85261,2023-08-17,1448,1,7061.33,0.15,West
85262,2023-06-04,1147,1,7381.81,0.15,South
85263,2023-10-15,1236,2,1325.4,0.2,East
85264,2023-10-12,1407,4,1441.82,0.1,East
85265,2023-05-25,1439,2,5048.72,0.0,North
85266,2023-08-31,1345,5,5870.21,0.1,East
85267,2023-06-13,1322,1,2843.62,0.15,West
85268,2023-05-24,1044,2,4415.82,0.2,North
85269,2023-09-08,1416,4,9034.11,0.05,South
85270,2023-04-02,1257,1,2062.36,0.2,West
85271,2023-02-27,1379,3,1487.2,0.15,East
85272,2023-05-08,1224,3,3762.54,0.05,East
85273,2023-08-13,1416,1,6777.44,0.2,West
85274,2023-05-28,1169,5,2884.95,0.1,East
85275,2023-08-05,1337,1,3416.53,0.05,North
85276,2023-01-31,1121,3,4685.47,0.0,North
85277,2023-12-18,1058,1,8536.54,0.0,South
85278,2023-02-20,1004,1,2394.86,0.15,South
85279,2023-04-05,1088,2,6649.77,0.2,West
85280,2023-10-02,1275,2,4814.0,0.2,East
85281,2023-05-11,1278,2,3484.35,0.1,South
85282,2023-05-29,1453,1,7842.09,0.0,West
85283,2023-09-28,1120,1,9260.29,0.05,South
85284,2023-04-09,1375,2,7099.73,0.0,South
85285,2023-07-24,1319,2,3316.07,0.0,North
85286,2023-04-09,1200,3,6512.78,0.15,East
85287,2023-06-19,1356,1,3385.33,0.1,West
85288,2023-01-18,1064,2,6392.98,0.05,North
85289,2023-01-12,1164,2,3006.6,0.15,South
85290,2023-07-19,1418,5,1032.68,0.15,North
85291,2023-10-07,1014,1,1266.98,0.1,West
85292,2023-03-23,1354,1,297.57,0.05,North
85293,2023-07-10,1407,2,1021.61,0.05,South
85294,2023-12-10,1230,4,2886.12,0.1,North
85295,2023-07-01,1026,4,1757.42,0.1,West
85296,2023-01-01,1403,1,3602.36,0.15,North
85297,2023-05-26,1391,1,4439.29,0.15,South
85298,2023-10-19,1179,2,6338.02,0.0,East
85299,2023-09-20,1196,1,813.7,0.0,West
85300,2023-04-17,1047,2,2140.6,0.1,North
85301,2023-01-16,1375,1,7293.1,0.15,North
85302,2023-12-12,1364,1,3052.27,0.15,North
85303,2023-06-30,1113,2,2896.87,0.15,West
85304,2023-06-15,1416,5,9409.53,0.2,West
85305,2023-04-03,1227,2,1286.34,0.2,East
85306,2023-03-27,1026,5,1741.12,0.15,East
85307,2023-08-22,1250,1,6258.91,0.1,East
85308,2023-04-23,1364,4,4023.42,0.1,West
85309,2023-04-30,1183,4,620.08,0.05,South
85310,2023-10-11,1052,3,3246.7,0.0,West
85311,2023-09-26,1116,1,4732.44,0.15,East
85312,2023-02-02,1411,3,693.79,0.2,South
85313,2023-07-07,1443,4,7490.37,0.15,North
85314,2023-06-13,1301,4,871.43,0.1,East
85315,2023-08-06,1230,4,5625.24,0.15,South
85316,2023-06-24,1157,2,3542.78,0.05,West
85317,2023-07-06,1036,5,2973.16,0.15,South
85318,2023-04-04,1249,4,1911.59,0.05,East
85319,2023-06-20,1353,2,2311.84,0.2,East
85320,2023-02-03,1278,1,2348.43,0.15,South
85321,2023-10-27,1289,2,7450.71,0.2,East
85322,2023-02-04,1322,1,3449.9,0.1,South
85323,2023-07-04,1045,3,5078.13,0.1,West
85324,2023-08-16,1495,2,10201.8,0.2,West
85325,2023-03-18,1093,1,397.45,0.05,South
85326,2023-09-11,1197,1,2370.48,0.15,East
85327,2023-08-10,1166,5,7270.51,0.1,South
85328,2023-06-07,1190,1,2968.21,0.1,East
85329,2023-06-14,1429,4,6852.54,0.15,North
85330,2023-01-18,1403,3,5610.5,0.05,North
85331,2023-05-30,1169,4,2750.43,0.1,East
85332,2023-08-18,1270,3,2322.51,0.15,West
85333,2023-06-23,1103,2,359.37,0.2,South
85334,2023-01-16,1294,5,4798.55,0.05,South
85335,2023-05-17,1106,3,11554.09,0.05,East
85336,2023-12-25,1325,1,5154.53,0.05,West
85337,2023-11-08,1215,2,2783.6,0.2,East
85338,2023-11-29,1132,5,7605.82,0.1,West
85339,2023-10-15,1070,2,2034.07,0.1,West
85340,2023-05-11,1368,2,3410.52,0.05,North
85341,2023-12-17,1097,1,5586.47,0.2,East
85342,2023-11-26,1184,2,709.89,0.2,West
85343,2023-09-26,1327,1,5446.15,0.15,East
85344,2023-03-31,1265,3,2737.83,0.2,East
85345,2023-02-17,1111,3,2075.74,0.05,West
85346,2023-09-22,1198,3,3582.48,0.05,South
85347,2023-06-10,1086,2,9530.3,0.0,West
85348,2023-09-17,1113,1,2654.95,0.0,East
85349,2023-09-01,1031,5,5408.77,0.1,South
85350,2023-04-18,1419,5,9649.79,0.2,West
85351,2023-03-09,1065,1,958.18,0.05,West
85352,2023-05-26,1096,3,2148.38,0.05,North
85353,2023-11-01,1420,4,1606.51,0.0,East
85354,2023-09-05,1218,5,8688.43,0.2,West
85355,2023-10-20,1177,1,1806.85,0.1,South
85356,2023-10-03,1203,2,2472.35,0.05,South
85357,2023-09-09,1172,1,1328.54,0.15,South
85358,2023-10-18,1169,2,4518.87,0.0,North
85359,2023-08-10,1427,5,9607.56,0.15,South
85360,2023-06-25,1086,1,4146.27,0.2,West
85361,2023-09-14,1471,1,6058.64,0.05,East
85362,2023-11-13,1024,1,3753.67,0.1,North
85363,2023-09-29,1386,3,2305.08,0.15,South
85364,2023-02-28,1496,5,9352.09,0.2,North
85365,2023-11-26,1260,2,2483.04,0.1,South
85366,2023-09-09,1220,2,4078.82,0.2,East
85367,2023-05-01,1499,1,886.76,0.1,South
85368,2023-04-03,1352,4,11666.47,0.15,North
85369,2023-01-10,1397,1,267.28,0.0,West
85370,2023-04-29,1157,4,6592.56,0.1,West
85371,2023-02-03,1461,2,4547.21,0.15,South
85372,2023-11-14,1094,2,5827.07,0.05,South
85373,2023-02-06,1409,3,4505.43,0.05,North
85374,2023-06-03,1240,1,7754.14,0.0,North
85375,2023-09-22,1048,4,5802.52,0.0,East
85376,2023-12-08,1483,1,3303.78,0.0,East
85377,2023-04-04,1334,4,7066.1,0.05,North
85378,2023-01-13,1390,2,6538.05,0.05,North
85379,2023-01-19,1053,1,8360.16,0.2,South
85380,2023-03-14,1424,5,7638.53,0.05,North
85381,2023-10-10,1325,1,9029.95,0.0,East
85382,2023-02-05,1466,1,2143.17,0.1,South
85383,2023-03-20,1467,1,4387.38,0.05,West
85384,2023-04-04,1457,2,6732.32,0.2,South
85385,2023-04-04,1429,2,7098.22,0.1,North
85386,2023-05-21,1484,1,6909.4,0.15,East
85387,2023-12-08,1174,3,238.25,0.2,West
85388,2023-10-05,1100,1,3861.64,0.15,West
85389,2023-04-06,1267,5,1287.48,0.2,West
85390,2023-10-01,1418,1,993.11,0.1,East
85391,2023-01-29,1437,1,6112.49,0.05,South
85392,2023-09-24,1204,5,3096.17,0.15,North
85393,2023-07-22,1320,1,8566.25,0.1,East
85394,2023-06-22,1320,1,6444.7,0.2,East
85395,2023-05-22,1447,2,5486.96,0.2,East
85396,2023-10-05,1148,1,2208.27,0.15,North
85397,2023-10-28,1166,1,9145.64,0.0,West
85398,2023-12-24,1430,5,3607.4,0.15,West
85399,2023-04-04,1257,1,2636.55,0.15,West
85400,2023-05-22,1054,1,1074.57,0.1,West
85401,2023-12-02,1324,1,1541.89,0.2,North
85402,2023-12-20,1439,1,5848.68,0.2,West
85403,2023-07-21,1131,2,6646.9,0.0,East
85404,2023-10-12,1492,1,3021.71,0.05,North
85405,2023-12-29,1119,3,2684.37,0.2,North
85406,2023-06-12,1087,3,1758.19,0.0,East
85407,2023-06-19,1016,5,544.78,0.15,North
85408,2023-04-08,1197,2,2548.83,0.05,East
85409,2023-02-21,1471,2,9038.57,0.2,South
85410,2023-05-18,1183,4,1016.88,0.1,North
85411,2023-02-21,1309,1,4097.48,0.0,West
85412,2023-02-13,1484,1,8944.26,0.0,East
85413,2023-10-04,1199,4,2356.12,0.05,North
85414,2023-09-13,1260,2,2794.18,0.15,South
85415,2023-08-30,1254,1,261.12,0.2,East
85416,2023-04-23,1070,3,2498.93,0.0,West
85417,2023-09-19,1009,4,5281.62,0.0,East
85418,2023-03-14,1210,1,6216.8,0.0,South
85419,2023-08-25,1468,1,4808.01,0.2,North
85420,2023-07-15,1460,5,4779.78,0.05,North
85421,2023-12-06,1368,3,7029.32,0.05,East
85422,2023-03-23,1491,5,7586.78,0.15,North
85423,2023-07-15,1165,2,5664.37,0.1,West
85424,2023-10-19,1383,3,5827.73,0.1,West
85425,2023-12-02,1291,1,3532.09,0.15,East
85426,2023-03-25,1122,2,4518.34,0.0,South
85427,2023-03-11,1239,1,671.93,0.15,North
85428,2023-07-24,1433,2,6466.96,0.1,North
85429,2023-12-31,1245,1,1885.18,0.2,West
85430,2023-11-12,1112,1,2827.75,0.0,North
85431,2023-01-06,1123,3,5861.93,0.15,South
85432,2023-10-14,1194,5,11497.83,0.1,West
85433,2023-10-30,1103,1,381.18,0.1,East
85434,2023-01-24,1024,2,4505.43,0.2,South
85435,2023-05-04,1085,2,2376.61,0.2,North
85436,2023-05-04,1286,1,11218.4,0.2,South
85437,2023-07-16,1040,3,2490.07,0.1,East
85438,2023-05-11,1212,1,8371.61,0.2,West
85439,2023-11-12,1485,1,841.27,0.1,South
85440,2023-02-17,1171,1,997.14,0.1,South
85441,2023-03-25,1256,4,7959.1,0.2,East
85442,2023-04-08,1137,1,1583.3,0.15,South
85443,2023-08-02,1270,1,2321.76,0.1,West
85444,2023-05-28,1264,3,2384.69,0.2,North
85445,2023-12-26,1121,1,4134.2,0.0,West
85446,2023-01-05,1147,2,6889.37,0.1,North
85447,2023-03-14,1420,1,4153.01,0.1,North
85448,2023-12-12,1046,3,1129.6,0.1,East
85449,2023-01-18,1251,2,1334.88,0.0,North
85450,2023-01-23,1151,1,1493.67,0.1,West
85451,2023-01-22,1273,4,1924.53,0.05,North
85452,2023-09-03,1128,3,1115.33,0.2,South
85453,2023-07-22,1470,1,2203.29,0.05,East
85454,2023-01-14,1450,2,1851.31,0.05,West
85455,2023-05-23,1116,3,3425.82,0.1,South
85456,2023-06-13,1130,3,7459.72,0.2,West
85457,2023-03-08,1011,2,6576.0,0.2,West
85458,2023-10-17,1254,1,326.17,0.1,North
85459,2023-05-28,1072,2,3523.82,0.0,East
85460,2023-05-04,1192,5,3567.09,0.2,West
85461,2023-11-02,1438,3,4484.63,0.1,South
85462,2023-07-12,1137,1,1509.0,0.0,South
85463,2023-03-12,1050,3,5838.17,0.1,South
85464,2023-07-23,1364,2,2456.48,0.05,West
85465,2023-11-19,1032,2,7485.69,0.2,West
85466,2023-10-10,1348,4,4999.85,0.0,East
85467,2023-11-01,1143,5,10734.52,0.0,South
85468,2023-08-07,1449,2,957.04,0.15,East
85469,2023-08-31,1243,2,11479.98,0.2,South
85470,2023-10-13,1350,1,4781.02,0.15,West
85471,2023-04-20,1039,1,6173.42,0.05,West
85472,2023-06-07,1164,2,2607.66,0.2,East
85473,2023-08-13,1126,2,1702.7,0.05,North
85474,2023-02-14,1092,1,6103.57,0.15,North
85475,2023-04-12,1463,5,9091.15,0.0,East
85476,2023-03-10,1209,3,9977.85,0.05,North
85477,2023-04-13,1411,1,994.33,0.0,North
85478,2023-07-15,1110,2,3592.33,0.2,North
85479,2023-07-23,1474,5,6547.82,0.05,South
85480,2023-06-02,1415,1,1035.39,0.1,South
85481,2023-10-14,1202,3,2186.92,0.05,South
85482,2023-08-15,1108,1,2749.32,0.1,North
85483,2023-10-15,1273,1,1471.81,0.15,West
85484,2023-04-06,1339,2,1437.58,0.0,North
85485,2023-01-01,1312,1,8049.85,0.15,South
85486,2023-09-15,1319,2,5643.25,0.2,North
85487,2023-05-28,1286,1,5772.71,0.05,East
85488,2023-03-01,1495,5,10348.36,0.0,West
85489,2023-05-17,1366,1,3803.4,0.1,West
85490,2023-04-01,1472,2,305.53,0.2,South
85491,2023-04-10,1477,1,2006.17,0.2,South
85492,2023-01-30,1396,4,635.38,0.1,South
85493,2023-08-09,1132,3,7394.67,0.0,North
85494,2023-03-19,1168,2,1089.15,0.1,North
85495,2023-11-20,1077,1,4171.67,0.0,West
85496,2023-10-04,1313,4,13601.74,0.0,North
85497,2023-03-07,1225,1,896.2,0.15,South
85498,2023-12-05,1092,1,4665.65,0.15,West
85499,2023-12-30,1430,1,3518.4,0.15,North
85500,2023-01-08,1457,3,7218.38,0.05,West
85501,2023-11-08,1072,3,4313.21,0.05,South
85502,2023-04-07,1279,1,5235.33,0.2,South
85503,2023-09-11,1089,1,2532.83,0.05,North
85504,2023-07-17,1433,1,3648.58,0.05,North
85505,2023-03-09,1034,2,4008.81,0.2,South
85506,2023-11-21,1039,1,5694.58,0.1,West
85507,2023-06-30,1429,1,4772.87,0.0,North
85508,2023-02-17,1108,3,3215.3,0.2,West
85509,2023-02-02,1436,1,6264.48,0.0,North
85510,2023-05-13,1334,2,5629.9,0.15,South
85511,2023-07-26,1121,4,6615.93,0.0,West
85512,2023-08-24,1036,2,3050.64,0.1,East
85513,2023-09-09,1390,1,5049.08,0.05,North
85514,2023-03-03,1341,1,8750.57,0.2,North
85515,2023-03-21,1170,2,614.2,0.15,South
85516,2023-05-02,1011,2,12158.37,0.05,West
85517,2023-11-04,1314,1,1191.38,0.05,West
85518,2023-03-09,1261,1,3814.55,0.0,East
85519,2023-12-07,1135,2,2084.53,0.05,North
85520,2023-01-17,1190,2,1686.12,0.2,East
85521,2023-12-05,1096,5,3070.81,0.0,North
85522,2023-07-01,1073,1,8274.02,0.05,South
85523,2023-04-27,1348,1,5989.39,0.2,South
85524,2023-07-15,1350,4,5141.99,0.0,North
85525,2023-09-21,1401,2,3862.76,0.15,West
85526,2023-10-12,1403,5,6886.24,0.15,North
85527,2023-09-21,1293,2,2248.9,0.2,North
85528,2023-02-14,1385,2,841.07,0.05,East
85529,2023-12-12,1394,1,1615.46,0.15,South
85530,2023-05-05,1090,5,6429.3,0.1,East
85531,2023-05-25,1227,1,692.65,0.0,East
85532,2023-12-10,1141,1,1601.4,0.0,East
85533,2023-06-04,1093,1,478.37,0.1,North
85534,2023-03-29,1402,5,4400.43,0.2,South
85535,2023-04-08,1141,4,1911.8,0.0,East
85536,2023-03-22,1037,1,3779.86,0.2,West
85537,2023-07-23,1446,5,6320.79,0.15,North
85538,2023-01-19,1142,1,3709.16,0.05,South
85539,2023-08-05,1441,2,7132.99,0.0,North
85540,2023-01-07,1275,1,6564.08,0.0,West
85541,2023-06-10,1351,3,6234.01,0.0,South
85542,2023-12-28,1081,5,4249.46,0.05,West
85543,2023-02-03,1161,3,4174.03,0.0,East
85544,2023-09-19,1339,2,1240.84,0.15,South
85545,2023-04-12,1058,3,5831.97,0.05,North
85546,2023-10-01,1473,2,2833.6,0.05,North
85547,2023-06-02,1264,1,4799.75,0.1,South
85548,2023-01-25,1292,2,5807.81,0.2,North
85549,2023-04-27,1120,5,5119.18,0.2,East
85550,2023-08-06,1249,1,2036.78,0.1,West
85551,2023-06-13,1442,4,2379.21,0.0,East
85552,2023-01-23,1200,3,5925.6,0.0,West
85553,2023-11-02,1269,2,4555.2,0.05,East
85554,2023-02-22,1052,5,4767.61,0.1,West
85555,2023-02-19,1125,5,4781.76,0.05,East
85556,2023-03-22,1011,2,5157.55,0.0,East
85557,2023-05-18,1138,1,1672.57,0.15,East
85558,2023-02-21,1075,4,151.99,0.0,West
85559,2023-08-25,1087,2,2469.49,0.2,North
85560,2023-11-12,1053,3,10184.7,0.2,South
85561,2023-09-02,1234,4,4805.46,0.15,West
85562,2023-08-01,1066,5,617.61,0.15,South
85563,2023-07-23,1481,1,1049.12,0.0,North
85564,2023-11-19,1314,2,769.31,0.1,South
85565,2023-08-30,1435,3,4673.11,0.1,East
85566,2023-12-10,1126,1,2813.49,0.05,South
85567,2023-04-10,1086,2,4753.59,0.15,West
85568,2023-10-10,1445,1,5346.23,0.0,West
85569,2023-01-13,1435,1,5509.5,0.05,East
85570,2023-07-29,1300,5,4121.73,0.0,East
85571,2023-05-02,1458,1,1838.08,0.2,North
85572,2023-10-27,1184,2,1504.98,0.1,South
85573,2023-02-15,1044,1,3723.7,0.0,North
85574,2023-07-29,1389,2,5103.31,0.1,East
85575,2023-02-22,1374,2,5332.21,0.0,West
85576,2023-06-06,1469,2,7626.99,0.05,South
85577,2023-10-13,1274,5,177.85,0.05,South
85578,2023-12-01,1119,2,2869.48,0.05,South
85579,2023-01-18,1309,3,3416.79,0.15,East
85580,2023-03-20,1339,2,1565.48,0.2,North
85581,2023-04-25,1248,1,6999.45,0.0,West
85582,2023-08-05,1321,1,4970.56,0.15,North
85583,2023-09-07,1322,1,4838.8,0.2,North
85584,2023-07-05,1490,5,4417.95,0.0,North
85585,2023-07-11,1271,5,4228.66,0.05,West
85586,2023-09-02,1090,1,6604.98,0.1,South
85587,2023-05-22,1430,2,1674.2,0.1,West
85588,2023-04-05,1408,4,3868.31,0.1,West
85589,2023-05-13,1481,4,1805.27,0.05,North
85590,2023-01-23,1360,5,4515.03,0.05,West
85591,2023-09-30,1139,4,5023.86,0.2,West
85592,2023-09-15,1110,1,3570.79,0.05,North
85593,2023-07-11,1266,1,5728.63,0.05,West
85594,2023-01-18,1189,4,2414.55,0.0,South
85595,2023-07-17,1486,1,5924.06,0.0,East
85596,2023-08-14,1052,2,4246.44,0.0,East
85597,2023-06-26,1262,1,818.54,0.0,South
85598,2023-06-14,1331,2,3538.47,0.15,West
85599,2023-05-29,1080,1,7187.28,0.2,North
85600,2023-07-13,1461,1,2725.91,0.0,North
85601,2023-01-31,1250,1,5593.01,0.2,East
85602,2023-08-21,1163,1,1179.68,0.0,East
85603,2023-12-30,1304,1,356.54,0.1,West
85604,2023-05-31,1317,3,4661.86,0.2,West
85605,2023-11-25,1365,3,5139.8,0.05,South
85606,2023-03-24,1089,1,2100.22,0.1,West
85607,2023-11-19,1271,1,6979.27,0.1,East
85608,2023-07-01,1131,1,6929.92,0.15,East
85609,2023-03-26,1456,2,10273.19,0.0,West
85610,2023-11-25,1266,1,9842.21,0.2,East
85611,2023-10-29,1121,5,7513.47,0.0,East
85612,2023-03-07,1351,2,6831.49,0.05,North
85613,2023-03-13,1089,4,3575.25,0.15,South
85614,2023-09-07,1265,1,1943.42,0.2,West
85615,2023-12-13,1170,4,1220.12,0.2,South
85616,2023-03-26,1070,1,2256.27,0.1,South
85617,2023-02-28,1317,1,3152.05,0.15,West
85618,2023-11-20,1057,1,3288.56,0.2,North
85619,2023-01-08,1302,1,532.54,0.05,West
85620,2023-12-24,1057,1,3075.85,0.0,East
85621,2023-09-12,1433,3,6506.06,0.0,South
85622,2023-01-03,1410,2,8113.32,0.2,West
85623,2023-08-14,1434,1,397.27,0.0,South
85624,2023-10-06,1395,5,6944.71,0.0,North
85625,2023-12-27,1395,2,6425.05,0.05,South
85626,2023-01-05,1240,1,5401.87,0.1,North
85627,2023-07-19,1251,5,1475.41,0.1,North
85628,2023-08-10,1375,4,6789.28,0.15,South
85629,2023-01-28,1286,1,9108.11,0.1,East
85630,2023-01-18,1114,2,3418.98,0.0,East
85631,2023-04-13,1420,4,2678.53,0.0,North
85632,2023-08-30,1130,1,7019.35,0.1,South
85633,2023-10-23,1181,3,3838.35,0.0,East
85634,2023-03-29,1365,3,4633.5,0.0,South
85635,2023-12-25,1251,1,960.44,0.0,West
85636,2023-11-21,1439,1,8818.68,0.05,South
85637,2023-11-18,1008,1,9018.45,0.2,West
85638,2023-12-08,1173,2,7679.0,0.05,South
85639,2023-01-15,1184,1,686.93,0.2,North
85640,2023-02-28,1074,1,6002.06,0.2,West
85641,2023-12-12,1337,5,2590.82,0.05,West
85642,2023-04-14,1052,1,5413.11,0.05,West
85643,2023-06-10,1107,1,6009.75,0.15,West
85644,2023-06-03,1338,2,3482.29,0.0,North
85645,2023-07-20,1329,1,718.59,0.15,East
85646,2023-10-29,1156,3,506.72,0.05,South
85647,2023-02-07,1176,2,7964.13,0.1,West
85648,2023-09-27,1438,3,9702.42,0.0,West
85649,2023-09-06,1368,1,6102.32,0.0,North
85650,2023-01-30,1071,1,8316.95,0.2,East
85651,2023-10-10,1110,2,5650.17,0.15,South
85652,2023-03-05,1284,3,5627.54,0.15,East
85653,2023-09-15,1162,5,5878.99,0.0,West
85654,2023-08-22,1043,2,7047.3,0.0,North
85655,2023-06-12,1452,1,1620.96,0.0,East
85656,2023-01-11,1043,2,4690.59,0.0,South
85657,2023-01-19,1155,2,3792.81,0.05,North
85658,2023-09-16,1243,1,6016.97,0.15,East
85659,2023-08-04,1165,5,3627.71,0.05,North
85660,2023-01-05,1461,1,3312.52,0.0,West
85661,2023-06-23,1402,1,6145.63,0.0,South
85662,2023-12-07,1105,1,8302.63,0.05,West
85663,2023-08-09,1459,4,7392.24,0.1,South
85664,2023-07-01,1229,1,821.62,0.15,West
85665,2023-12-22,1234,2,9858.67,0.1,East
85666,2023-12-31,1193,2,225.23,0.0,North
85667,2023-04-13,1435,1,5259.63,0.0,West
85668,2023-07-29,1163,5,1002.98,0.2,West
85669,2023-04-28,1118,1,2038.2,0.1,South
85670,2023-03-29,1380,2,4270.92,0.15,West
85671,2023-11-19,1280,2,4974.6,0.15,South
85672,2023-11-16,1346,1,5332.32,0.15,North
85673,2023-11-27,1299,2,6192.05,0.05,West
85674,2023-10-16,1316,5,1241.68,0.2,South
85675,2023-08-27,1254,5,138.53,0.0,East
85676,2023-12-23,1411,5,1097.56,0.05,South
85677,2023-09-10,1193,5,222.83,0.05,West
85678,2023-05-10,1419,2,6528.12,0.0,West
85679,2023-06-30,1129,3,7560.27,0.15,West
85680,2023-10-03,1410,1,8193.48,0.15,West
85681,2023-08-27,1219,5,9106.78,0.05,South
85682,2023-02-12,1132,1,7842.73,0.1,North
85683,2023-12-25,1229,2,1116.53,0.1,West
85684,2023-12-03,1365,1,3351.58,0.15,North
85685,2023-05-16,1366,2,3216.77,0.1,West
85686,2023-09-08,1034,2,3695.13,0.2,South
85687,2023-08-11,1006,2,1823.23,0.2,West
85688,2023-07-07,1402,1,4219.58,0.05,East
85689,2023-08-12,1151,4,1019.35,0.1,East
85690,2023-11-25,1462,2,10870.1,0.1,North
85691,2023-08-01,1268,2,4719.64,0.15,East
85692,2023-09-07,1417,1,5067.14,0.1,North
85693,2023-08-08,1416,1,5124.39,0.15,North
85694,2023-04-07,1239,5,280.7,0.2,South
85695,2023-03-31,1346,5,5792.32,0.2,North
85696,2023-06-13,1187,1,6390.28,0.1,West
85697,2023-08-09,1334,1,4644.04,0.15,South
85698,2023-12-12,1139,3,4740.17,0.0,North
85699,2023-06-30,1013,2,4119.35,0.05,North
85700,2023-08-26,1308,5,1376.58,0.1,West
85701,2023-07-04,1473,1,3118.38,0.0,South
85702,2023-02-13,1498,2,4008.06,0.2,North
85703,2023-10-19,1276,2,8938.96,0.0,East
85704,2023-05-26,1400,4,4052.89,0.05,East
85705,2023-11-02,1455,2,3616.66,0.0,South
85706,2023-03-05,1432,4,4485.73,0.05,North
85707,2023-06-10,1067,2,2252.03,0.05,East
85708,2023-12-29,1135,4,1337.67,0.0,South
85709,2023-02-20,1286,2,4991.04,0.0,North
85710,2023-11-16,1023,4,5195.61,0.2,West
85711,2023-08-26,1286,5,8504.23,0.0,South
85712,2023-11-08,1388,3,3369.88,0.0,South
85713,2023-09-21,1009,5,4912.2,0.0,East
85714,2023-10-24,1037,1,5905.65,0.2,North
85715,2023-05-18,1374,3,3836.16,0.05,East
85716,2023-09-04,1282,1,603.25,0.15,East
85717,2023-01-25,1052,5,5249.66,0.1,West
85718,2023-06-13,1279,5,8529.55,0.15,East
85719,2023-07-13,1463,4,7387.34,0.15,South
85720,2023-03-21,1155,1,3673.93,0.0,North
85721,2023-03-24,1483,1,7569.69,0.05,South
85722,2023-11-05,1301,1,1781.34,0.0,West
85723,2023-03-14,1485,1,1440.39,0.2,East
85724,2023-04-30,1228,2,6405.75,0.2,South
85725,2023-09-21,1031,2,6841.88,0.2,West
85726,2023-11-05,1006,3,1202.43,0.0,West
85727,2023-09-08,1310,5,557.69,0.2,East
85728,2023-03-19,1258,1,141.09,0.15,South
85729,2023-10-25,1026,1,1829.47,0.2,West
85730,2023-09-10,1310,4,755.03,0.0,East
85731,2023-07-25,1256,4,4712.16,0.0,South
85732,2023-04-25,1498,1,4170.88,0.2,South
85733,2023-12-16,1187,1,8956.76,0.0,East
85734,2023-12-21,1483,1,4534.35,0.2,East
85735,2023-06-25,1383,1,5995.97,0.2,East
85736,2023-03-20,1275,2,9433.42,0.1,North
85737,2023-03-29,1494,1,6286.64,0.15,South
85738,2023-11-02,1098,1,3897.08,0.2,North
85739,2023-06-14,1010,1,5552.94,0.2,East
85740,2023-08-12,1175,2,3753.02,0.05,North
85741,2023-01-12,1358,2,5419.5,0.0,West
85742,2023-12-28,1270,1,1622.3,0.1,East
85743,2023-03-26,1425,2,1452.26,0.1,West
85744,2023-03-09,1482,5,6988.6,0.15,East
85745,2023-06-12,1361,1,4172.96,0.05,South
85746,2023-08-11,1334,1,3848.19,0.15,East
85747,2023-02-20,1035,3,11671.84,0.0,West
85748,2023-01-23,1125,2,6775.27,0.15,South
85749,2023-02-12,1025,2,3888.95,0.05,East
85750,2023-07-25,1315,2,9045.74,0.1,South
85751,2023-01-16,1265,3,2476.14,0.05,East
85752,2023-07-31,1118,1,2402.01,0.0,South
85753,2023-07-14,1192,2,8236.39,0.0,West
85754,2023-02-07,1157,1,6025.39,0.0,South
85755,2023-08-09,1047,1,1758.57,0.1,North
85756,2023-05-09,1083,3,2000.18,0.0,South
85757,2023-06-23,1272,1,9526.06,0.2,East
85758,2023-01-11,1065,2,1066.96,0.0,East
85759,2023-01-15,1395,2,4307.2,0.0,South
85760,2023-02-20,1158,4,7578.84,0.05,South
85761,2023-06-19,1391,1,6599.62,0.2,East
85762,2023-03-10,1439,1,9088.78,0.15,South
85763,2023-06-26,1305,4,4794.34,0.2,South
85764,2023-05-21,1153,5,8330.87,0.0,North
85765,2023-09-10,1464,5,1486.59,0.05,South
85766,2023-09-30,1042,1,97.25,0.2,North
85767,2023-04-07,1363,1,723.8,0.2,East
85768,2023-02-10,1475,5,3191.21,0.15,East
85769,2023-05-04,1249,2,1532.91,0.15,West
85770,2023-07-03,1056,2,3056.02,0.05,East
85771,2023-11-18,1457,2,5913.11,0.15,North
85772,2023-08-10,1073,2,6634.27,0.15,East
85773,2023-03-07,1419,4,9763.99,0.2,South
85774,2023-06-06,1026,1,1096.47,0.0,East
85775,2023-05-01,1003,1,8865.14,0.05,North
85776,2023-05-10,1213,4,1303.75,0.05,North
85777,2023-09-28,1454,1,7669.67,0.2,West
85778,2023-01-09,1186,2,332.63,0.0,East
85779,2023-12-15,1243,1,8496.85,0.15,North
85780,2023-08-07,1118,3,2674.29,0.2,East
85781,2023-06-05,1087,1,2858.51,0.1,North
85782,2023-09-08,1069,3,959.97,0.05,West
85783,2023-09-04,1080,2,6470.54,0.2,West
85784,2023-06-11,1445,4,9161.09,0.05,North
85785,2023-10-02,1069,2,945.26,0.1,East
85786,2023-03-02,1318,4,3574.97,0.05,South
85787,2023-04-26,1340,1,8595.29,0.1,North
85788,2023-11-16,1020,2,7258.58,0.0,North
85789,2023-10-18,1019,2,4193.2,0.05,East
85790,2023-01-23,1471,1,9039.35,0.15,West
85791,2023-08-19,1491,2,9627.68,0.1,South
85792,2023-01-21,1171,1,765.33,0.1,North
85793,2023-03-24,1087,1,3031.12,0.05,South
85794,2023-04-06,1303,5,1795.78,0.2,North
85795,2023-07-16,1173,2,7875.19,0.0,West
85796,2023-01-03,1471,1,7072.89,0.15,South
85797,2023-07-27,1118,1,3003.85,0.1,North
85798,2023-03-20,1067,2,1592.64,0.05,North
85799,2023-09-28,1112,1,2940.77,0.15,South
85800,2023-09-20,1262,1,496.27,0.05,East
85801,2023-03-14,1150,1,1075.06,0.05,West
85802,2023-08-02,1271,1,6380.33,0.2,East
85803,2023-05-02,1399,1,6688.59,0.2,East
85804,2023-10-29,1152,3,6265.07,0.1,North
85805,2023-05-23,1445,5,5560.06,0.2,South
85806,2023-06-17,1134,2,9156.57,0.1,West
85807,2023-08-06,1230,1,3394.78,0.15,East
85808,2023-08-27,1078,4,9214.6,0.1,West
85809,2023-10-23,1071,3,8822.73,0.1,South
85810,2023-11-29,1170,2,1219.08,0.05,North
85811,2023-11-29,1063,1,8303.71,0.2,South
85812,2023-02-13,1318,4,8298.82,0.05,South
85813,2023-03-09,1374,3,2875.26,0.05,West
85814,2023-06-08,1079,4,5179.13,0.2,South
85815,2023-05-30,1410,5,9140.52,0.1,South
85816,2023-01-14,1128,2,1560.97,0.15,East
85817,2023-05-11,1278,1,1682.78,0.05,South
85818,2023-09-24,1011,1,8785.72,0.1,West
85819,2023-12-15,1378,1,1318.72,0.15,North
85820,2023-01-03,1305,4,4808.66,0.1,East
85821,2023-01-23,1156,2,664.56,0.0,West
85822,2023-01-12,1102,1,12391.56,0.2,East
85823,2023-02-04,1176,1,8524.19,0.05,South
85824,2023-08-29,1025,3,3277.38,0.2,East
85825,2023-11-28,1237,3,1966.55,0.15,North
85826,2023-09-09,1485,2,1517.26,0.15,South
85827,2023-07-11,1031,3,7896.17,0.15,East
85828,2023-04-14,1443,1,5835.34,0.05,South
85829,2023-06-28,1458,1,3058.93,0.15,South
85830,2023-10-13,1432,1,8559.86,0.15,East
85831,2023-01-10,1345,4,6299.57,0.15,North
85832,2023-08-22,1497,2,2402.22,0.15,East
85833,2023-11-16,1090,5,5233.89,0.0,West
85834,2023-10-20,1212,2,7819.55,0.1,East
85835,2023-01-26,1106,4,4854.02,0.1,North
85836,2023-07-05,1412,1,873.75,0.05,South
85837,2023-08-26,1254,2,290.2,0.0,West
85838,2023-10-11,1499,2,1113.36,0.15,West
85839,2023-09-15,1311,5,4045.54,0.1,East
85840,2023-01-01,1426,1,8250.82,0.2,South
85841,2023-01-18,1380,3,4593.94,0.1,South
85842,2023-11-12,1492,1,4493.78,0.15,West
85843,2023-09-30,1328,4,1249.6,0.0,North
85844,2023-11-19,1349,5,147.29,0.05,North
85845,2023-05-27,1375,1,9323.86,0.0,West
85846,2023-10-10,1137,1,832.8,0.0,South
85847,2023-11-19,1109,4,1602.8,0.05,West
85848,2023-11-21,1336,3,4128.33,0.1,South
85849,2023-06-23,1298,1,1309.0,0.0,South
85850,2023-03-17,1394,2,1295.61,0.15,North
85851,2023-05-12,1351,1,7889.99,0.05,East
85852,2023-05-19,1378,2,1660.56,0.15,West
85853,2023-07-07,1154,1,1253.87,0.1,South
85854,2023-01-07,1194,2,6271.7,0.15,West
85855,2023-07-08,1298,1,2802.73,0.2,South
85856,2023-11-29,1009,2,6074.5,0.05,East
85857,2023-10-08,1095,5,8896.31,0.2,West
85858,2023-11-07,1394,1,1412.03,0.05,West
85859,2023-09-10,1344,3,3783.77,0.05,North
85860,2023-01-05,1217,3,5920.64,0.15,North
85861,2023-09-03,1425,1,2001.81,0.15,West
85862,2023-07-03,1395,1,5980.3,0.1,South
85863,2023-09-09,1325,2,6990.68,0.1,East
85864,2023-05-13,1369,5,687.27,0.2,East
85865,2023-02-16,1456,4,8268.25,0.1,North
85866,2023-08-11,1452,2,2509.79,0.0,East
85867,2023-09-07,1367,1,7143.23,0.0,West
85868,2023-06-29,1265,1,1102.79,0.0,South
85869,2023-03-02,1443,2,8215.56,0.0,West
85870,2023-09-06,1266,1,10642.97,0.1,North
85871,2023-06-01,1023,1,6466.01,0.15,South
85872,2023-11-05,1270,5,2483.82,0.2,East
85873,2023-03-26,1371,4,4209.54,0.0,West
85874,2023-06-19,1108,2,2626.41,0.0,South
85875,2023-06-15,1338,2,6026.44,0.05,North
85876,2023-05-19,1417,3,3080.75,0.05,East
85877,2023-09-27,1353,1,2618.11,0.05,South
85878,2023-09-08,1028,1,5928.16,0.1,South
85879,2023-03-23,1148,1,2360.67,0.0,South
85880,2023-08-18,1451,1,4069.6,0.2,North
85881,2023-04-20,1416,1,6333.05,0.2,West
85882,2023-06-10,1241,3,522.5,0.0,East
85883,2023-10-13,1260,3,2239.84,0.0,South
85884,2023-07-30,1316,4,959.15,0.15,North
85885,2023-02-03,1440,1,1716.83,0.1,West
85886,2023-02-19,1364,1,3910.67,0.15,East
85887,2023-06-17,1272,2,9873.67,0.1,North
85888,2023-04-06,1445,1,8768.25,0.05,East
85889,2023-07-15,1164,1,2069.7,0.2,North
85890,2023-03-05,1391,3,7056.0,0.05,East
85891,2023-06-02,1446,2,3840.66,0.2,West
85892,2023-10-21,1498,1,3461.75,0.05,South
85893,2023-06-29,1098,1,2089.92,0.15,East
85894,2023-05-14,1191,1,985.2,0.05,South
85895,2023-04-01,1401,3,6613.26,0.0,East
85896,2023-08-05,1484,4,8683.72,0.0,South
85897,2023-12-23,1123,1,7208.24,0.2,South
85898,2023-02-28,1113,5,4535.77,0.15,North
85899,2023-03-10,1143,2,5993.76,0.2,East
85900,2023-04-01,1113,1,3278.26,0.15,West
85901,2023-10-17,1403,4,6763.22,0.2,South
85902,2023-06-29,1017,5,1510.34,0.05,East
85903,2023-10-23,1180,2,9283.05,0.2,East
85904,2023-10-17,1414,4,6834.84,0.1,West
85905,2023-06-11,1324,1,1162.33,0.0,North
85906,2023-08-07,1073,4,4863.91,0.05,West
85907,2023-06-16,1425,2,1482.52,0.0,East
85908,2023-05-08,1187,3,5412.64,0.05,South
85909,2023-03-29,1419,1,8050.6,0.05,East
85910,2023-05-11,1318,3,6197.67,0.05,South
85911,2023-05-15,1413,1,1792.47,0.0,East
85912,2023-07-15,1305,1,5268.98,0.0,West
85913,2023-12-08,1352,2,8628.89,0.15,North
85914,2023-05-16,1254,2,292.15,0.0,South
85915,2023-09-23,1246,3,4272.9,0.05,South
85916,2023-06-29,1213,5,2441.0,0.2,South
85917,2023-11-15,1304,1,206.09,0.1,South
85918,2023-07-15,1044,1,3962.37,0.1,South
85919,2023-11-07,1164,4,2107.07,0.15,East
85920,2023-09-02,1221,2,5117.79,0.05,South
85921,2023-05-27,1344,3,3818.88,0.15,South
85922,2023-01-16,1293,1,2475.37,0.0,South
85923,2023-10-22,1227,2,1437.17,0.0,East
85924,2023-03-31,1071,5,8630.54,0.0,North
85925,2023-04-07,1269,2,7319.78,0.2,East
85926,2023-10-28,1062,5,3880.56,0.0,North
85927,2023-03-09,1031,2,6631.05,0.1,West
85928,2023-09-19,1232,1,4941.32,0.05,East
85929,2023-07-11,1259,1,3219.98,0.1,East
85930,2023-07-31,1089,1,1888.24,0.1,North
85931,2023-07-13,1401,3,7284.46,0.15,North
85932,2023-11-03,1269,2,7112.36,0.2,South
85933,2023-04-30,1446,2,8250.51,0.15,North
85934,2023-06-26,1085,5,2473.7,0.05,West
85935,2023-01-30,1370,3,2431.18,0.2,East
85936,2023-04-07,1375,1,5614.02,0.2,South
85937,2023-11-11,1323,3,875.96,0.05,North
85938,2023-02-04,1203,2,4556.22,0.05,West
85939,2023-01-27,1235,1,9220.95,0.0,East
85940,2023-01-16,1471,2,8357.61,0.0,West
85941,2023-01-30,1200,1,7440.84,0.15,North
85942,2023-09-12,1116,1,4555.43,0.05,East
85943,2023-09-04,1306,5,514.97,0.05,South
85944,2023-08-06,1224,3,2790.26,0.2,West
85945,2023-10-22,1200,1,7327.96,0.1,East
85946,2023-12-30,1358,1,6024.75,0.2,North
85947,2023-12-30,1053,1,4927.86,0.0,East
85948,2023-12-12,1271,5,7798.67,0.0,South
85949,2023-02-09,1209,1,5766.63,0.15,South
85950,2023-11-11,1222,1,166.43,0.2,North
85951,2023-06-23,1182,1,2163.65,0.15,South
85952,2023-03-31,1412,1,998.05,0.2,East
85953,2023-11-15,1188,3,6148.4,0.05,West
85954,2023-06-09,1039,1,3163.86,0.15,West
85955,2023-01-22,1455,4,4167.93,0.2,West
85956,2023-12-15,1287,5,3315.3,0.2,East
85957,2023-12-17,1108,1,2640.93,0.1,West
85958,2023-11-21,1096,1,2292.09,0.15,West
85959,2023-09-25,1208,1,5574.24,0.1,West
85960,2023-12-17,1184,3,1034.75,0.05,West
85961,2023-08-26,1312,1,11643.03,0.1,South
85962,2023-12-11,1130,4,5399.12,0.15,West
85963,2023-06-24,1032,2,5112.7,0.05,North
85964,2023-04-29,1177,1,2159.38,0.2,West
85965,2023-05-06,1189,5,2763.03,0.15,East
85966,2023-06-10,1418,5,1283.89,0.05,North
85967,2023-12-13,1234,2,6550.88,0.2,East
85968,2023-06-03,1056,1,3288.95,0.05,West
85969,2023-10-17,1425,3,2635.95,0.05,West
85970,2023-05-04,1216,2,8009.22,0.05,South
85971,2023-02-28,1092,2,5825.3,0.2,South
85972,2023-05-21,1080,2,8342.18,0.05,West
85973,2023-11-18,1144,2,5165.49,0.1,East
85974,2023-05-20,1165,5,8837.24,0.2,North
85975,2023-06-04,1486,2,10868.51,0.15,East
85976,2023-10-30,1371,2,6223.08,0.15,North
85977,2023-03-29,1263,2,1420.34,0.1,East
85978,2023-01-13,1493,3,6834.11,0.15,North
85979,2023-02-13,1189,5,3370.03,0.0,West
85980,2023-06-19,1378,5,1734.97,0.2,South
85981,2023-02-28,1476,2,5067.93,0.1,South
85982,2023-09-03,1173,5,5299.53,0.2,North
85983,2023-01-24,1389,1,4271.78,0.2,South
85984,2023-10-19,1099,3,666.65,0.1,East
85985,2023-05-13,1453,2,6753.57,0.05,East
85986,2023-01-27,1334,1,6078.99,0.1,North
85987,2023-05-27,1047,5,1416.23,0.1,West
85988,2023-10-12,1131,1,11431.05,0.05,North
85989,2023-12-11,1464,1,1483.82,0.1,North
85990,2023-11-08,1487,5,1513.28,0.05,South
85991,2023-05-04,1469,1,8267.72,0.1,West
85992,2023-12-12,1297,2,7741.94,0.2,North
85993,2023-08-28,1358,4,7222.77,0.0,West
85994,2023-06-09,1123,2,4970.68,0.2,North
85995,2023-09-08,1273,1,1471.22,0.15,North
85996,2023-10-20,1080,5,8778.29,0.1,South
85997,2023-05-14,1421,5,5019.06,0.0,West
85998,2023-11-10,1051,1,6684.92,0.15,West
85999,2023-10-12,1340,1,9317.88,0.15,North
86000,2023-01-20,1425,2,2774.76,0.2,West
86001,2023-07-02,1010,3,8308.71,0.15,North
86002,2023-09-23,1386,4,1768.79,0.2,North
86003,2023-07-27,1108,2,2270.81,0.2,East
86004,2023-07-24,1318,5,5217.29,0.15,East
86005,2023-12-31,1481,3,1175.15,0.15,North
86006,2023-11-29,1301,1,1116.18,0.05,West
86007,2023-05-12,1165,1,5412.71,0.15,West
86008,2023-10-20,1462,1,11076.91,0.15,South
86009,2023-10-14,1209,5,5585.47,0.05,West
86010,2023-01-20,1342,1,5370.81,0.15,West
86011,2023-04-17,1218,2,11531.83,0.05,East
86012,2023-06-04,1028,5,6293.2,0.05,West
86013,2023-11-04,1046,2,1361.01,0.15,South
86014,2023-02-28,1385,1,1046.53,0.1,South
86015,2023-10-17,1480,1,8955.96,0.0,East
86016,2023-09-10,1411,1,742.65,0.1,South
86017,2023-02-12,1055,1,4796.37,0.0,East
86018,2023-07-16,1288,1,1036.58,0.15,North
86019,2023-08-25,1030,2,8934.32,0.2,East
86020,2023-05-12,1426,4,10924.41,0.1,South
86021,2023-07-01,1040,5,2396.98,0.2,West
86022,2023-11-03,1083,5,2201.73,0.15,South
86023,2023-05-10,1436,1,6687.96,0.05,East
86024,2023-05-19,1240,4,5749.35,0.1,North
86025,2023-03-09,1395,1,9137.78,0.05,North
86026,2023-05-05,1483,2,5275.22,0.15,East
86027,2023-12-05,1178,5,9993.65,0.2,North
86028,2023-01-26,1069,2,993.96,0.1,West
86029,2023-04-16,1409,1,6887.99,0.15,East
86030,2023-12-30,1044,2,2919.67,0.0,South
86031,2023-10-24,1390,5,4152.26,0.2,West
86032,2023-11-16,1248,3,7292.46,0.05,North
86033,2023-07-31,1017,4,3119.07,0.15,East
86034,2023-04-29,1086,2,10154.65,0.1,South
86035,2023-08-09,1328,2,1829.04,0.15,South
86036,2023-10-18,1341,5,3941.84,0.15,West
86037,2023-11-17,1063,1,10733.24,0.15,South
86038,2023-08-07,1469,2,11622.33,0.2,West
86039,2023-02-13,1216,1,6193.42,0.15,East
86040,2023-11-23,1063,1,9335.84,0.15,West
86041,2023-06-04,1033,2,8286.84,0.2,South
86042,2023-07-16,1037,3,3536.11,0.0,West
86043,2023-11-18,1180,2,7713.33,0.2,West
86044,2023-07-30,1492,1,2598.58,0.0,West
86045,2023-11-04,1110,1,6575.2,0.05,South
86046,2023-11-01,1029,1,6894.58,0.05,West
86047,2023-11-18,1327,1,4319.99,0.15,West
86048,2023-08-06,1008,2,4349.89,0.2,North
86049,2023-11-09,1324,2,1738.22,0.2,North
86050,2023-08-20,1358,1,6796.8,0.1,East
86051,2023-05-17,1170,4,708.77,0.2,East
86052,2023-09-30,1451,2,4101.79,0.05,South
86053,2023-10-19,1001,1,4684.74,0.05,West
86054,2023-02-07,1103,2,464.16,0.05,North
86055,2023-02-08,1176,2,6859.72,0.0,East
86056,2023-09-28,1496,1,10335.2,0.15,East
86057,2023-05-06,1059,4,689.12,0.05,West
86058,2023-04-13,1261,2,2641.4,0.15,West
86059,2023-03-20,1050,5,6657.46,0.05,West
86060,2023-07-23,1270,2,2439.97,0.15,West
86061,2023-07-09,1093,5,581.64,0.15,South
86062,2023-07-28,1103,4,527.15,0.15,West
86063,2023-05-16,1049,1,6738.95,0.05,North
86064,2023-06-30,1493,1,7147.94,0.05,South
86065,2023-05-11,1205,1,9549.15,0.2,West
86066,2023-11-26,1388,3,8129.69,0.15,East
86067,2023-12-01,1323,2,1215.58,0.15,East
86068,2023-05-06,1498,4,4645.24,0.0,West
86069,2023-12-25,1326,1,6558.28,0.2,North
86070,2023-02-18,1249,1,2530.13,0.1,West
86071,2023-03-11,1216,2,5904.94,0.2,East
86072,2023-06-06,1149,2,8081.8,0.1,South
86073,2023-04-12,1304,2,370.06,0.05,North
86074,2023-08-18,1304,2,267.21,0.05,West
86075,2023-12-08,1238,1,3405.67,0.05,South
86076,2023-09-17,1118,1,2629.9,0.05,North
86077,2023-11-29,1171,3,853.15,0.2,West
86078,2023-02-26,1346,3,9150.75,0.1,East
86079,2023-05-29,1063,1,9637.73,0.1,South
86080,2023-09-11,1296,4,801.47,0.1,South
86081,2023-02-24,1416,1,6097.6,0.2,North
86082,2023-06-05,1092,3,8175.75,0.2,East
86083,2023-12-11,1179,2,4559.49,0.05,West
86084,2023-08-08,1019,1,5170.44,0.1,South
86085,2023-12-15,1048,1,4297.7,0.1,South
86086,2023-02-10,1143,3,6255.95,0.0,North
86087,2023-07-06,1409,3,8114.7,0.0,East
86088,2023-03-13,1215,1,2499.23,0.1,North
86089,2023-06-27,1035,2,11233.9,0.2,East
86090,2023-11-29,1079,3,5525.26,0.1,East
86091,2023-05-28,1024,5,5750.61,0.0,West
86092,2023-01-30,1033,5,8093.45,0.2,East
86093,2023-04-25,1429,1,9132.62,0.2,West
86094,2023-01-03,1148,2,2623.82,0.1,North
86095,2023-11-28,1074,2,10078.18,0.15,North
86096,2023-06-13,1428,1,2602.6,0.05,South
86097,2023-07-18,1301,2,1716.26,0.15,South
86098,2023-03-22,1020,2,7820.37,0.0,South
86099,2023-09-29,1442,1,2377.32,0.1,West
86100,2023-01-27,1242,2,9487.82,0.0,West
86101,2023-03-18,1346,3,4464.87,0.2,North
86102,2023-03-11,1219,1,7644.98,0.15,North
86103,2023-04-02,1007,1,2732.19,0.1,North
86104,2023-12-15,1475,4,4280.98,0.05,North
86105,2023-01-19,1381,4,1458.68,0.15,East
86106,2023-09-11,1275,3,4600.84,0.0,South
86107,2023-04-23,1349,5,131.81,0.05,East
86108,2023-08-22,1300,2,6300.19,0.05,North
86109,2023-01-19,1325,1,7266.43,0.0,North
86110,2023-03-18,1214,5,3668.05,0.0,North
86111,2023-10-31,1074,5,8859.29,0.15,East
86112,2023-05-26,1483,1,4965.92,0.15,East
86113,2023-09-22,1472,2,235.52,0.0,West
86114,2023-02-01,1250,1,7957.41,0.0,South
86115,2023-02-01,1356,1,3539.94,0.05,West
86116,2023-04-18,1481,5,901.91,0.2,North
86117,2023-05-23,1407,3,930.23,0.0,East
86118,2023-05-26,1144,4,5352.59,0.05,North
86119,2023-03-02,1353,1,2883.99,0.1,West
86120,2023-06-12,1264,2,4019.73,0.15,South
86121,2023-06-02,1179,2,5094.75,0.05,South
86122,2023-09-09,1223,4,2198.27,0.05,West
86123,2023-04-05,1335,4,1762.54,0.1,West
86124,2023-12-31,1412,1,826.82,0.0,West
86125,2023-06-09,1170,3,564.3,0.1,North
86126,2023-04-08,1140,2,7511.48,0.15,East
86127,2023-04-16,1197,5,1487.57,0.1,West
86128,2023-03-14,1471,1,10474.12,0.05,North
86129,2023-11-09,1012,2,5504.35,0.2,East
86130,2023-02-12,1188,5,6646.1,0.15,North
86131,2023-05-11,1219,2,4242.02,0.15,West
86132,2023-09-12,1390,4,5425.36,0.2,East
86133,2023-01-26,1048,5,4029.89,0.0,West
86134,2023-01-28,1454,5,3464.63,0.1,West
86135,2023-04-28,1359,1,7419.38,0.1,North
86136,2023-07-13,1011,4,6085.63,0.2,East
86137,2023-05-18,1011,1,6912.75,0.2,South
86138,2023-06-15,1289,1,5200.61,0.05,West
86139,2023-09-28,1199,1,1115.89,0.0,South
86140,2023-04-29,1438,5,5943.42,0.15,South
86141,2023-12-28,1063,1,10667.43,0.2,South
86142,2023-01-14,1209,5,5069.68,0.15,West
86143,2023-09-08,1291,1,8443.02,0.1,East
86144,2023-08-22,1350,1,4883.09,0.1,South
86145,2023-11-22,1320,2,5564.86,0.05,East
86146,2023-11-20,1447,2,3232.22,0.05,North
86147,2023-07-06,1141,4,1909.36,0.2,North
86148,2023-07-14,1351,1,7656.23,0.15,South
86149,2023-10-27,1078,2,7900.08,0.15,West
86150,2023-07-04,1167,2,3598.42,0.15,West
86151,2023-01-19,1162,2,6515.45,0.1,West
86152,2023-10-07,1208,5,3918.01,0.0,South
86153,2023-04-19,1261,1,4649.25,0.2,East
86154,2023-04-28,1060,2,5281.75,0.15,North
86155,2023-05-18,1392,1,738.86,0.0,East
86156,2023-09-24,1226,3,2156.24,0.0,South
86157,2023-06-22,1412,4,810.36,0.0,North
86158,2023-11-12,1379,2,749.61,0.2,North
86159,2023-04-26,1117,3,8025.25,0.2,West
86160,2023-04-12,1242,3,8029.4,0.0,West
86161,2023-08-26,1449,3,497.59,0.15,South
86162,2023-01-03,1109,2,1049.13,0.05,North
86163,2023-06-14,1019,3,3237.09,0.15,South
86164,2023-11-09,1256,1,5450.11,0.0,West
86165,2023-09-11,1106,5,8817.42,0.1,North
86166,2023-04-27,1484,2,5009.82,0.1,South
86167,2023-09-20,1249,1,1035.28,0.0,North
86168,2023-04-18,1383,1,10242.67,0.2,North
86169,2023-12-21,1383,3,9269.09,0.2,West
86170,2023-09-14,1159,1,4673.09,0.05,South
86171,2023-11-09,1417,2,5961.41,0.0,North
86172,2023-10-05,1369,4,694.56,0.1,East
86173,2023-08-02,1146,2,2222.1,0.0,West
86174,2023-05-12,1186,1,268.91,0.15,North
86175,2023-02-09,1260,3,2421.27,0.0,West
86176,2023-05-27,1202,1,3072.23,0.1,East
86177,2023-08-03,1379,1,1184.32,0.05,South
86178,2023-03-15,1244,3,6102.35,0.05,South
86179,2023-04-03,1294,2,2230.93,0.15,West
86180,2023-10-01,1407,1,812.22,0.1,South
86181,2023-01-04,1160,1,6277.59,0.05,North
86182,2023-05-24,1405,3,4979.5,0.1,West
86183,2023-01-25,1448,1,5011.02,0.0,West
86184,2023-10-05,1466,3,2148.03,0.2,West
86185,2023-10-01,1026,1,1106.96,0.15,East
86186,2023-01-08,1027,3,889.17,0.05,North
86187,2023-04-10,1328,2,1508.4,0.2,North
86188,2023-12-11,1121,2,5199.04,0.1,East
86189,2023-08-23,1336,2,6684.62,0.05,East
86190,2023-02-09,1152,5,3692.06,0.05,South
86191,2023-02-06,1311,4,4666.79,0.0,West
86192,2023-03-23,1396,4,412.48,0.2,North
86193,2023-07-30,1217,1,8725.42,0.05,West
86194,2023-03-30,1023,3,5913.0,0.05,North
86195,2023-01-23,1170,1,1571.9,0.05,South
86196,2023-12-07,1138,1,1654.21,0.15,East
86197,2023-12-29,1036,2,2582.35,0.15,South
86198,2023-07-28,1299,1,6403.16,0.0,North
86199,2023-01-04,1040,1,4394.84,0.2,North
86200,2023-09-19,1177,1,2534.43,0.0,South
86201,2023-07-11,1130,2,6936.94,0.2,South
86202,2023-05-15,1157,1,5717.12,0.0,East
86203,2023-03-07,1255,1,6231.72,0.15,West
86204,2023-08-09,1073,2,5116.92,0.1,East
86205,2023-10-31,1156,3,529.11,0.15,East
86206,2023-04-13,1158,2,6983.03,0.05,South
86207,2023-11-26,1398,3,9417.46,0.2,South
86208,2023-05-27,1090,1,4733.3,0.2,South
86209,2023-09-10,1125,1,9990.34,0.05,South
86210,2023-12-26,1011,1,7365.66,0.05,North
86211,2023-09-16,1173,2,4617.72,0.2,North
86212,2023-07-25,1217,4,11123.53,0.1,South
86213,2023-03-20,1463,4,6008.64,0.15,South
86214,2023-04-28,1384,4,9007.59,0.05,West
86215,2023-12-22,1235,3,9790.53,0.05,South
86216,2023-03-10,1450,1,2304.74,0.15,East
86217,2023-11-26,1092,2,8915.17,0.2,North
86218,2023-11-22,1429,4,7026.62,0.15,North
86219,2023-09-29,1091,1,350.13,0.0,West
86220,2023-07-20,1062,5,12032.16,0.1,East
86221,2023-07-18,1314,1,1122.56,0.15,East
86222,2023-07-24,1267,1,957.87,0.15,North
86223,2023-12-11,1472,1,307.88,0.15,South
86224,2023-06-23,1117,4,8069.04,0.2,West
86225,2023-02-03,1371,2,6674.56,0.15,West
86226,2023-01-18,1364,3,2861.76,0.05,North
86227,2023-05-17,1468,1,5161.28,0.05,East
86228,2023-03-01,1074,2,8434.92,0.0,North
86229,2023-11-28,1457,2,6113.26,0.1,West
86230,2023-07-28,1193,2,194.27,0.0,East
86231,2023-06-18,1217,2,11277.02,0.1,East
86232,2023-02-13,1125,1,12741.44,0.15,West
86233,2023-06-24,1201,5,2868.03,0.0,West
86234,2023-11-08,1316,1,2273.96,0.0,West
86235,2023-05-28,1161,3,3352.27,0.05,South
86236,2023-05-26,1500,2,460.58,0.15,West
86237,2023-03-15,1355,5,1876.75,0.2,East
86238,2023-10-06,1359,1,5135.52,0.2,South
86239,2023-11-21,1192,4,4803.95,0.1,West
86240,2023-08-04,1148,5,1896.82,0.05,West
86241,2023-05-28,1185,5,1879.34,0.05,East
86242,2023-11-27,1057,1,3512.06,0.05,West
86243,2023-08-05,1207,1,1837.08,0.05,West
86244,2023-08-31,1457,2,6745.84,0.15,West
86245,2023-05-18,1472,3,311.5,0.0,West
86246,2023-05-18,1400,4,5659.74,0.0,West
86247,2023-05-19,1306,3,719.09,0.0,South
86248,2023-05-19,1446,1,5991.79,0.2,West
86249,2023-04-24,1137,1,924.55,0.05,East
86250,2023-06-23,1104,3,4425.19,0.05,East
86251,2023-09-19,1463,1,6639.95,0.15,West
86252,2023-09-18,1214,2,4428.64,0.1,West
86253,2023-09-08,1409,2,4347.18,0.2,East
86254,2023-03-10,1294,5,1846.07,0.05,North
86255,2023-12-18,1265,5,3241.27,0.1,East
86256,2023-07-15,1042,4,149.59,0.0,West
86257,2023-03-16,1007,3,4898.26,0.15,West
86258,2023-07-13,1170,4,1183.2,0.1,North
86259,2023-05-19,1098,1,5584.8,0.15,West
86260,2023-09-14,1208,2,3837.02,0.05,East
86261,2023-09-12,1199,4,1479.19,0.05,North
86262,2023-05-08,1130,3,5174.99,0.2,South
86263,2023-05-08,1126,1,3112.71,0.1,West
86264,2023-07-27,1156,2,679.82,0.2,North
86265,2023-09-05,1347,4,3135.52,0.2,West
86266,2023-08-07,1040,2,3923.02,0.2,South
86267,2023-12-31,1432,5,5984.49,0.05,South
86268,2023-01-12,1238,2,3685.17,0.15,South
86269,2023-10-29,1463,5,8589.57,0.0,East
86270,2023-11-21,1246,1,7767.64,0.15,East
86271,2023-06-22,1281,1,465.37,0.0,East
86272,2023-04-03,1447,2,3867.52,0.2,West
86273,2023-10-24,1380,1,3901.84,0.15,South
86274,2023-04-28,1123,2,7434.49,0.05,East
86275,2023-10-07,1431,4,2209.68,0.05,South
86276,2023-09-07,1015,5,9502.9,0.0,West
86277,2023-05-08,1080,5,6767.69,0.05,West
86278,2023-12-21,1118,1,1675.98,0.2,North
86279,2023-07-28,1028,2,7562.31,0.05,East
86280,2023-07-13,1154,2,1764.06,0.2,North
86281,2023-03-08,1312,2,10578.1,0.2,East
86282,2023-06-04,1397,3,652.3,0.2,West
86283,2023-08-11,1016,5,903.09,0.15,West
86284,2023-06-10,1189,1,4252.64,0.15,North
86285,2023-04-10,1002,2,133.38,0.2,West
86286,2023-02-11,1330,1,5758.41,0.1,South
86287,2023-12-08,1093,1,550.78,0.1,West
86288,2023-05-06,1125,2,5449.57,0.2,South
86289,2023-04-11,1262,2,749.85,0.15,North
86290,2023-01-21,1185,1,2975.19,0.0,West
86291,2023-10-19,1128,5,1360.41,0.2,East
86292,2023-04-28,1272,2,5685.48,0.0,South
86293,2023-01-08,1463,2,11428.05,0.0,East
86294,2023-08-07,1333,1,5157.13,0.2,South
86295,2023-10-03,1323,4,1921.11,0.2,East
86296,2023-12-14,1054,1,512.73,0.1,West
86297,2023-03-23,1463,1,9931.44,0.1,West
86298,2023-02-12,1332,1,4374.85,0.15,West
86299,2023-09-23,1257,1,1404.19,0.2,West
86300,2023-07-25,1344,1,3010.08,0.2,North
86301,2023-11-26,1394,2,827.99,0.1,North
86302,2023-08-17,1427,5,4099.5,0.1,West
86303,2023-11-03,1369,4,696.79,0.05,East
86304,2023-05-23,1068,2,6324.92,0.15,East
86305,2023-02-03,1329,2,449.95,0.15,East
86306,2023-08-13,1486,4,8031.14,0.1,South
86307,2023-10-29,1166,1,5588.41,0.1,South
86308,2023-07-20,1414,4,5896.14,0.15,North
86309,2023-06-09,1204,5,5793.05,0.05,North
86310,2023-03-12,1158,2,8286.55,0.1,North
86311,2023-11-16,1486,5,8814.56,0.1,South
86312,2023-03-23,1175,4,1937.89,0.15,South
86313,2023-11-06,1277,5,8976.13,0.1,East
86314,2023-12-31,1489,2,3291.56,0.15,North
86315,2023-09-18,1272,3,9828.81,0.2,South
86316,2023-06-27,1434,4,451.41,0.2,West
86317,2023-10-24,1474,1,7688.03,0.1,South
86318,2023-10-06,1227,5,792.83,0.0,North
86319,2023-08-29,1208,1,3839.57,0.0,South
86320,2023-05-26,1488,1,3217.5,0.2,North
86321,2023-04-22,1341,2,8554.36,0.15,North
86322,2023-04-10,1232,3,6606.65,0.05,West
86323,2023-05-06,1017,1,2238.54,0.1,West
86324,2023-01-23,1142,1,7245.11,0.05,South
86325,2023-03-13,1135,1,1887.74,0.2,West
86326,2023-09-13,1358,1,4809.48,0.05,North
86327,2023-09-21,1473,1,3423.39,0.0,East
86328,2023-02-04,1167,5,3197.43,0.0,South
86329,2023-10-11,1045,3,6233.15,0.15,West
86330,2023-07-15,1005,2,4094.57,0.0,South
86331,2023-03-22,1278,1,3069.22,0.05,West
86332,2023-05-21,1464,1,2476.68,0.05,East
86333,2023-10-03,1067,4,2715.63,0.1,West
86334,2023-04-18,1400,1,4330.65,0.05,South
86335,2023-08-22,1083,5,1659.27,0.2,West
86336,2023-08-14,1169,1,2981.59,0.1,South
86337,2023-11-19,1146,4,1878.93,0.15,North
86338,2023-05-06,1281,1,329.06,0.15,East
86339,2023-01-10,1335,4,1455.28,0.1,North
86340,2023-06-10,1279,1,7111.28,0.15,South
86341,2023-03-14,1393,1,6531.42,0.2,East
86342,2023-10-11,1044,1,3807.07,0.05,West
86343,2023-08-02,1132,5,7215.44,0.1,South
86344,2023-11-11,1424,2,3272.19,0.0,South
86345,2023-06-08,1355,2,3583.07,0.05,South
86346,2023-11-16,1497,1,1343.5,0.0,West
86347,2023-05-15,1111,2,1900.38,0.2,East
86348,2023-09-04,1082,1,7508.62,0.05,North
86349,2023-09-08,1077,4,4690.04,0.05,East
86350,2023-02-11,1339,5,1877.38,0.15,North
86351,2023-06-21,1150,3,852.23,0.05,East
86352,2023-01-28,1295,1,2650.7,0.15,East
86353,2023-06-20,1289,3,8883.61,0.0,West
86354,2023-05-16,1366,1,2898.63,0.2,North
86355,2023-09-06,1324,1,2896.82,0.15,South
86356,2023-06-01,1333,1,5377.43,0.05,South
86357,2023-11-23,1351,1,6263.59,0.15,West
86358,2023-07-07,1396,2,625.44,0.15,West
86359,2023-08-01,1119,5,1576.13,0.2,North
86360,2023-10-01,1052,1,5030.33,0.15,East
86361,2023-04-07,1467,2,2647.31,0.05,East
86362,2023-04-29,1491,1,8998.0,0.1,North
86363,2023-11-25,1240,5,8430.15,0.05,North
86364,2023-07-02,1053,1,10869.08,0.2,West
86365,2023-08-20,1215,1,4162.24,0.05,North
86366,2023-03-10,1282,1,381.61,0.05,South
86367,2023-08-05,1053,4,4903.56,0.05,North
86368,2023-07-03,1401,4,7679.42,0.1,South
86369,2023-03-11,1029,1,9180.21,0.1,East
86370,2023-07-08,1124,5,9637.49,0.15,East
86371,2023-01-31,1227,2,1133.43,0.05,East
86372,2023-04-25,1036,4,3497.66,0.2,West
86373,2023-01-08,1134,4,5142.85,0.0,North
86374,2023-03-24,1063,2,5163.06,0.2,North
86375,2023-03-07,1393,5,9136.46,0.1,South
86376,2023-09-18,1166,2,7743.85,0.05,North
86377,2023-03-26,1068,2,5561.14,0.05,West
86378,2023-12-05,1499,1,725.97,0.1,East
86379,2023-05-30,1378,4,1596.01,0.0,South
86380,2023-09-10,1105,3,5940.61,0.2,South
86381,2023-09-15,1456,2,9728.42,0.0,East
86382,2023-01-20,1149,1,5507.17,0.0,West
86383,2023-06-21,1026,1,1239.68,0.0,North
86384,2023-08-05,1360,4,4278.27,0.0,South
86385,2023-06-01,1177,4,1189.83,0.15,North
86386,2023-04-27,1329,2,272.59,0.15,North
86387,2023-04-10,1007,5,3777.03,0.0,West
86388,2023-07-31,1255,1,6364.17,0.05,North
86389,2023-05-12,1183,1,1524.99,0.1,South
86390,2023-05-10,1143,1,6440.42,0.15,North
86391,2023-02-09,1293,1,3109.1,0.05,South
86392,2023-08-26,1341,1,9176.15,0.2,North
86393,2023-07-03,1001,4,2485.55,0.05,North
86394,2023-08-21,1299,1,4150.16,0.05,South
86395,2023-07-29,1163,1,1134.94,0.0,West
86396,2023-02-03,1233,1,800.69,0.15,West
86397,2023-05-19,1234,1,10444.52,0.15,North
86398,2023-01-11,1246,2,8193.36,0.1,South
86399,2023-09-30,1446,3,5035.2,0.0,West
86400,2023-08-04,1431,2,1903.38,0.1,East
86401,2023-03-08,1037,3,6845.95,0.2,East
86402,2023-02-01,1035,4,9290.19,0.05,North
86403,2023-03-23,1373,2,6431.33,0.15,North
86404,2023-01-22,1478,4,1694.42,0.05,West
86405,2023-01-31,1301,2,1465.87,0.2,North
86406,2023-06-20,1082,3,6007.06,0.0,East
86407,2023-11-15,1394,1,1881.75,0.05,East
86408,2023-12-08,1489,1,3711.3,0.15,South
86409,2023-09-10,1355,2,3662.53,0.0,East
86410,2023-03-29,1445,1,6085.76,0.1,North
86411,2023-05-16,1492,4,3426.8,0.2,North
86412,2023-03-27,1385,5,1517.02,0.2,North
86413,2023-03-14,1409,2,5563.36,0.05,North
86414,2023-03-24,1199,2,1561.72,0.05,East
86415,2023-06-05,1496,3,8428.75,0.0,West
86416,2023-03-06,1005,5,2819.18,0.1,North
86417,2023-04-16,1075,1,137.61,0.0,North
86418,2023-09-18,1418,2,1339.79,0.2,South
86419,2023-11-26,1295,5,2622.89,0.0,East
86420,2023-07-08,1453,1,5649.51,0.15,West
86421,2023-02-17,1168,5,825.14,0.2,North
86422,2023-12-29,1371,2,7107.1,0.0,West
86423,2023-09-08,1012,2,3553.63,0.0,East
86424,2023-04-06,1437,2,4822.93,0.05,East
86425,2023-09-04,1436,2,6922.02,0.1,East
86426,2023-04-17,1135,1,1658.0,0.05,North
86427,2023-11-27,1003,1,10991.5,0.15,South
86428,2023-09-27,1343,2,195.74,0.1,North
86429,2023-04-07,1119,1,2385.77,0.1,North
86430,2023-06-27,1106,2,4881.25,0.1,West
86431,2023-11-15,1311,1,1964.05,0.15,North
86432,2023-03-23,1118,1,1931.14,0.05,North
86433,2023-01-25,1493,4,8713.76,0.15,West
86434,2023-04-13,1360,5,6284.08,0.0,West
86435,2023-10-11,1124,4,11229.25,0.05,North
86436,2023-04-12,1447,5,4075.82,0.05,South
86437,2023-05-10,1298,1,2109.72,0.2,East
86438,2023-11-23,1475,4,3029.37,0.0,South
86439,2023-09-03,1281,3,563.61,0.15,West
86440,2023-11-09,1244,3,6027.3,0.0,East
86441,2023-04-20,1313,1,5566.87,0.1,North
86442,2023-06-22,1222,5,163.57,0.1,South
86443,2023-08-13,1292,1,4216.45,0.0,North
86444,2023-04-17,1355,2,3236.86,0.1,North
86445,2023-04-14,1007,5,5198.04,0.15,West
86446,2023-08-23,1077,4,8933.67,0.15,East
86447,2023-12-02,1349,1,248.16,0.1,North
86448,2023-10-20,1348,2,3525.73,0.15,East
86449,2023-11-29,1446,1,8275.72,0.2,North
86450,2023-01-27,1003,2,7867.12,0.1,South
86451,2023-09-13,1245,2,1632.74,0.2,West
86452,2023-03-16,1230,1,3638.69,0.1,South
86453,2023-10-29,1135,2,1577.51,0.15,East
86454,2023-11-16,1349,2,269.28,0.2,North
86455,2023-06-12,1177,1,1684.87,0.1,North
86456,2023-02-05,1360,1,6123.34,0.1,West
86457,2023-02-21,1171,1,616.46,0.05,South
86458,2023-03-08,1074,2,5061.05,0.2,East
86459,2023-01-12,1095,1,5830.01,0.0,South
86460,2023-07-28,1206,4,2113.52,0.15,West
86461,2023-05-25,1142,4,5323.45,0.05,East
86462,2023-05-07,1386,1,2476.47,0.15,North
86463,2023-10-24,1364,1,2474.74,0.2,North
86464,2023-05-08,1318,2,7749.47,0.05,South
86465,2023-02-25,1047,3,1336.67,0.2,East
86466,2023-12-06,1097,1,7075.3,0.05,North
86467,2023-05-28,1258,1,236.44,0.1,North
86468,2023-11-24,1055,2,4214.97,0.05,East
86469,2023-03-08,1107,1,7506.82,0.0,North
86470,2023-11-06,1042,1,75.61,0.1,East
86471,2023-01-12,1288,5,1800.43,0.1,West
86472,2023-01-23,1233,4,366.56,0.1,East
86473,2023-11-16,1238,1,5270.45,0.2,South
86474,2023-09-10,1149,1,6218.88,0.2,South
86475,2023-05-12,1304,2,492.94,0.2,North
86476,2023-08-24,1321,2,4945.49,0.15,West
86477,2023-10-26,1126,1,1932.61,0.1,West
86478,2023-06-04,1339,5,2976.97,0.1,North
86479,2023-07-22,1170,1,838.03,0.05,East
86480,2023-10-31,1255,3,7203.4,0.05,East
86481,2023-01-01,1401,2,7230.87,0.1,East
86482,2023-06-21,1207,1,2809.85,0.05,West
86483,2023-11-02,1049,1,4983.05,0.0,East
86484,2023-10-06,1283,4,3570.79,0.2,East
86485,2023-10-08,1280,2,4568.58,0.0,East
86486,2023-04-14,1404,1,3696.37,0.0,North
86487,2023-07-29,1460,2,6513.37,0.05,East
86488,2023-11-05,1457,4,4901.06,0.2,North
86489,2023-03-19,1054,2,781.57,0.2,South
86490,2023-01-19,1465,2,7865.55,0.0,North
86491,2023-11-27,1236,1,959.99,0.05,South
86492,2023-09-04,1281,1,674.3,0.2,North
86493,2023-10-06,1428,4,1548.03,0.0,North
86494,2023-12-12,1084,2,502.63,0.15,South
86495,2023-06-24,1489,1,4660.52,0.2,South
86496,2023-12-12,1090,1,4237.91,0.2,West
86497,2023-06-15,1044,5,4929.29,0.15,North
86498,2023-07-21,1325,4,8115.45,0.15,North
86499,2023-08-14,1400,1,3376.46,0.15,West
86500,2023-11-17,1087,2,1918.02,0.05,East
86501,2023-11-25,1338,4,3356.15,0.0,West
86502,2023-10-24,1198,1,1761.48,0.05,North
86503,2023-06-30,1059,5,1197.58,0.2,West
86504,2023-09-24,1136,2,5401.68,0.05,East
86505,2023-11-13,1430,5,3440.22,0.05,South
86506,2023-10-23,1450,4,1994.08,0.05,North
86507,2023-10-21,1287,1,2463.49,0.05,West
86508,2023-02-06,1010,2,10172.23,0.15,South
86509,2023-01-04,1422,3,8899.68,0.1,West
86510,2023-04-04,1352,1,7469.49,0.05,West
86511,2023-06-01,1182,2,2700.04,0.1,East
86512,2023-12-30,1404,5,2773.79,0.1,East
86513,2023-04-17,1367,3,5494.34,0.0,North
86514,2023-06-03,1336,5,6210.48,0.2,East
86515,2023-10-25,1185,4,1935.8,0.0,North
86516,2023-10-06,1290,2,3956.0,0.05,South
86517,2023-08-29,1296,1,1234.01,0.2,North
86518,2023-10-07,1059,2,900.16,0.2,South
86519,2023-12-18,1445,4,5232.78,0.0,South
86520,2023-07-29,1058,1,4253.86,0.1,East
86521,2023-05-21,1323,5,1162.19,0.15,West
86522,2023-10-03,1301,4,1705.33,0.05,East
86523,2023-03-17,1489,4,5889.86,0.1,East
86524,2023-05-30,1277,1,9426.89,0.05,West
86525,2023-10-15,1072,2,1650.03,0.1,North
86526,2023-11-16,1151,5,1089.37,0.1,West
86527,2023-08-25,1466,2,3180.57,0.05,East
86528,2023-09-24,1470,5,1977.23,0.15,West
86529,2023-09-08,1361,1,5314.52,0.15,West
86530,2023-08-11,1093,2,718.09,0.2,East
86531,2023-06-01,1287,1,2514.34,0.05,South
86532,2023-06-23,1384,1,6490.59,0.1,West
86533,2023-05-18,1197,2,1796.83,0.15,East
86534,2023-09-22,1219,2,8428.12,0.15,East
86535,2023-03-03,1244,5,4558.81,0.05,South
86536,2023-03-15,1350,2,6741.18,0.05,West
86537,2023-09-30,1389,3,6237.56,0.1,East
86538,2023-05-17,1254,4,142.7,0.05,West
86539,2023-11-13,1483,1,3547.66,0.05,North
86540,2023-08-24,1055,1,2129.17,0.2,West
86541,2023-11-14,1374,2,3122.78,0.0,East
86542,2023-07-16,1239,1,337.11,0.05,South
86543,2023-11-13,1037,3,6441.95,0.15,North
86544,2023-03-22,1374,4,2894.46,0.2,East
86545,2023-10-03,1381,1,2304.77,0.15,North
86546,2023-02-12,1161,3,3119.87,0.2,South
86547,2023-07-10,1400,3,4233.4,0.1,West
86548,2023-06-12,1392,4,409.34,0.15,East
86549,2023-08-01,1329,4,665.3,0.15,West
86550,2023-08-27,1451,2,4353.96,0.05,North
86551,2023-05-05,1370,5,3889.37,0.2,South
86552,2023-10-25,1243,2,8516.02,0.15,North
86553,2023-11-26,1494,1,12748.54,0.15,West
86554,2023-11-20,1278,5,2101.69,0.05,South
86555,2023-03-28,1062,2,5691.07,0.05,West
86556,2023-11-01,1054,2,630.98,0.05,East
86557,2023-12-21,1446,4,7178.97,0.1,West
86558,2023-03-31,1456,5,6085.81,0.15,East
86559,2023-01-12,1472,1,192.44,0.1,West
86560,2023-04-02,1429,1,6036.04,0.15,West
86561,2023-07-18,1141,2,1120.08,0.1,South
86562,2023-04-06,1482,4,3271.7,0.0,North
86563,2023-09-18,1316,3,1866.76,0.05,West
86564,2023-07-25,1175,2,2338.77,0.2,East
86565,2023-07-06,1231,1,1919.6,0.15,North
86566,2023-02-10,1290,2,5676.7,0.0,West
86567,2023-07-16,1207,1,1552.57,0.1,West
86568,2023-01-18,1193,1,246.7,0.0,East
86569,2023-06-26,1046,4,1216.44,0.2,North
86570,2023-12-15,1282,5,525.21,0.15,North
86571,2023-11-21,1199,2,1537.59,0.05,South
86572,2023-01-19,1341,2,4380.54,0.15,North
86573,2023-02-26,1068,2,6654.31,0.15,South
86574,2023-02-14,1345,2,6610.85,0.05,West
86575,2023-03-15,1087,1,2246.55,0.0,North
86576,2023-06-22,1276,5,10126.3,0.0,East
86577,2023-04-26,1107,4,4702.63,0.2,West
86578,2023-11-08,1243,5,5790.65,0.15,East
86579,2023-05-13,1401,1,6729.25,0.15,North
86580,2023-08-07,1444,2,5853.17,0.05,West
86581,2023-07-24,1026,1,2838.01,0.15,South
86582,2023-02-27,1087,1,1826.05,0.1,West
86583,2023-08-09,1473,2,3314.58,0.15,South
86584,2023-03-29,1393,1,5731.16,0.0,North
86585,2023-09-11,1077,2,7858.2,0.05,South
86586,2023-05-08,1221,1,2654.84,0.15,West
86587,2023-11-01,1101,2,3665.11,0.1,North
86588,2023-01-08,1336,1,4180.9,0.05,East
86589,2023-03-21,1265,2,2253.72,0.0,South
86590,2023-03-06,1396,1,663.63,0.1,West
86591,2023-02-05,1220,1,7844.14,0.1,North
86592,2023-10-26,1341,4,10242.45,0.0,East
86593,2023-09-24,1451,2,5018.44,0.1,South
86594,2023-01-03,1084,3,1019.02,0.0,North
86595,2023-03-20,1134,3,3337.74,0.1,West
86596,2023-01-07,1021,1,8349.55,0.1,East
86597,2023-02-01,1493,2,4974.48,0.15,East
86598,2023-09-12,1417,1,4838.46,0.15,West
86599,2023-07-06,1395,1,7021.02,0.05,West
86600,2023-01-06,1350,1,4544.78,0.2,East
86601,2023-09-09,1309,4,2071.04,0.0,West
86602,2023-05-16,1182,3,2352.1,0.05,West
86603,2023-05-28,1024,4,2873.19,0.0,North
86604,2023-05-22,1308,1,1545.01,0.15,East
86605,2023-09-18,1283,2,6781.38,0.05,East
86606,2023-06-29,1454,5,4617.91,0.15,West
86607,2023-07-01,1166,1,5962.8,0.1,East
86608,2023-10-03,1083,1,954.85,0.15,South
86609,2023-05-17,1223,1,1991.93,0.0,North
86610,2023-04-28,1166,4,4518.52,0.05,West
86611,2023-09-12,1189,5,1981.17,0.0,North
86612,2023-09-02,1047,2,1844.92,0.05,West
86613,2023-04-02,1121,1,4372.04,0.1,South
86614,2023-09-30,1166,3,5224.45,0.15,North
86615,2023-02-10,1333,1,8030.1,0.05,East
86616,2023-03-25,1237,3,1261.54,0.15,North
86617,2023-12-23,1010,1,5139.48,0.0,North
86618,2023-05-28,1499,2,906.84,0.2,West
86619,2023-07-18,1206,1,1492.6,0.0,West
86620,2023-10-29,1270,3,1577.65,0.1,South
86621,2023-09-12,1373,1,7958.21,0.05,West
86622,2023-07-07,1029,4,8911.0,0.0,East
86623,2023-07-26,1477,2,3480.33,0.15,West
86624,2023-11-28,1049,1,6062.08,0.1,West
86625,2023-07-29,1128,1,1414.32,0.05,North
86626,2023-10-04,1462,1,5995.46,0.1,West
86627,2023-09-08,1366,1,2415.16,0.0,West
86628,2023-12-25,1412,2,1142.35,0.05,East
86629,2023-05-17,1110,3,5478.16,0.2,North
86630,2023-11-07,1063,1,10868.75,0.2,North
86631,2023-07-07,1434,5,708.62,0.15,East
86632,2023-02-01,1377,5,7711.76,0.15,North
86633,2023-06-29,1404,5,5827.7,0.15,West
86634,2023-09-08,1107,1,8761.08,0.15,South
86635,2023-09-24,1191,1,974.95,0.0,East
86636,2023-11-10,1237,1,2107.61,0.2,West
86637,2023-03-27,1479,2,4219.29,0.05,South
86638,2023-04-02,1077,1,5438.54,0.2,West
86639,2023-05-22,1243,1,8469.09,0.15,West
86640,2023-08-25,1002,3,142.34,0.15,North
86641,2023-06-20,1172,1,1303.08,0.05,East
86642,2023-12-27,1317,1,5180.09,0.05,West
86643,2023-06-05,1124,2,12107.03,0.1,West
86644,2023-02-03,1062,3,5600.17,0.0,East
86645,2023-08-10,1025,2,4247.87,0.05,East
86646,2023-07-11,1057,4,2692.27,0.0,North
86647,2023-01-03,1121,1,7326.57,0.0,East
86648,2023-09-06,1228,1,5011.37,0.15,West
86649,2023-02-02,1057,4,4498.73,0.15,West
86650,2023-11-07,1374,2,4454.11,0.15,North
86651,2023-01-30,1312,4,11424.15,0.2,South
86652,2023-08-03,1334,2,5264.14,0.0,North
86653,2023-06-10,1499,1,908.83,0.15,South
86654,2023-01-03,1444,3,3461.53,0.2,East
86655,2023-09-23,1069,4,1060.21,0.05,East
86656,2023-02-21,1303,5,1528.82,0.15,North
86657,2023-07-01,1014,2,1936.11,0.15,East
86658,2023-01-04,1180,1,8981.11,0.0,North
86659,2023-08-18,1133,1,1473.49,0.15,South
86660,2023-05-22,1453,5,4415.55,0.15,North
86661,2023-01-23,1029,4,6080.19,0.1,East
86662,2023-02-28,1344,2,1437.66,0.05,North
86663,2023-02-15,1002,4,160.4,0.0,East
86664,2023-09-03,1320,4,7218.4,0.0,South
86665,2023-12-22,1045,5,3455.0,0.0,South
86666,2023-01-15,1492,1,3606.05,0.1,West
86667,2023-12-13,1316,4,1283.34,0.15,North
86668,2023-06-06,1381,5,1885.4,0.1,East
86669,2023-02-24,1361,2,3487.14,0.1,East
86670,2023-05-08,1453,1,4210.36,0.2,South
86671,2023-08-12,1394,3,1366.99,0.2,East
86672,2023-11-16,1191,3,1025.35,0.1,West
86673,2023-02-05,1141,3,1754.81,0.2,South
86674,2023-08-23,1307,3,5130.11,0.05,East
86675,2023-07-26,1204,3,3813.53,0.0,South
86676,2023-02-26,1464,3,1334.75,0.1,West
86677,2023-12-13,1478,3,2521.2,0.2,North
86678,2023-07-22,1162,2,3575.95,0.15,North
86679,2023-11-23,1348,1,3733.96,0.05,South
86680,2023-04-04,1432,2,4980.24,0.2,South
86681,2023-12-24,1198,5,4035.2,0.15,North
86682,2023-02-17,1141,1,1370.5,0.0,West
86683,2023-06-06,1343,4,115.94,0.15,North
86684,2023-05-29,1462,4,6711.9,0.15,West
86685,2023-11-08,1341,1,4894.67,0.05,North
86686,2023-06-20,1138,2,2338.71,0.0,North
86687,2023-06-01,1237,1,1205.69,0.1,North
86688,2023-10-30,1041,1,12194.81,0.05,East
86689,2023-03-31,1086,1,8021.35,0.15,East
86690,2023-08-19,1011,2,11597.14,0.2,South
86691,2023-12-31,1195,1,8884.75,0.15,South
86692,2023-01-24,1177,1,2756.58,0.2,East
86693,2023-10-26,1184,4,1080.07,0.2,West
86694,2023-08-13,1024,1,9154.51,0.05,East
86695,2023-09-09,1032,1,5766.38,0.1,East
86696,2023-04-06,1412,2,892.55,0.05,East
86697,2023-04-11,1359,2,3543.99,0.0,South
86698,2023-10-18,1284,2,6767.24,0.15,East
86699,2023-10-17,1329,1,687.41,0.0,East
86700,2023-05-29,1031,3,5344.71,0.1,North
86701,2023-12-09,1207,1,2555.8,0.05,North
86702,2023-01-19,1269,3,6079.8,0.15,North
86703,2023-05-10,1448,4,4553.6,0.2,North
86704,2023-02-17,1055,2,3527.98,0.05,North
86705,2023-02-06,1013,1,1846.99,0.2,North
86706,2023-10-01,1246,1,6578.34,0.2,North
86707,2023-07-11,1475,5,5877.88,0.05,North
86708,2023-05-30,1145,2,8811.55,0.05,West
86709,2023-08-11,1159,2,5204.78,0.0,West
86710,2023-08-29,1335,1,1072.55,0.0,North
86711,2023-10-11,1497,5,2504.37,0.1,East
86712,2023-08-18,1304,2,199.09,0.05,North
86713,2023-03-14,1027,3,787.52,0.05,West
86714,2023-10-15,1423,2,5460.78,0.15,East
86715,2023-03-16,1225,1,1059.8,0.1,South
86716,2023-07-21,1468,5,7975.16,0.15,East
86717,2023-07-06,1303,2,930.09,0.1,West
86718,2023-12-05,1075,1,143.66,0.15,South
86719,2023-01-07,1214,5,3885.25,0.15,West
86720,2023-04-07,1438,2,7558.65,0.2,West
86721,2023-07-06,1406,1,982.69,0.1,South
86722,2023-04-03,1028,2,6858.06,0.1,West
86723,2023-07-17,1193,3,234.63,0.1,West
86724,2023-05-21,1347,4,3244.26,0.05,North
86725,2023-04-17,1057,3,5080.94,0.2,North
86726,2023-11-23,1293,1,4011.49,0.1,North
86727,2023-01-03,1350,1,3323.88,0.15,South
86728,2023-11-28,1270,2,1619.37,0.15,North
86729,2023-01-30,1322,3,3093.75,0.0,West
86730,2023-11-03,1084,1,947.11,0.2,South
86731,2023-08-23,1110,1,3587.7,0.05,South
86732,2023-08-02,1119,2,2592.36,0.2,West
86733,2023-07-28,1132,3,8440.85,0.2,North
86734,2023-08-05,1133,2,1192.79,0.2,North
86735,2023-12-08,1344,4,2874.3,0.1,North
86736,2023-05-30,1053,2,6299.83,0.0,South
86737,2023-05-12,1194,1,6198.17,0.2,South
86738,2023-01-31,1228,1,8995.2,0.1,South
86739,2023-11-07,1108,2,2752.11,0.1,East
86740,2023-10-14,1460,2,4169.37,0.05,East
86741,2023-06-25,1236,1,994.35,0.15,East
86742,2023-01-14,1156,5,387.05,0.15,South
86743,2023-04-01,1058,1,4592.27,0.15,South
86744,2023-11-07,1308,3,2045.82,0.2,North
86745,2023-04-01,1186,5,273.91,0.15,West
86746,2023-02-02,1129,1,5925.84,0.2,North
86747,2023-04-07,1311,1,4663.27,0.0,East
86748,2023-03-05,1253,2,2371.67,0.2,West
86749,2023-07-07,1141,1,1180.93,0.2,East
86750,2023-09-24,1372,3,1610.06,0.15,East
86751,2023-12-26,1045,3,4095.01,0.15,East
86752,2023-07-29,1300,1,2771.96,0.2,East
86753,2023-07-24,1186,2,255.52,0.05,North
86754,2023-02-19,1152,2,4584.28,0.2,West
86755,2023-06-06,1055,5,5258.85,0.05,West
86756,2023-05-20,1296,2,579.55,0.05,South
86757,2023-08-18,1467,1,4499.96,0.05,North
86758,2023-08-29,1199,1,2307.92,0.1,East
86759,2023-11-29,1406,1,898.5,0.0,South
86760,2023-03-17,1260,4,2054.41,0.1,North
86761,2023-11-01,1170,5,1236.49,0.1,West
86762,2023-03-24,1379,3,638.54,0.0,North
86763,2023-08-06,1440,2,1896.11,0.0,West
86764,2023-09-22,1076,5,6970.5,0.15,North
86765,2023-10-02,1336,3,9486.87,0.1,South
86766,2023-12-21,1228,5,5918.66,0.15,East
86767,2023-12-21,1464,2,1182.52,0.05,North
86768,2023-04-21,1054,1,741.52,0.1,West
86769,2023-11-22,1473,1,2677.26,0.15,East
86770,2023-10-23,1130,1,4051.79,0.2,West
86771,2023-09-13,1225,2,651.32,0.05,South
86772,2023-07-17,1181,1,5269.62,0.1,East
86773,2023-12-20,1420,1,3110.46,0.15,North
86774,2023-07-20,1135,1,1103.09,0.1,South
86775,2023-06-01,1333,4,6208.89,0.1,North
86776,2023-02-08,1313,1,9852.35,0.1,North
86777,2023-02-22,1381,1,1051.07,0.15,North
86778,2023-11-25,1144,2,6403.36,0.15,South
86779,2023-12-18,1231,1,3768.65,0.2,East
86780,2023-02-16,1340,5,7126.71,0.05,West
86781,2023-02-13,1272,1,8309.15,0.0,North
86782,2023-12-11,1019,3,6293.73,0.2,East
86783,2023-11-14,1458,1,1701.31,0.1,South
86784,2023-05-01,1377,1,7419.06,0.15,South
86785,2023-08-22,1392,2,709.01,0.15,South
86786,2023-01-01,1307,2,6152.45,0.1,South
86787,2023-08-17,1371,2,5563.54,0.15,East
86788,2023-11-02,1329,3,439.37,0.1,North
86789,2023-11-16,1009,1,8147.65,0.2,East
86790,2023-01-14,1115,1,3713.86,0.0,North
86791,2023-12-12,1361,3,4999.82,0.15,East
86792,2023-04-24,1077,5,6599.99,0.1,North
86793,2023-12-28,1327,2,4219.45,0.0,East
86794,2023-05-01,1181,1,3374.17,0.15,East
86795,2023-12-27,1420,5,2133.12,0.1,South
86796,2023-01-13,1351,2,4975.91,0.15,South
86797,2023-10-08,1184,1,831.55,0.05,West
86798,2023-11-19,1201,1,4974.67,0.05,West
86799,2023-02-03,1384,1,6965.29,0.15,North
86800,2023-03-05,1031,5,11055.79,0.0,South
86801,2023-02-21,1016,4,693.26,0.2,West
86802,2023-10-09,1163,4,1101.53,0.15,West
86803,2023-08-01,1307,1,4169.26,0.15,South
86804,2023-08-15,1010,4,6207.91,0.05,West
86805,2023-12-12,1022,4,6173.19,0.05,South
86806,2023-08-15,1270,2,2526.19,0.2,South
86807,2023-12-18,1129,5,6008.79,0.1,East
86808,2023-10-26,1499,4,908.83,0.05,East
86809,2023-08-19,1304,1,294.01,0.05,North
86810,2023-09-21,1086,2,7542.52,0.05,West
86811,2023-05-26,1123,1,5833.18,0.0,West
86812,2023-02-27,1203,3,2606.26,0.1,North
86813,2023-09-13,1391,3,4853.56,0.0,North
86814,2023-11-03,1388,2,6714.63,0.2,North
86815,2023-09-10,1340,1,6493.0,0.15,North
86816,2023-02-14,1144,1,8708.23,0.0,West
86817,2023-03-01,1408,2,6354.82,0.2,South
86818,2023-12-26,1298,2,2171.32,0.05,South
86819,2023-01-13,1429,5,4858.28,0.2,East
86820,2023-08-27,1035,2,5522.4,0.1,North
86821,2023-06-19,1303,2,783.04,0.05,South
86822,2023-11-14,1240,5,4248.08,0.0,South
86823,2023-12-28,1476,2,6887.2,0.15,East
86824,2023-05-02,1430,4,2351.85,0.2,North
86825,2023-11-04,1121,5,9282.46,0.2,East
86826,2023-09-06,1086,3,6282.97,0.2,East
86827,2023-07-20,1327,2,3780.27,0.1,East
86828,2023-10-26,1227,2,917.84,0.05,West
86829,2023-12-08,1282,3,600.11,0.2,East
86830,2023-04-28,1265,1,2763.56,0.15,West
86831,2023-06-22,1162,1,7545.29,0.2,North
86832,2023-05-25,1314,1,1437.64,0.2,South
86833,2023-01-17,1271,1,5387.56,0.15,East
86834,2023-09-09,1280,1,6899.56,0.05,East
86835,2023-03-19,1155,5,2603.77,0.2,North
86836,2023-02-12,1008,2,3518.64,0.1,East
86837,2023-05-17,1252,1,313.72,0.1,South
86838,2023-02-21,1363,2,505.75,0.2,North
86839,2023-12-13,1416,4,8454.15,0.1,East
86840,2023-10-02,1165,2,6180.1,0.0,South
86841,2023-01-22,1023,1,5002.21,0.2,East
86842,2023-02-12,1117,1,7588.99,0.2,East
86843,2023-09-30,1431,1,3296.89,0.0,West
86844,2023-07-30,1306,1,670.85,0.0,North
86845,2023-11-21,1102,5,12261.77,0.0,South
86846,2023-05-07,1143,2,13155.37,0.0,East
86847,2023-10-08,1015,5,7420.02,0.05,East
86848,2023-06-28,1421,1,3630.01,0.2,West
86849,2023-08-05,1162,1,3794.83,0.2,East
86850,2023-01-15,1468,5,8876.11,0.1,South
86851,2023-06-15,1009,1,4398.86,0.05,East
86852,2023-10-05,1422,1,6860.44,0.15,North
86853,2023-12-02,1180,1,9062.89,0.2,South
86854,2023-05-07,1416,2,8221.71,0.2,South
86855,2023-07-15,1500,3,249.41,0.2,East
86856,2023-02-24,1244,5,7257.66,0.0,East
86857,2023-06-12,1267,3,1101.42,0.05,North
86858,2023-01-23,1456,4,12602.46,0.2,South
86859,2023-09-19,1496,1,5986.56,0.1,South
86860,2023-12-22,1197,3,1792.12,0.2,South
86861,2023-08-05,1392,1,734.53,0.0,East
86862,2023-03-14,1145,1,5099.4,0.2,South
86863,2023-03-24,1321,4,8126.15,0.0,South
86864,2023-03-07,1332,2,3189.92,0.0,South
86865,2023-09-06,1243,2,7680.97,0.0,West
86866,2023-02-14,1400,1,3125.7,0.1,East
86867,2023-01-22,1099,2,798.46,0.1,South
86868,2023-01-21,1145,1,7122.95,0.1,North
86869,2023-08-25,1244,1,6771.03,0.15,South
86870,2023-03-18,1125,2,7491.54,0.05,East
86871,2023-10-03,1329,2,488.4,0.15,West
86872,2023-08-10,1456,5,11892.31,0.15,South
86873,2023-11-05,1120,5,10689.39,0.15,North
86874,2023-11-12,1480,5,7104.54,0.2,East
86875,2023-04-24,1308,1,1118.49,0.0,East
86876,2023-03-31,1062,1,11241.64,0.05,North
86877,2023-12-17,1211,1,8232.96,0.05,West
86878,2023-10-27,1428,4,2302.32,0.15,East
86879,2023-08-12,1303,3,1675.69,0.0,South
86880,2023-06-17,1447,3,4153.38,0.1,West
86881,2023-10-25,1325,2,3474.74,0.15,South
86882,2023-08-10,1433,4,3827.34,0.05,North
86883,2023-03-06,1365,5,2542.01,0.1,East
86884,2023-12-30,1025,2,4321.52,0.1,West
86885,2023-12-07,1159,3,5360.38,0.05,South
86886,2023-05-07,1204,4,3673.43,0.1,North
86887,2023-10-07,1271,1,7448.92,0.15,West
86888,2023-01-26,1332,2,2896.72,0.05,West
86889,2023-05-12,1141,4,2361.12,0.1,East
86890,2023-09-25,1125,3,7030.18,0.1,North
86891,2023-02-02,1195,2,7502.7,0.2,West
86892,2023-06-25,1087,1,2715.97,0.05,North
86893,2023-03-22,1175,5,2697.91,0.0,South
86894,2023-01-25,1289,2,5821.25,0.05,East
86895,2023-08-24,1473,2,3170.87,0.15,West
86896,2023-02-24,1191,2,1813.56,0.1,North
86897,2023-12-13,1367,2,9830.84,0.2,East
86898,2023-02-02,1130,4,7425.54,0.1,South
86899,2023-09-28,1201,4,2437.18,0.05,East
86900,2023-01-20,1271,5,5714.47,0.1,North
86901,2023-10-11,1233,2,415.77,0.15,West
86902,2023-09-10,1072,2,2802.86,0.2,West
86903,2023-09-03,1389,2,4379.62,0.1,South
86904,2023-04-28,1226,4,2404.28,0.1,East
86905,2023-05-28,1468,4,8502.92,0.0,South
86906,2023-08-04,1189,4,3034.05,0.1,South
86907,2023-01-10,1142,1,5080.61,0.05,West
86908,2023-09-17,1137,2,1486.84,0.15,West
86909,2023-03-26,1061,1,3787.53,0.05,West
86910,2023-12-24,1191,1,1292.42,0.15,North
86911,2023-12-15,1492,4,6423.9,0.15,South
86912,2023-07-08,1483,2,5397.7,0.0,East
86913,2023-03-16,1365,5,6852.19,0.1,North
86914,2023-07-23,1467,1,4350.61,0.05,East
86915,2023-10-30,1469,1,9955.48,0.0,South
86916,2023-03-06,1129,1,6512.53,0.1,East
86917,2023-10-26,1082,2,6796.96,0.2,West
86918,2023-01-23,1181,1,2398.78,0.1,South
86919,2023-06-03,1051,1,9045.01,0.0,West
86920,2023-02-27,1059,1,1042.75,0.0,East
86921,2023-06-29,1260,2,3139.24,0.2,East
86922,2023-07-30,1125,4,9567.34,0.1,North
86923,2023-12-05,1055,1,3471.0,0.0,East
86924,2023-06-16,1409,4,3961.84,0.15,East
86925,2023-12-16,1461,1,5760.26,0.15,North
86926,2023-08-03,1392,2,766.72,0.0,South
86927,2023-11-06,1176,1,5501.87,0.1,South
86928,2023-10-16,1455,4,3135.63,0.1,East
86929,2023-05-14,1417,1,3756.08,0.0,West
86930,2023-10-02,1143,1,10919.86,0.05,East
86931,2023-03-08,1480,1,4463.48,0.2,East
86932,2023-03-06,1471,1,7924.89,0.15,South
86933,2023-03-23,1340,2,8525.46,0.2,West
86934,2023-01-10,1199,3,1414.33,0.0,West
86935,2023-04-11,1251,2,2629.68,0.1,North
86936,2023-06-01,1030,2,8772.11,0.1,South
86937,2023-06-30,1398,4,9535.33,0.05,West
86938,2023-09-14,1371,1,4204.53,0.15,South
86939,2023-01-30,1287,1,3469.3,0.0,South
86940,2023-12-10,1335,2,1193.09,0.2,East
86941,2023-03-27,1002,4,214.66,0.0,East
86942,2023-11-03,1459,1,7966.62,0.1,North
86943,2023-04-06,1273,5,1154.3,0.0,East
86944,2023-02-26,1296,4,1569.33,0.0,South
86945,2023-06-13,1404,1,3722.36,0.2,West
86946,2023-04-24,1183,2,1550.49,0.1,East
86947,2023-05-08,1474,4,6758.62,0.0,South
86948,2023-07-06,1106,2,5834.1,0.15,East
86949,2023-02-11,1180,2,7942.15,0.2,West
86950,2023-10-26,1449,5,379.38,0.2,South
86951,2023-11-05,1094,4,5856.13,0.2,West
86952,2023-08-04,1009,1,5155.6,0.1,South
86953,2023-05-14,1422,1,6338.74,0.1,South
86954,2023-01-15,1217,1,10646.79,0.05,East
86955,2023-07-12,1366,1,2459.41,0.05,East
86956,2023-08-01,1321,4,8572.58,0.15,East
86957,2023-08-28,1273,3,1608.05,0.1,West
86958,2023-01-04,1150,1,1499.82,0.0,East
86959,2023-09-10,1204,4,3260.31,0.05,North
86960,2023-10-12,1280,1,3058.97,0.05,South
86961,2023-10-06,1415,2,1122.78,0.05,East
86962,2023-04-10,1314,1,1384.96,0.1,West
86963,2023-06-17,1215,3,3113.31,0.05,West
86964,2023-07-10,1188,1,3088.69,0.2,West
86965,2023-02-02,1195,4,9738.0,0.15,North
86966,2023-10-17,1036,5,2698.6,0.15,West
86967,2023-11-23,1381,1,1345.55,0.15,South
86968,2023-02-01,1148,4,1444.79,0.0,West
86969,2023-08-21,1059,4,1010.97,0.0,East
86970,2023-09-27,1455,4,3950.98,0.1,North
86971,2023-10-26,1391,5,6436.09,0.0,South
86972,2023-09-12,1085,1,2602.23,0.1,East
86973,2023-07-20,1275,1,9873.07,0.05,East
86974,2023-06-04,1160,2,7835.83,0.1,East
86975,2023-09-12,1217,4,7532.72,0.15,East
86976,2023-07-11,1463,3,7487.01,0.15,South
86977,2023-12-06,1496,5,6454.04,0.2,South
86978,2023-08-20,1407,4,1148.45,0.2,East
86979,2023-11-25,1365,5,3396.43,0.1,East
86980,2023-12-13,1384,4,9598.15,0.15,West
86981,2023-11-04,1256,1,6661.29,0.05,West
86982,2023-12-11,1483,1,6226.11,0.2,East
86983,2023-10-04,1342,4,5355.06,0.0,East
86984,2023-09-24,1418,1,824.45,0.2,North
86985,2023-03-22,1450,2,2713.34,0.05,West
86986,2023-07-03,1129,1,9144.27,0.1,South
86987,2023-06-25,1450,2,2048.81,0.05,East
86988,2023-06-17,1053,1,6588.37,0.15,West
86989,2023-08-11,1489,1,4744.51,0.2,South
86990,2023-01-01,1326,4,7400.98,0.15,West
86991,2023-05-07,1144,2,5925.12,0.0,South
86992,2023-04-30,1253,1,2531.42,0.2,North
86993,2023-07-11,1149,1,5593.65,0.05,East
86994,2023-11-14,1007,1,5357.77,0.0,West
86995,2023-12-23,1010,2,9649.35,0.05,North
86996,2023-01-30,1128,1,1833.21,0.15,South
86997,2023-09-15,1474,3,4890.92,0.1,East
86998,2023-10-28,1148,5,2844.83,0.1,South
86999,2023-02-03,1409,3,4936.59,0.2,East
87000,2023-04-27,1187,1,7112.87,0.2,East
87001,2023-04-01,1011,5,7409.5,0.0,South
87002,2023-03-19,1272,2,11761.46,0.15,West
87003,2023-12-01,1469,1,8442.76,0.0,West
87004,2023-04-01,1126,1,1951.34,0.2,West
87005,2023-03-15,1270,1,1721.83,0.1,South
87006,2023-09-27,1277,1,9408.18,0.2,South
87007,2023-12-11,1481,5,858.12,0.15,West
87008,2023-03-16,1339,3,1353.22,0.0,North
87009,2023-07-09,1170,1,597.58,0.15,South
87010,2023-04-12,1135,1,1003.8,0.15,West
87011,2023-02-21,1287,1,1680.94,0.2,East
87012,2023-03-26,1003,1,6774.84,0.0,East
87013,2023-10-28,1100,4,6030.26,0.0,East
87014,2023-08-12,1433,1,3655.46,0.2,West
87015,2023-08-17,1005,2,5983.7,0.0,West
87016,2023-10-30,1454,1,4523.79,0.15,East
87017,2023-03-13,1256,1,7264.72,0.0,East
87018,2023-01-10,1297,1,6020.03,0.15,West
87019,2023-05-15,1004,2,2012.26,0.0,West
87020,2023-03-25,1270,3,2932.15,0.05,West
87021,2023-10-23,1030,1,11674.69,0.15,West
87022,2023-09-01,1121,5,7246.13,0.0,East
87023,2023-09-11,1257,1,1840.79,0.05,East
87024,2023-08-01,1246,1,7347.81,0.05,East
87025,2023-01-01,1268,1,4357.11,0.15,West
87026,2023-03-23,1236,4,1544.78,0.15,North
87027,2023-12-30,1066,1,515.94,0.05,North
87028,2023-05-31,1022,1,6850.12,0.0,East
87029,2023-06-21,1137,3,1558.71,0.2,South
87030,2023-03-04,1150,3,1008.75,0.0,North
87031,2023-02-14,1216,4,9618.78,0.0,West
87032,2023-01-21,1370,4,4892.5,0.1,East
87033,2023-01-01,1255,5,5815.31,0.05,West
87034,2023-04-28,1030,1,9605.08,0.2,West
87035,2023-09-12,1428,2,2153.96,0.0,North
87036,2023-11-25,1496,4,10479.04,0.1,West
87037,2023-11-07,1310,2,688.59,0.05,North
87038,2023-05-03,1244,4,6779.45,0.2,North
87039,2023-06-04,1184,1,1167.25,0.2,West
87040,2023-12-20,1233,1,573.37,0.15,East
87041,2023-03-18,1237,2,2045.64,0.2,South
87042,2023-07-14,1275,5,4145.57,0.2,North
87043,2023-08-10,1001,1,5463.58,0.15,West
87044,2023-06-04,1165,1,4477.74,0.2,South
87045,2023-10-16,1181,1,3167.36,0.1,South
87046,2023-02-15,1269,1,5746.03,0.15,South
87047,2023-07-29,1155,1,2647.47,0.05,North
87048,2023-01-24,1230,1,6292.34,0.15,South
87049,2023-10-21,1217,3,7623.33,0.1,East
87050,2023-07-03,1225,4,500.11,0.2,South
87051,2023-06-30,1061,2,4347.11,0.15,East
87052,2023-06-19,1315,3,5574.23,0.05,West
87053,2023-03-22,1306,1,545.52,0.2,West
87054,2023-02-05,1280,4,3018.39,0.2,West
87055,2023-10-05,1198,2,2837.23,0.2,West
87056,2023-10-18,1489,4,6191.54,0.05,South
87057,2023-08-04,1079,2,4000.8,0.1,West
87058,2023-12-12,1121,2,6844.87,0.1,South
87059,2023-10-29,1222,3,233.67,0.05,West
87060,2023-01-17,1170,3,1014.26,0.1,East
87061,2023-08-02,1252,5,253.32,0.05,North
87062,2023-08-15,1499,2,971.94,0.1,South
87063,2023-10-11,1244,4,11169.19,0.1,North
87064,2023-04-13,1446,5,6226.74,0.15,North
87065,2023-12-06,1071,4,6159.32,0.05,North
87066,2023-01-25,1067,3,1193.29,0.05,West
87067,2023-03-11,1097,2,7766.85,0.05,East
87068,2023-11-02,1213,2,896.0,0.15,East
87069,2023-01-23,1450,1,2803.55,0.15,West
87070,2023-05-29,1324,1,1551.87,0.0,South
87071,2023-12-22,1122,4,4641.23,0.0,East
87072,2023-05-26,1462,1,7912.55,0.0,South
87073,2023-03-28,1065,1,1042.56,0.2,South
87074,2023-07-02,1021,1,9101.34,0.2,West
87075,2023-07-20,1349,4,207.03,0.2,South
87076,2023-05-01,1443,1,4534.55,0.15,West
87077,2023-09-24,1245,2,2583.04,0.05,North
87078,2023-07-13,1145,1,9579.05,0.0,South
87079,2023-10-26,1253,2,2875.26,0.05,South
87080,2023-08-03,1144,2,7976.31,0.15,South
87081,2023-07-25,1309,1,2890.91,0.05,East
87082,2023-10-05,1023,2,4281.24,0.05,West
87083,2023-12-29,1137,4,1384.88,0.1,South
87084,2023-06-12,1214,1,4672.68,0.05,West
87085,2023-09-09,1199,2,1798.0,0.1,West
87086,2023-04-03,1364,2,2710.5,0.15,East
87087,2023-03-10,1220,1,6162.75,0.2,East
87088,2023-06-08,1048,5,5064.05,0.1,South
87089,2023-09-04,1098,4,4369.05,0.05,South
87090,2023-12-19,1133,4,1415.94,0.1,North
87091,2023-06-02,1395,2,5882.35,0.0,North
87092,2023-06-11,1140,1,5873.72,0.2,South
87093,2023-10-16,1040,2,3813.4,0.1,North
87094,2023-10-01,1224,5,5967.16,0.05,West
87095,2023-03-09,1242,3,5606.24,0.0,East
87096,2023-10-19,1313,1,8646.11,0.1,North
87097,2023-02-19,1012,1,5928.93,0.15,West
87098,2023-08-10,1400,3,4311.58,0.1,West
87099,2023-10-20,1162,1,4863.47,0.05,North
87100,2023-03-18,1430,1,3206.49,0.05,West
87101,2023-09-02,1023,1,3213.6,0.0,South
87102,2023-10-09,1163,3,1408.6,0.2,North
87103,2023-04-30,1075,2,199.0,0.15,North
87104,2023-07-21,1357,4,9344.1,0.05,South
87105,2023-01-02,1339,2,1845.39,0.05,West
87106,2023-01-18,1414,2,12101.99,0.2,South
87107,2023-05-27,1276,3,7518.2,0.2,North
87108,2023-07-26,1231,3,2814.04,0.05,East
87109,2023-09-21,1438,2,5843.12,0.15,South
87110,2023-06-27,1336,5,7941.65,0.1,East
87111,2023-03-02,1294,4,2350.48,0.2,West
87112,2023-12-22,1273,2,1288.64,0.2,South
87113,2023-12-16,1337,4,3033.22,0.1,North
87114,2023-04-05,1268,2,6438.01,0.05,South
87115,2023-02-04,1371,2,6156.99,0.05,West
87116,2023-07-13,1056,1,2457.88,0.15,East
87117,2023-08-15,1029,5,7594.91,0.0,North
87118,2023-04-26,1371,2,3688.03,0.0,West
87119,2023-09-14,1247,2,3408.76,0.0,South
87120,2023-09-12,1021,1,9210.57,0.0,East
87121,2023-05-28,1347,2,5299.47,0.2,West
87122,2023-08-13,1389,2,5622.13,0.0,West
87123,2023-07-10,1337,2,4635.31,0.15,West
87124,2023-10-20,1460,2,5997.5,0.2,North
87125,2023-01-09,1241,5,1043.65,0.2,North
87126,2023-10-22,1183,5,870.11,0.05,South
87127,2023-12-04,1305,3,6915.94,0.1,North
87128,2023-12-20,1178,2,7695.33,0.05,South
87129,2023-10-04,1338,1,4182.04,0.2,East
87130,2023-07-05,1355,1,1686.09,0.0,East
87131,2023-06-11,1074,1,8839.45,0.0,East
87132,2023-10-03,1187,2,5841.99,0.15,North
87133,2023-04-06,1048,4,5824.77,0.15,North
87134,2023-08-10,1465,2,8890.22,0.1,East
87135,2023-05-02,1243,4,11558.71,0.1,North
87136,2023-08-19,1336,3,7981.82,0.1,South
87137,2023-01-04,1388,3,6041.94,0.1,East
87138,2023-08-12,1474,2,7553.98,0.15,West
87139,2023-06-30,1241,4,936.3,0.05,North
87140,2023-06-12,1179,1,4725.09,0.15,East
87141,2023-08-31,1303,1,1004.18,0.15,North
87142,2023-10-27,1473,5,4404.27,0.0,South
87143,2023-10-22,1179,3,3197.45,0.1,East
87144,2023-02-19,1340,1,4599.54,0.15,West
87145,2023-06-28,1041,5,11996.51,0.15,East
87146,2023-10-05,1256,2,6903.87,0.05,South
87147,2023-01-14,1078,4,3669.6,0.05,West
87148,2023-05-26,1299,1,4137.01,0.0,North
87149,2023-05-15,1278,4,2930.46,0.0,East
87150,2023-05-21,1073,1,7759.05,0.2,North
87151,2023-09-29,1099,1,1193.32,0.1,North
87152,2023-01-01,1500,5,473.93,0.0,East
87153,2023-01-25,1090,4,6842.07,0.0,West
87154,2023-10-01,1001,2,5047.05,0.1,West
87155,2023-02-10,1128,2,1444.64,0.05,West
87156,2023-01-22,1387,3,901.12,0.1,South
87157,2023-12-29,1036,1,3201.55,0.0,East
87158,2023-11-14,1118,4,3683.47,0.15,West
87159,2023-05-12,1318,1,6798.87,0.1,South
87160,2023-04-01,1138,1,1407.07,0.2,West
87161,2023-05-20,1037,3,3699.88,0.15,West
87162,2023-09-13,1171,1,1133.07,0.05,South
87163,2023-09-16,1167,1,2961.8,0.15,West
87164,2023-03-24,1123,4,4503.9,0.2,North
87165,2023-04-21,1413,5,1235.98,0.2,North
87166,2023-12-11,1108,3,1926.65,0.05,North
87167,2023-07-16,1247,1,3571.91,0.0,East
87168,2023-07-06,1019,1,6328.3,0.2,North
87169,2023-05-05,1320,1,6462.29,0.05,West
87170,2023-02-12,1273,1,1544.83,0.05,East
87171,2023-10-05,1100,1,5091.41,0.05,North
87172,2023-09-01,1436,4,6229.36,0.0,South
87173,2023-01-04,1029,3,7768.12,0.2,West
87174,2023-05-05,1403,1,6809.08,0.05,South
87175,2023-01-17,1347,2,4242.78,0.2,South
87176,2023-01-04,1196,2,492.89,0.05,East
87177,2023-05-23,1226,2,3063.92,0.15,East
87178,2023-03-29,1248,5,5421.72,0.15,South
87179,2023-03-05,1031,4,7954.99,0.15,South
87180,2023-06-29,1162,5,8977.92,0.2,East
87181,2023-08-20,1075,1,152.01,0.2,West
87182,2023-06-19,1343,4,188.27,0.0,West
87183,2023-04-23,1207,3,1964.72,0.2,West
87184,2023-06-24,1091,2,214.28,0.15,West
87185,2023-10-26,1071,3,4355.71,0.05,North
87186,2023-07-31,1457,4,7589.71,0.0,East
87187,2023-02-14,1012,2,3998.97,0.0,East
87188,2023-10-13,1027,3,904.62,0.05,South
87189,2023-02-24,1031,1,5649.29,0.05,South
87190,2023-07-06,1338,1,2674.74,0.0,North
87191,2023-05-11,1492,1,2398.54,0.05,West
87192,2023-01-09,1013,2,2307.72,0.0,North
87193,2023-02-11,1264,2,3891.04,0.05,North
87194,2023-10-10,1098,3,5898.11,0.1,West
87195,2023-02-05,1474,1,4599.15,0.0,West
87196,2023-10-04,1205,1,11747.93,0.2,North
87197,2023-03-05,1352,3,7339.14,0.2,West
87198,2023-02-12,1479,1,3588.25,0.0,East
87199,2023-07-06,1403,2,5749.9,0.2,East
87200,2023-06-04,1310,5,544.81,0.1,North
87201,2023-03-24,1298,5,1533.59,0.1,East
87202,2023-12-10,1150,3,1066.26,0.0,South
87203,2023-10-15,1022,1,5054.67,0.05,North
87204,2023-06-13,1098,1,3352.14,0.0,North
87205,2023-11-20,1084,5,942.97,0.1,East
87206,2023-10-07,1459,4,5580.18,0.05,East
87207,2023-11-12,1170,2,942.74,0.1,West
87208,2023-09-21,1409,1,3867.53,0.15,East
87209,2023-07-31,1094,1,4953.08,0.1,West
87210,2023-03-23,1309,3,1453.45,0.1,East
87211,2023-06-09,1496,1,9148.37,0.0,North
87212,2023-04-18,1344,2,2260.07,0.2,South
87213,2023-11-07,1070,5,1883.19,0.0,South
87214,2023-05-23,1047,2,1250.04,0.0,East
87215,2023-01-17,1281,5,380.74,0.1,West
87216,2023-10-28,1416,1,6656.07,0.15,North
87217,2023-07-22,1342,4,4521.22,0.0,South
87218,2023-05-05,1150,1,700.64,0.05,South
87219,2023-04-04,1185,3,1915.86,0.2,East
87220,2023-06-16,1304,5,492.05,0.1,East
87221,2023-03-17,1341,2,5769.93,0.15,West
87222,2023-10-06,1083,3,1435.74,0.2,North
87223,2023-03-24,1249,2,2598.56,0.1,East
87224,2023-06-29,1322,2,4720.35,0.0,East
87225,2023-09-10,1441,1,7314.9,0.0,South
87226,2023-04-04,1053,3,5228.01,0.1,East
87227,2023-05-17,1358,3,7780.79,0.05,South
87228,2023-02-24,1450,3,1868.83,0.2,North
87229,2023-08-05,1144,5,8658.98,0.2,East
87230,2023-12-18,1103,1,427.83,0.1,South
87231,2023-09-02,1441,3,6309.5,0.1,South
87232,2023-12-24,1329,2,581.18,0.0,West
87233,2023-05-07,1313,4,8102.12,0.1,West
87234,2023-02-24,1126,5,1975.45,0.2,East
87235,2023-03-02,1222,5,137.46,0.15,West
87236,2023-11-05,1052,2,4456.12,0.0,West
87237,2023-04-11,1012,2,3056.12,0.05,North
87238,2023-08-10,1364,4,2709.74,0.2,West
87239,2023-12-24,1496,5,7593.34,0.05,East
87240,2023-01-22,1359,1,5559.44,0.1,East
87241,2023-07-08,1423,5,4296.26,0.0,South
87242,2023-12-09,1418,4,1108.33,0.15,South
87243,2023-08-30,1392,5,518.73,0.15,East
87244,2023-04-05,1285,4,12121.3,0.2,West
87245,2023-02-07,1068,2,6314.19,0.15,North
87246,2023-02-14,1203,4,4604.68,0.05,West
87247,2023-05-11,1376,1,4082.77,0.15,West
87248,2023-06-13,1392,1,422.25,0.15,North
87249,2023-12-20,1235,1,8648.03,0.0,West
87250,2023-03-02,1049,1,10381.16,0.15,South
87251,2023-06-04,1151,5,1386.47,0.2,West
87252,2023-10-19,1127,5,6093.38,0.1,North
87253,2023-04-20,1049,2,9197.32,0.0,East
87254,2023-05-28,1303,2,1667.87,0.15,North
87255,2023-12-12,1259,5,2844.35,0.1,South
87256,2023-12-24,1420,1,2731.28,0.1,North
87257,2023-05-10,1233,1,602.05,0.05,East
87258,2023-10-30,1096,1,2366.37,0.1,North
87259,2023-10-29,1254,2,267.03,0.0,East
87260,2023-08-26,1458,1,2649.16,0.0,East
87261,2023-07-09,1223,1,1737.85,0.1,West
87262,2023-10-15,1171,1,873.06,0.05,North
87263,2023-11-16,1157,4,8061.39,0.1,East
87264,2023-01-23,1389,5,5253.28,0.2,East
87265,2023-02-25,1027,3,794.17,0.1,South
87266,2023-05-09,1379,2,1651.52,0.0,East
87267,2023-05-10,1089,1,3215.96,0.2,West
87268,2023-02-27,1346,2,5133.78,0.1,South
87269,2023-11-27,1316,1,1299.02,0.1,North
87270,2023-10-27,1352,5,9117.78,0.05,East
87271,2023-02-25,1469,2,8181.31,0.15,North
87272,2023-03-16,1307,5,5435.26,0.2,South
87273,2023-05-19,1395,3,6221.55,0.1,East
87274,2023-12-05,1193,4,203.17,0.1,West
87275,2023-03-31,1249,2,1603.29,0.2,East
87276,2023-05-21,1041,3,12154.39,0.0,South
87277,2023-02-22,1308,1,1976.44,0.0,South
87278,2023-02-06,1399,5,5384.74,0.1,South
87279,2023-07-24,1252,2,158.78,0.2,North
87280,2023-07-31,1346,5,8315.67,0.0,South
87281,2023-09-09,1385,2,747.95,0.05,North
87282,2023-11-27,1343,3,121.32,0.0,West
87283,2023-07-06,1126,1,2311.32,0.2,North
87284,2023-08-30,1063,1,5978.9,0.2,North
87285,2023-01-09,1128,3,2203.45,0.05,South
87286,2023-08-06,1142,1,5574.1,0.2,North
87287,2023-12-01,1039,2,2878.31,0.2,South
87288,2023-11-24,1389,1,6250.84,0.15,West
87289,2023-10-21,1010,5,6990.49,0.05,West
87290,2023-02-03,1422,1,7517.58,0.2,North
87291,2023-09-26,1164,2,2909.72,0.15,East
87292,2023-06-20,1180,1,10830.46,0.2,West
87293,2023-06-16,1425,3,2251.35,0.2,East
87294,2023-01-13,1301,1,1153.05,0.15,West
87295,2023-08-17,1457,2,4983.55,0.1,East
87296,2023-07-06,1033,4,7255.88,0.05,South
87297,2023-01-29,1103,4,435.28,0.2,East
87298,2023-04-11,1080,3,8071.87,0.15,North
87299,2023-02-03,1429,1,5261.13,0.0,East
87300,2023-10-05,1123,3,4142.96,0.05,North
87301,2023-08-15,1423,1,9735.81,0.1,West
87302,2023-07-09,1210,2,4610.62,0.2,South
87303,2023-04-24,1243,2,8043.31,0.1,East
87304,2023-04-17,1355,3,3670.66,0.05,East
87305,2023-05-06,1019,1,3082.46,0.15,North
87306,2023-05-18,1443,2,5761.13,0.05,West
87307,2023-10-21,1129,3,8000.35,0.2,West
87308,2023-10-22,1459,1,6696.26,0.15,South
87309,2023-11-06,1348,4,5072.72,0.1,North
87310,2023-11-28,1359,5,4786.19,0.2,North
87311,2023-03-30,1448,2,5491.36,0.1,North
87312,2023-08-06,1355,1,2916.42,0.05,South
87313,2023-06-05,1258,1,338.39,0.1,South
87314,2023-10-12,1396,1,562.3,0.1,South
87315,2023-08-29,1298,2,3338.4,0.15,South
87316,2023-10-24,1300,2,6198.57,0.2,West
87317,2023-11-28,1351,2,6342.41,0.2,South
87318,2023-02-07,1380,4,3215.49,0.0,East
87319,2023-01-03,1412,3,834.01,0.1,North
87320,2023-01-16,1329,5,475.65,0.2,South
87321,2023-11-15,1100,2,4284.28,0.2,North
87322,2023-02-01,1179,4,4644.53,0.1,North
87323,2023-02-23,1052,1,6064.48,0.1,South
87324,2023-05-01,1259,1,3705.42,0.05,East
87325,2023-08-13,1101,1,3679.43,0.05,East
87326,2023-09-03,1297,2,5273.68,0.15,East
87327,2023-11-06,1051,4,9887.88,0.0,West
87328,2023-06-17,1374,1,3870.18,0.0,North
87329,2023-03-05,1180,4,11638.37,0.05,North
87330,2023-09-07,1460,3,4207.81,0.1,West
87331,2023-07-25,1455,4,5254.09,0.1,West
87332,2023-03-05,1202,3,1712.6,0.05,North
87333,2023-06-07,1252,2,293.93,0.0,North
87334,2023-12-19,1397,5,744.05,0.1,South
87335,2023-07-25,1269,1,7041.34,0.0,West
87336,2023-07-04,1214,3,3064.83,0.05,West
87337,2023-02-09,1076,3,6745.23,0.2,East
87338,2023-04-07,1392,1,654.47,0.15,East
87339,2023-03-25,1043,1,3410.35,0.15,West
87340,2023-04-04,1151,1,847.38,0.1,South
87341,2023-12-15,1043,3,3709.59,0.0,North
87342,2023-01-20,1157,1,8490.41,0.15,North
87343,2023-06-30,1343,1,96.67,0.1,West
87344,2023-01-12,1418,4,696.64,0.05,North
87345,2023-10-16,1487,2,1208.94,0.05,East
87346,2023-02-06,1246,1,3569.73,0.1,North
87347,2023-08-20,1249,1,1718.81,0.1,North
87348,2023-01-29,1370,5,2522.2,0.2,North
87349,2023-08-21,1191,1,1322.77,0.05,North
87350,2023-09-02,1174,1,203.91,0.05,West
87351,2023-05-02,1063,4,9487.75,0.0,West
87352,2023-04-05,1020,2,8781.66,0.2,North
87353,2023-11-22,1342,2,3321.77,0.15,East
87354,2023-07-12,1220,5,2954.5,0.0,East
87355,2023-03-15,1100,1,3933.38,0.2,South
87356,2023-07-09,1258,4,169.91,0.05,South
87357,2023-10-07,1290,2,5121.36,0.15,North
87358,2023-02-06,1385,2,981.2,0.1,East
87359,2023-10-29,1462,3,7352.14,0.1,South
87360,2023-07-24,1008,5,4492.1,0.1,East
87361,2023-12-29,1255,1,5435.8,0.1,South
87362,2023-05-03,1130,5,2979.56,0.0,East
87363,2023-06-11,1043,1,2965.1,0.1,North
87364,2023-10-03,1441,1,7552.43,0.0,North
87365,2023-08-12,1228,2,4567.73,0.05,East
87366,2023-09-26,1016,2,950.47,0.1,South
87367,2023-07-14,1484,2,6880.22,0.1,North
87368,2023-11-04,1015,2,7645.38,0.1,East
87369,2023-11-15,1273,3,1375.44,0.2,North
87370,2023-02-07,1082,2,5892.12,0.2,South
87371,2023-11-16,1328,1,1481.01,0.0,South
87372,2023-12-17,1144,1,9993.81,0.1,North
87373,2023-10-05,1142,5,3921.46,0.1,North
87374,2023-09-18,1381,2,1637.75,0.1,North
87375,2023-06-30,1063,2,11641.68,0.0,South
87376,2023-07-13,1273,2,1038.09,0.15,South
87377,2023-08-07,1042,2,128.75,0.2,West
87378,2023-02-28,1405,1,6445.66,0.05,East
87379,2023-08-31,1085,4,2724.83,0.15,East
87380,2023-11-10,1482,4,3411.58,0.05,North
87381,2023-02-03,1072,3,3455.21,0.0,East
87382,2023-11-08,1499,3,737.64,0.2,West
87383,2023-06-11,1449,5,451.79,0.2,North
87384,2023-10-19,1356,4,4397.38,0.1,South
87385,2023-01-27,1314,2,1446.14,0.15,South
87386,2023-08-15,1238,1,4683.1,0.2,South
87387,2023-09-19,1061,3,5691.23,0.2,North
87388,2023-07-24,1006,4,911.08,0.05,North
87389,2023-07-15,1005,2,4083.31,0.05,South
87390,2023-06-10,1020,1,5107.01,0.0,South
87391,2023-05-06,1104,4,2743.87,0.15,East
87392,2023-07-07,1310,2,637.74,0.15,East
87393,2023-11-10,1111,5,3141.55,0.05,North
87394,2023-12-04,1457,1,8501.79,0.2,East
87395,2023-09-12,1225,2,775.71,0.15,East
87396,2023-08-23,1279,1,5684.39,0.1,East
87397,2023-07-12,1289,1,6408.97,0.15,West
87398,2023-02-05,1279,4,5502.13,0.2,North
87399,2023-06-11,1144,5,8427.01,0.15,South
87400,2023-02-12,1270,1,1450.18,0.05,East
87401,2023-12-06,1063,5,9022.28,0.05,North
87402,2023-09-02,1471,1,10798.8,0.0,North
87403,2023-12-04,1287,2,1411.0,0.15,North
87404,2023-09-25,1396,2,492.72,0.05,West
87405,2023-02-05,1101,1,4413.94,0.15,North
87406,2023-01-28,1076,2,7797.15,0.15,East
87407,2023-11-24,1488,1,5149.78,0.0,North
87408,2023-10-08,1073,2,10632.62,0.15,North
87409,2023-06-19,1308,5,1130.14,0.1,East
87410,2023-08-17,1417,3,6824.34,0.15,South
87411,2023-01-17,1388,1,5004.91,0.1,South
87412,2023-06-12,1308,2,2600.25,0.0,East
87413,2023-09-12,1265,4,2023.06,0.1,East
87414,2023-11-09,1098,1,4309.88,0.05,West
87415,2023-01-31,1012,1,6002.29,0.1,West
87416,2023-06-18,1093,1,389.21,0.05,South
87417,2023-12-06,1227,2,961.56,0.05,West
87418,2023-11-27,1498,2,3541.73,0.1,East
87419,2023-11-03,1241,1,909.21,0.1,West
87420,2023-08-02,1015,1,7433.4,0.15,West
87421,2023-10-19,1296,5,1564.4,0.0,South
87422,2023-02-25,1241,2,1025.4,0.1,West
87423,2023-09-01,1185,3,2314.99,0.2,North
87424,2023-02-12,1110,1,5508.04,0.0,North
87425,2023-12-08,1294,3,2334.32,0.15,East
87426,2023-06-08,1150,3,695.6,0.2,West
87427,2023-06-16,1019,2,3482.1,0.05,North
87428,2023-01-08,1122,1,4361.76,0.05,North
87429,2023-12-28,1280,1,7307.93,0.15,West
87430,2023-05-29,1179,2,6910.38,0.15,West
87431,2023-10-10,1206,2,1877.45,0.2,East
87432,2023-01-04,1480,3,4803.62,0.05,North
87433,2023-10-03,1075,2,88.38,0.05,South
87434,2023-07-17,1309,2,2062.46,0.1,North
87435,2023-07-17,1184,5,1053.61,0.2,North
87436,2023-11-02,1206,3,2104.17,0.1,West
87437,2023-03-20,1348,5,5070.45,0.15,North
87438,2023-01-13,1246,1,4914.61,0.05,East
87439,2023-04-28,1201,1,3532.89,0.1,North
87440,2023-06-02,1220,1,5927.33,0.05,South
87441,2023-03-27,1125,4,10470.01,0.15,West
87442,2023-08-10,1011,1,5469.53,0.15,South
87443,2023-01-24,1235,3,5785.91,0.0,North
87444,2023-03-21,1397,1,544.42,0.1,West
87445,2023-01-24,1262,5,785.51,0.2,North
87446,2023-01-02,1329,2,701.55,0.05,East
87447,2023-12-24,1021,1,10276.64,0.2,North
87448,2023-06-03,1367,1,5299.48,0.05,East
87449,2023-03-25,1143,2,11130.24,0.0,West
87450,2023-01-09,1317,1,4967.14,0.15,West
87451,2023-06-02,1093,1,428.91,0.05,West
87452,2023-01-17,1228,1,5816.8,0.1,South
87453,2023-04-30,1095,1,6813.37,0.1,West
87454,2023-02-01,1172,2,1291.02,0.15,East
87455,2023-12-21,1349,3,261.54,0.2,East
87456,2023-12-10,1077,1,7976.57,0.1,West
87457,2023-04-19,1152,4,4639.98,0.0,West
87458,2023-11-23,1439,3,10707.55,0.2,West
87459,2023-08-10,1468,1,6202.0,0.15,North
87460,2023-03-27,1376,1,9087.22,0.2,East
87461,2023-11-29,1065,1,916.07,0.0,West
87462,2023-09-08,1183,1,1230.65,0.1,North
87463,2023-05-03,1474,2,8483.66,0.0,West
87464,2023-05-25,1383,2,7858.22,0.1,North
87465,2023-09-26,1348,1,5792.4,0.0,East
87466,2023-09-23,1469,5,9566.6,0.2,West
87467,2023-10-22,1150,1,769.16,0.0,West
87468,2023-06-14,1112,1,2462.44,0.0,South
87469,2023-02-17,1412,5,819.38,0.05,North
87470,2023-01-23,1090,4,9578.01,0.2,West
87471,2023-06-04,1465,2,9857.31,0.0,West
87472,2023-11-23,1371,3,8648.05,0.0,West
87473,2023-06-29,1314,1,1433.96,0.2,South
87474,2023-01-25,1210,1,12488.06,0.05,East
87475,2023-10-29,1279,2,9733.81,0.0,North
87476,2023-09-15,1297,3,4735.03,0.05,West
87477,2023-03-26,1355,5,1860.11,0.0,North
87478,2023-02-23,1419,5,5725.87,0.2,South
87479,2023-07-08,1198,4,2160.24,0.1,South
87480,2023-06-06,1038,1,9665.46,0.1,North
87481,2023-01-21,1329,4,565.18,0.2,South
87482,2023-05-24,1221,2,4741.91,0.05,North
87483,2023-09-03,1361,1,4470.58,0.2,West
87484,2023-05-21,1327,1,3804.58,0.2,South
87485,2023-01-09,1490,5,4459.02,0.05,East
87486,2023-10-20,1090,3,5514.0,0.1,East
87487,2023-10-11,1206,1,1304.88,0.05,East
87488,2023-03-18,1076,2,8139.13,0.15,North
87489,2023-08-19,1122,2,5955.28,0.1,North
87490,2023-02-23,1414,2,5486.89,0.2,South
87491,2023-11-30,1462,1,4615.12,0.0,North
87492,2023-03-29,1238,3,3221.49,0.0,South
87493,2023-07-27,1366,3,4200.32,0.05,South
87494,2023-02-12,1203,5,4711.7,0.0,North
87495,2023-11-04,1110,2,4016.46,0.0,North
87496,2023-07-10,1167,3,2890.43,0.1,South
87497,2023-10-02,1401,2,6384.6,0.1,East
87498,2023-08-05,1297,5,4904.26,0.15,South
87499,2023-08-31,1490,5,8248.16,0.05,South
87500,2023-07-14,1465,3,4507.24,0.0,South
87501,2023-02-26,1281,2,352.54,0.15,East
87502,2023-12-07,1427,2,5435.65,0.1,East
87503,2023-10-21,1449,1,1055.24,0.2,West
87504,2023-11-20,1103,2,522.62,0.15,West
87505,2023-03-10,1366,4,3011.25,0.1,North
87506,2023-01-04,1280,1,3503.45,0.0,North
87507,2023-11-13,1414,2,10290.96,0.05,East
87508,2023-10-17,1452,1,2671.6,0.1,East
87509,2023-06-01,1423,3,9633.94,0.2,East
87510,2023-02-07,1249,2,1790.57,0.2,South
87511,2023-06-12,1071,3,6305.06,0.05,South
87512,2023-09-21,1418,2,788.7,0.2,South
87513,2023-12-15,1471,1,9729.43,0.2,North
87514,2023-04-14,1108,2,2416.61,0.1,West
87515,2023-03-21,1338,5,3742.42,0.15,South
87516,2023-06-27,1265,1,1215.76,0.1,East
87517,2023-03-12,1227,2,1261.47,0.15,West
87518,2023-11-30,1049,1,10516.37,0.05,West
87519,2023-10-30,1289,1,9117.26,0.05,North
87520,2023-01-16,1031,2,6591.25,0.1,North
87521,2023-03-10,1185,1,2598.52,0.2,South
87522,2023-11-13,1337,1,3316.34,0.1,South
87523,2023-01-16,1462,2,8236.3,0.15,East
87524,2023-07-16,1465,3,9916.16,0.2,South
87525,2023-08-23,1362,4,4416.74,0.05,North
87526,2023-06-01,1326,3,6074.48,0.1,North
87527,2023-11-15,1190,4,3115.64,0.1,East
87528,2023-12-31,1079,1,2928.23,0.1,West
87529,2023-08-21,1384,2,4760.84,0.1,East
87530,2023-02-10,1445,5,8105.18,0.0,West
87531,2023-01-30,1168,3,1603.85,0.0,East
87532,2023-12-27,1139,1,6983.6,0.15,South
87533,2023-11-12,1028,1,6751.86,0.1,North
87534,2023-08-29,1286,5,9854.84,0.15,South
87535,2023-01-20,1090,1,4010.03,0.0,West
87536,2023-10-05,1398,5,5037.8,0.0,East
87537,2023-12-11,1477,1,3034.25,0.1,West
87538,2023-02-02,1197,2,3496.62,0.05,West
87539,2023-01-28,1365,1,3193.59,0.05,North
87540,2023-01-29,1407,5,1727.74,0.05,South
87541,2023-01-06,1028,2,5430.95,0.0,East
87542,2023-12-19,1416,3,4642.46,0.15,South
87543,2023-08-12,1033,3,8349.66,0.05,South
87544,2023-02-17,1423,2,5779.78,0.1,East
87545,2023-11-19,1243,5,9007.31,0.2,South
87546,2023-02-07,1397,1,509.75,0.05,West
87547,2023-05-26,1392,2,645.5,0.15,West
87548,2023-05-24,1481,1,610.68,0.0,West
87549,2023-03-27,1328,4,1471.47,0.05,South
87550,2023-12-15,1019,1,5887.43,0.2,West
87551,2023-06-23,1026,3,1105.83,0.0,West
87552,2023-03-17,1388,2,6501.79,0.05,East
87553,2023-09-17,1014,3,2170.87,0.05,East
87554,2023-12-08,1364,5,2525.11,0.15,East
87555,2023-06-22,1204,3,5235.16,0.15,North
87556,2023-07-15,1022,2,7867.26,0.1,West
87557,2023-01-30,1220,4,3789.24,0.2,West
87558,2023-06-26,1033,1,7429.08,0.1,North
87559,2023-11-01,1380,4,4661.55,0.1,West
87560,2023-12-17,1233,2,522.08,0.1,East
87561,2023-02-01,1119,2,2398.85,0.0,South
87562,2023-08-07,1351,2,5362.93,0.0,West
87563,2023-01-16,1011,2,7142.41,0.15,South
87564,2023-09-17,1182,1,2624.34,0.2,East
87565,2023-09-06,1243,1,6940.1,0.0,West
87566,2023-10-11,1322,3,3013.43,0.2,South
87567,2023-02-15,1092,2,7271.23,0.1,East
87568,2023-03-08,1131,1,7314.39,0.0,North
87569,2023-10-22,1179,1,6708.09,0.1,West
87570,2023-03-14,1306,2,924.65,0.2,East
87571,2023-04-04,1421,3,5343.37,0.2,North
87572,2023-04-04,1098,3,5193.32,0.05,West
87573,2023-11-20,1118,1,2337.08,0.15,South
87574,2023-07-03,1111,5,1946.18,0.2,South
87575,2023-11-07,1465,2,5097.71,0.15,East
87576,2023-09-24,1147,2,7128.64,0.1,North
87577,2023-03-12,1373,3,8499.35,0.1,West
87578,2023-09-05,1235,5,5905.7,0.2,East
87579,2023-10-14,1263,5,1309.91,0.05,South
87580,2023-04-15,1083,3,1242.78,0.2,West
87581,2023-06-28,1419,4,5370.93,0.0,East
87582,2023-09-20,1225,1,678.91,0.2,North
87583,2023-08-19,1479,2,7449.62,0.05,East
87584,2023-12-11,1045,1,6608.31,0.1,East
87585,2023-05-12,1352,1,10929.8,0.05,East
87586,2023-07-11,1493,1,8486.43,0.05,West
87587,2023-12-22,1183,1,1015.93,0.2,North
87588,2023-02-08,1068,1,6430.86,0.0,North
87589,2023-05-10,1074,1,7545.58,0.2,West
87590,2023-05-29,1274,2,172.53,0.05,West
87591,2023-05-16,1197,2,1993.21,0.15,North
87592,2023-11-22,1140,4,9013.72,0.2,North
87593,2023-09-11,1127,1,7541.05,0.15,North
87594,2023-08-21,1322,1,5124.97,0.15,West
87595,2023-02-26,1213,1,1669.85,0.2,East
87596,2023-02-19,1437,1,4215.55,0.0,North
87597,2023-05-31,1323,2,1335.12,0.2,West
87598,2023-09-25,1317,1,4545.6,0.2,East
87599,2023-09-19,1290,4,6425.6,0.1,East
87600,2023-05-15,1427,2,6810.15,0.15,North
87601,2023-04-30,1388,1,7044.02,0.1,West
87602,2023-09-21,1175,5,2698.74,0.15,East
87603,2023-09-07,1030,2,7687.44,0.2,North
87604,2023-01-05,1222,2,298.43,0.1,North
87605,2023-07-09,1221,1,6417.84,0.1,North
87606,2023-06-02,1238,3,3397.31,0.05,South
87607,2023-09-03,1085,1,2336.93,0.2,North
87608,2023-12-01,1328,4,1543.73,0.05,East
87609,2023-06-05,1287,3,1488.11,0.0,North
87610,2023-11-22,1152,2,5384.93,0.2,East
87611,2023-01-29,1390,4,6099.57,0.1,South
87612,2023-01-04,1051,4,7782.37,0.1,North
87613,2023-12-13,1332,5,4288.63,0.0,East
87614,2023-07-17,1209,4,7188.78,0.15,North
87615,2023-07-30,1462,5,10614.98,0.1,East
87616,2023-01-26,1112,4,2929.7,0.15,West
87617,2023-05-15,1218,4,5712.75,0.1,North
87618,2023-01-21,1266,1,12422.76,0.15,East
87619,2023-05-19,1074,5,5622.31,0.15,North
87620,2023-05-15,1145,2,4632.59,0.05,North
87621,2023-03-16,1204,4,3822.21,0.1,West
87622,2023-02-01,1068,4,4464.04,0.15,West
87623,2023-06-30,1327,2,4978.85,0.05,South
87624,2023-10-26,1445,4,7679.2,0.05,South
87625,2023-11-30,1444,4,4785.17,0.0,North
87626,2023-03-12,1398,5,6915.11,0.0,North
87627,2023-04-27,1144,4,4667.97,0.0,West
87628,2023-03-30,1225,4,653.11,0.2,East
87629,2023-09-24,1451,4,3710.23,0.1,North
87630,2023-02-11,1241,1,569.64,0.0,West
87631,2023-04-13,1129,4,5206.93,0.05,West
87632,2023-11-25,1347,4,4376.05,0.15,North
87633,2023-03-17,1007,1,3967.32,0.1,West
87634,2023-02-05,1011,3,8280.0,0.1,North
87635,2023-06-12,1238,1,3603.43,0.1,South
87636,2023-06-20,1483,1,5243.66,0.05,East
87637,2023-07-27,1041,4,8687.34,0.0,West
87638,2023-12-06,1144,3,9756.69,0.2,South
87639,2023-06-15,1427,1,6579.37,0.0,West
87640,2023-08-31,1225,1,1104.37,0.2,East
87641,2023-05-11,1480,2,5245.19,0.05,South
87642,2023-11-28,1075,1,102.19,0.15,West
87643,2023-03-15,1352,1,5314.35,0.1,North
87644,2023-04-07,1085,1,1692.35,0.0,North
87645,2023-02-27,1326,1,7431.33,0.05,North
87646,2023-10-18,1227,1,666.75,0.15,South
87647,2023-03-04,1192,1,6388.14,0.15,East
87648,2023-11-20,1493,3,7637.23,0.2,North
87649,2023-10-13,1003,1,9701.3,0.2,West
87650,2023-10-11,1486,4,4993.67,0.2,West
87651,2023-01-07,1348,1,5287.75,0.15,West
87652,2023-05-19,1234,1,8128.6,0.2,West
87653,2023-05-06,1282,3,820.16,0.1,East
87654,2023-06-19,1060,1,10422.02,0.0,North
87655,2023-08-07,1469,1,10277.45,0.2,North
87656,2023-04-16,1285,4,6907.34,0.05,West
87657,2023-05-25,1263,1,1579.84,0.0,West
87658,2023-01-30,1156,3,352.61,0.0,East
87659,2023-06-16,1367,2,10013.48,0.2,South
87660,2023-04-19,1419,1,6233.93,0.0,North
87661,2023-07-07,1218,1,5750.96,0.1,East
87662,2023-06-10,1091,1,353.25,0.0,East
87663,2023-12-28,1206,1,1249.71,0.1,North
87664,2023-04-10,1032,3,6143.76,0.1,North
87665,2023-01-21,1407,1,1178.79,0.05,West
87666,2023-12-26,1248,3,7024.72,0.0,North
87667,2023-02-02,1280,3,3966.14,0.1,West
87668,2023-10-12,1019,1,2937.11,0.15,North
87669,2023-08-15,1212,5,3545.79,0.0,South
87670,2023-04-05,1406,1,1401.48,0.0,East
87671,2023-06-18,1031,2,6521.67,0.1,West
87672,2023-02-19,1480,1,7620.63,0.05,East
87673,2023-05-04,1388,1,6855.07,0.0,East
87674,2023-06-15,1208,1,7012.7,0.0,West
87675,2023-11-02,1472,5,207.9,0.15,South
87676,2023-01-13,1213,4,2280.88,0.15,East
87677,2023-02-22,1330,1,6013.93,0.15,South
87678,2023-06-11,1137,2,1368.03,0.15,East
87679,2023-03-30,1488,1,3935.79,0.05,West
87680,2023-12-14,1392,1,735.21,0.2,South
87681,2023-04-05,1452,2,3168.94,0.0,North
87682,2023-05-02,1143,4,8049.34,0.05,South
87683,2023-05-16,1023,1,4692.7,0.05,South
87684,2023-03-19,1227,3,1424.77,0.15,South
87685,2023-07-10,1068,4,6466.93,0.0,East
87686,2023-06-24,1094,1,4756.72,0.2,West
87687,2023-12-12,1065,2,813.33,0.05,South
87688,2023-12-26,1325,1,6923.83,0.1,North
87689,2023-08-23,1207,4,2115.56,0.2,South
87690,2023-02-26,1033,3,6681.33,0.1,North
87691,2023-10-19,1027,1,835.67,0.2,South
87692,2023-05-14,1242,5,5937.66,0.1,North
87693,2023-02-22,1338,3,6708.91,0.05,East
87694,2023-05-29,1317,1,5391.59,0.05,North
87695,2023-01-10,1129,1,4660.43,0.0,South
87696,2023-12-31,1075,1,105.39,0.05,West
87697,2023-03-24,1314,3,1299.18,0.15,South
87698,2023-11-17,1398,1,9910.99,0.1,East
87699,2023-11-03,1498,5,4141.11,0.1,North
87700,2023-07-15,1003,1,6141.79,0.2,South
87701,2023-04-29,1213,1,1405.78,0.2,East
87702,2023-09-06,1385,3,1214.9,0.1,South
87703,2023-03-26,1357,5,10895.68,0.1,North
87704,2023-10-09,1011,3,8433.03,0.0,East
87705,2023-09-10,1080,3,9776.15,0.05,South
87706,2023-12-02,1234,2,8457.45,0.15,North
87707,2023-09-06,1417,3,4215.71,0.1,North
87708,2023-10-21,1149,3,6967.74,0.1,East
87709,2023-11-11,1456,2,7949.57,0.15,West
87710,2023-12-25,1166,1,5496.2,0.0,South
87711,2023-11-15,1140,5,6452.17,0.2,South
87712,2023-08-16,1190,2,1992.26,0.1,South
87713,2023-03-14,1101,2,5069.39,0.1,West
87714,2023-11-07,1396,5,581.95,0.1,South
87715,2023-09-25,1244,2,5547.1,0.05,East
87716,2023-12-10,1454,2,3552.13,0.1,West
87717,2023-07-06,1327,3,5272.48,0.0,North
87718,2023-10-03,1425,5,2168.24,0.0,East
87719,2023-10-15,1311,1,4938.79,0.15,North
87720,2023-09-13,1015,3,9494.63,0.15,East
87721,2023-06-05,1377,3,8163.52,0.0,North
87722,2023-09-30,1195,4,8636.04,0.0,West
87723,2023-05-15,1375,2,7216.31,0.15,West
87724,2023-05-03,1002,3,125.49,0.0,West
87725,2023-08-29,1466,1,1895.36,0.15,South
87726,2023-03-05,1279,1,5075.15,0.2,North
87727,2023-09-04,1409,1,7061.18,0.05,North
87728,2023-03-13,1279,5,9020.22,0.0,West
87729,2023-07-09,1235,1,8905.2,0.05,South
87730,2023-06-01,1111,1,2622.58,0.2,South
87731,2023-10-17,1210,5,9972.76,0.0,South
87732,2023-04-17,1006,2,1494.44,0.0,West
87733,2023-06-08,1276,4,4913.69,0.0,South
87734,2023-07-24,1164,1,2912.32,0.2,North
87735,2023-04-04,1361,3,3995.91,0.15,South
87736,2023-09-18,1182,4,2540.15,0.1,West
87737,2023-03-02,1017,5,3260.63,0.0,North
87738,2023-09-22,1075,2,116.41,0.1,South
87739,2023-01-28,1284,4,8684.66,0.2,South
87740,2023-12-25,1041,4,6208.81,0.0,North
87741,2023-08-09,1022,1,6538.71,0.15,North
87742,2023-10-28,1281,3,492.14,0.2,North
87743,2023-07-17,1217,1,8554.35,0.1,East
87744,2023-04-06,1235,4,6156.28,0.05,West
87745,2023-08-17,1463,1,7762.52,0.05,East
87746,2023-07-30,1164,5,1489.83,0.05,West
87747,2023-02-10,1107,4,7112.15,0.0,East
87748,2023-09-20,1339,2,1563.17,0.1,South
87749,2023-04-07,1121,1,6785.21,0.0,East
87750,2023-03-03,1460,1,7292.09,0.0,North
87751,2023-08-06,1241,5,1016.18,0.2,East
87752,2023-10-29,1137,2,954.21,0.0,West
87753,2023-12-18,1167,1,2503.6,0.05,North
87754,2023-08-11,1212,4,8795.73,0.1,East
87755,2023-05-07,1078,1,5479.76,0.15,East
87756,2023-06-01,1380,5,3075.39,0.2,South
87757,2023-11-09,1191,3,1153.4,0.15,West
87758,2023-11-13,1102,2,8567.54,0.2,North
87759,2023-06-19,1366,2,4404.58,0.05,West
87760,2023-11-22,1474,1,8359.08,0.0,North
87761,2023-09-03,1312,1,9014.01,0.15,North
87762,2023-12-22,1370,4,4146.77,0.2,West
87763,2023-01-30,1229,2,695.04,0.15,North
87764,2023-12-16,1490,1,4828.16,0.1,South
87765,2023-01-24,1029,4,4784.93,0.05,West
87766,2023-08-27,1060,5,9809.18,0.05,East
87767,2023-09-07,1263,2,1572.23,0.1,East
87768,2023-07-06,1335,1,979.02,0.15,North
87769,2023-09-22,1251,1,1758.35,0.05,North
87770,2023-11-17,1022,2,5697.18,0.05,East
87771,2023-03-08,1154,1,1172.71,0.05,West
87772,2023-05-29,1299,5,3622.66,0.2,East
87773,2023-09-10,1026,1,1477.44,0.0,West
87774,2023-09-25,1277,3,12159.35,0.0,West
87775,2023-05-13,1322,1,1763.8,0.1,North
87776,2023-09-21,1240,5,9466.94,0.15,East
87777,2023-01-12,1495,1,9999.65,0.1,East
87778,2023-06-17,1164,4,1437.56,0.2,North
87779,2023-01-04,1318,1,5577.86,0.15,North
87780,2023-12-02,1465,4,5916.1,0.15,North
87781,2023-10-26,1109,1,1579.69,0.0,West
87782,2023-01-13,1163,4,1508.51,0.2,North
87783,2023-03-15,1312,2,8057.51,0.0,West
87784,2023-12-03,1217,4,7611.43,0.0,East
87785,2023-12-31,1426,2,8624.22,0.1,North
87786,2023-10-02,1190,5,2248.29,0.05,South
87787,2023-05-18,1082,1,7932.1,0.1,South
87788,2023-11-27,1201,5,3107.04,0.05,North
87789,2023-12-10,1338,1,7293.92,0.0,West
87790,2023-07-22,1357,1,7807.46,0.1,North
87791,2023-12-18,1083,2,2063.52,0.2,South
87792,2023-11-15,1370,3,4319.93,0.1,East
87793,2023-11-27,1051,1,8387.62,0.2,North
87794,2023-04-13,1453,1,4525.92,0.0,West
87795,2023-01-31,1340,2,10327.31,0.2,West
87796,2023-04-13,1429,5,4983.49,0.0,North
87797,2023-04-05,1345,2,5041.95,0.0,South
87798,2023-11-29,1364,2,3235.57,0.1,West
87799,2023-05-07,1396,4,650.75,0.1,West
87800,2023-09-17,1364,2,2934.98,0.15,South
87801,2023-11-25,1484,3,12334.88,0.2,West
87802,2023-10-24,1293,4,4060.17,0.05,West
87803,2023-01-25,1490,2,4659.33,0.1,East
87804,2023-04-25,1489,1,5112.64,0.05,South
87805,2023-11-25,1411,4,1064.78,0.2,West
87806,2023-10-01,1001,2,3678.99,0.15,East
87807,2023-01-27,1087,4,2223.56,0.0,East
87808,2023-02-28,1131,2,9480.73,0.0,West
87809,2023-07-12,1381,1,1992.92,0.15,East
87810,2023-08-26,1087,5,1880.26,0.05,North
87811,2023-10-20,1372,2,1857.47,0.2,East
87812,2023-03-06,1066,3,542.94,0.2,South
87813,2023-04-07,1291,1,6616.31,0.1,North
87814,2023-10-07,1107,1,5778.78,0.1,South
87815,2023-07-26,1294,1,2984.13,0.05,West
87816,2023-11-25,1313,1,10542.73,0.2,West
87817,2023-05-17,1100,1,3991.04,0.2,West
87818,2023-06-22,1045,5,3600.59,0.05,West
87819,2023-07-30,1013,3,2706.66,0.2,East
87820,2023-08-31,1344,1,1698.59,0.2,South
87821,2023-07-22,1378,2,1472.45,0.0,West
87822,2023-09-18,1206,3,2187.52,0.15,East
87823,2023-03-17,1345,1,5400.47,0.2,North
87824,2023-10-07,1032,2,4273.77,0.15,South
87825,2023-11-29,1038,2,6999.41,0.05,North
87826,2023-11-06,1109,5,1034.86,0.2,South
87827,2023-12-14,1234,1,5376.19,0.1,East
87828,2023-02-15,1307,2,5728.07,0.15,West
87829,2023-11-11,1137,5,1615.96,0.05,West
87830,2023-04-06,1487,3,1469.91,0.15,South
87831,2023-04-09,1097,5,7702.08,0.1,West
87832,2023-06-23,1303,1,1954.56,0.1,West
87833,2023-10-08,1067,5,2258.48,0.2,South
87834,2023-11-19,1186,4,184.27,0.2,South
87835,2023-12-16,1113,2,3271.44,0.05,North
87836,2023-12-03,1209,1,7310.92,0.2,North
87837,2023-05-30,1311,1,3903.67,0.15,North
87838,2023-05-14,1224,3,3951.49,0.0,South
87839,2023-03-30,1403,2,3172.13,0.0,West
87840,2023-09-25,1107,5,9546.46,0.1,South
87841,2023-10-08,1055,2,3549.56,0.0,East
87842,2023-01-19,1391,1,3290.11,0.0,West
87843,2023-01-25,1361,1,3805.86,0.05,North
87844,2023-03-03,1252,3,167.65,0.2,West
87845,2023-04-16,1311,3,4135.18,0.15,West
87846,2023-11-22,1089,4,1351.53,0.15,West
87847,2023-09-26,1168,2,821.19,0.0,South
87848,2023-04-11,1087,4,1883.28,0.0,West
87849,2023-03-12,1043,2,5562.7,0.15,West
87850,2023-08-27,1277,1,5993.4,0.15,North
87851,2023-03-12,1038,1,10648.19,0.15,North
87852,2023-01-16,1315,1,5293.19,0.2,North
87853,2023-07-19,1131,2,5939.75,0.15,West
87854,2023-06-16,1019,1,2905.16,0.05,South
87855,2023-07-14,1225,3,763.67,0.05,North
87856,2023-07-18,1045,5,5907.7,0.05,South
87857,2023-12-13,1353,4,3057.52,0.1,West
87858,2023-06-23,1404,4,2817.11,0.05,East
87859,2023-10-21,1458,1,1856.79,0.15,North
87860,2023-06-27,1170,4,1611.95,0.0,East
87861,2023-03-28,1383,2,8327.61,0.15,North
87862,2023-10-18,1160,1,3889.0,0.1,South
87863,2023-04-15,1361,3,2842.19,0.1,West
87864,2023-06-09,1085,4,1902.16,0.0,East
87865,2023-09-17,1338,1,4480.34,0.0,West
87866,2023-04-13,1377,2,9112.24,0.1,East
87867,2023-10-05,1080,2,5502.84,0.15,East
87868,2023-11-14,1364,2,3738.24,0.1,East
87869,2023-12-08,1430,4,4128.09,0.0,West
87870,2023-08-18,1124,1,6805.89,0.2,West
87871,2023-07-31,1146,2,3221.93,0.05,West
87872,2023-06-24,1462,1,6604.75,0.05,North
87873,2023-01-18,1187,1,7278.77,0.0,North
87874,2023-08-08,1402,3,7196.63,0.0,East
87875,2023-03-20,1268,1,3404.27,0.1,North
87876,2023-12-22,1243,4,9804.1,0.2,West
87877,2023-12-16,1172,4,1444.73,0.1,East
87878,2023-10-25,1423,4,7560.52,0.1,East
87879,2023-06-01,1406,1,1141.23,0.1,North
87880,2023-09-19,1005,1,4293.11,0.1,North
87881,2023-07-20,1470,2,2464.37,0.05,West
87882,2023-08-28,1376,3,8378.24,0.1,East
87883,2023-07-21,1149,1,4413.04,0.0,South
87884,2023-06-01,1387,2,1224.64,0.1,South
87885,2023-08-07,1313,2,10121.59,0.0,East
87886,2023-05-28,1131,5,5785.06,0.1,West
87887,2023-09-20,1124,1,8107.69,0.15,South
87888,2023-07-04,1035,3,8447.79,0.15,North
87889,2023-08-27,1492,1,4439.38,0.15,East
87890,2023-07-10,1447,4,6071.86,0.1,South
87891,2023-09-03,1300,1,4406.45,0.2,West
87892,2023-03-13,1468,1,3913.65,0.1,South
87893,2023-01-29,1049,4,7639.14,0.1,South
87894,2023-11-17,1210,5,7259.54,0.2,West
87895,2023-10-11,1303,1,966.64,0.1,North
87896,2023-01-11,1457,2,4256.04,0.1,North
87897,2023-08-09,1394,3,1178.35,0.1,East
87898,2023-02-24,1461,3,4347.38,0.0,South
87899,2023-06-03,1205,2,7418.16,0.2,West
87900,2023-02-25,1079,3,6033.24,0.15,West
87901,2023-05-27,1066,5,301.56,0.05,North
87902,2023-04-13,1032,1,7018.83,0.0,South
87903,2023-11-29,1164,2,1342.67,0.2,West
87904,2023-05-01,1104,4,2896.28,0.05,North
87905,2023-08-22,1040,1,2684.27,0.05,West
87906,2023-12-01,1453,5,5143.31,0.1,North
87907,2023-05-22,1278,2,4370.06,0.15,North
87908,2023-11-14,1289,1,8222.58,0.2,West
87909,2023-11-27,1089,1,1555.31,0.05,North
87910,2023-03-09,1147,1,11719.08,0.2,West
87911,2023-12-16,1122,1,4011.36,0.05,South
87912,2023-05-10,1427,5,8614.6,0.1,West
87913,2023-01-28,1157,4,6723.0,0.1,North
87914,2023-03-31,1131,4,7310.45,0.05,North
87915,2023-09-28,1198,3,3434.1,0.15,West
87916,2023-06-10,1133,2,1198.4,0.1,North
87917,2023-09-03,1079,1,4235.19,0.2,West
87918,2023-01-07,1132,1,12253.4,0.15,East
87919,2023-10-27,1087,4,2460.15,0.2,West
87920,2023-04-20,1285,1,11810.11,0.05,East
87921,2023-02-08,1420,3,1979.73,0.1,East
87922,2023-07-26,1001,4,4706.04,0.15,South
87923,2023-12-08,1461,2,3513.15,0.1,South
87924,2023-08-23,1260,5,2492.23,0.05,East
87925,2023-10-07,1169,2,2446.76,0.05,West
87926,2023-07-18,1234,1,8934.17,0.1,North
87927,2023-01-10,1087,2,2383.69,0.05,South
87928,2023-03-19,1477,2,3765.57,0.15,North
87929,2023-02-16,1099,5,904.88,0.1,South
87930,2023-05-24,1154,1,1165.11,0.05,South
87931,2023-06-23,1193,2,158.26,0.0,East
87932,2023-06-26,1324,3,1824.09,0.15,North
87933,2023-04-09,1273,1,1143.11,0.0,North
87934,2023-03-11,1147,1,5871.78,0.2,West
87935,2023-08-09,1116,1,4087.24,0.1,North
87936,2023-01-21,1122,3,5391.95,0.1,South
87937,2023-07-17,1228,3,4167.69,0.15,South
87938,2023-10-30,1273,2,1327.02,0.0,North
87939,2023-08-01,1287,1,2201.22,0.1,West
87940,2023-04-09,1101,4,3529.06,0.05,South
87941,2023-10-21,1034,1,3107.28,0.1,North
87942,2023-03-13,1014,3,1764.1,0.2,West
87943,2023-12-08,1013,4,3056.99,0.05,South
87944,2023-01-25,1182,2,2763.38,0.15,West
87945,2023-12-14,1473,5,2866.49,0.0,North
87946,2023-11-03,1184,1,1588.13,0.2,East
87947,2023-09-18,1452,3,3019.43,0.15,South
87948,2023-10-15,1415,2,1661.72,0.0,East
87949,2023-03-23,1412,2,968.44,0.0,West
87950,2023-04-05,1434,1,761.83,0.0,West
87951,2023-01-01,1021,5,5639.97,0.2,East
87952,2023-06-27,1341,5,5699.28,0.1,South
87953,2023-06-14,1236,1,1972.4,0.1,West
87954,2023-09-23,1458,3,1598.04,0.05,East
87955,2023-04-01,1156,4,314.45,0.15,South
87956,2023-02-26,1347,1,3548.14,0.2,South
87957,2023-02-25,1476,1,4042.49,0.2,West
87958,2023-08-08,1240,3,7380.93,0.05,South
87959,2023-08-13,1184,2,1511.69,0.2,East
87960,2023-10-24,1091,1,336.95,0.15,North
87961,2023-01-06,1186,3,321.84,0.05,East
87962,2023-09-10,1449,2,1052.5,0.15,North
87963,2023-01-06,1078,2,5172.11,0.1,South
87964,2023-01-24,1235,4,7943.94,0.1,West
87965,2023-11-25,1277,2,12210.14,0.2,North
87966,2023-10-14,1429,1,4236.38,0.15,North
87967,2023-04-13,1153,2,7579.17,0.05,North
87968,2023-02-09,1275,1,4972.94,0.2,West
87969,2023-05-13,1398,5,8103.27,0.1,North
87970,2023-03-23,1336,1,6841.89,0.2,East
87971,2023-09-11,1461,4,3044.92,0.15,East
87972,2023-11-10,1351,4,9540.24,0.2,East
87973,2023-11-28,1232,5,7028.68,0.15,West
87974,2023-12-22,1263,3,2013.95,0.2,North
87975,2023-04-29,1196,1,983.54,0.1,South
87976,2023-02-11,1452,1,2749.35,0.05,North
87977,2023-05-18,1325,2,3911.42,0.15,East
87978,2023-01-28,1354,5,384.39,0.1,East
87979,2023-12-18,1239,4,558.61,0.15,West
87980,2023-07-19,1229,5,741.72,0.0,East
87981,2023-06-24,1059,2,955.82,0.0,North
87982,2023-12-20,1474,1,4887.33,0.05,South
87983,2023-02-09,1181,1,4544.08,0.0,South
87984,2023-10-03,1263,5,1970.79,0.2,South
87985,2023-11-11,1153,4,4877.82,0.0,North
87986,2023-03-24,1236,2,1405.71,0.15,West
87987,2023-01-09,1369,1,887.65,0.2,West
87988,2023-10-06,1422,1,7944.08,0.0,North
87989,2023-10-02,1256,2,7912.81,0.2,South
87990,2023-09-25,1427,1,4670.54,0.1,North
87991,2023-09-24,1049,4,4796.19,0.2,North
87992,2023-10-02,1164,1,2075.35,0.15,South
87993,2023-08-05,1299,1,4349.77,0.2,South
87994,2023-06-16,1117,2,11518.68,0.1,South
87995,2023-04-10,1154,5,1802.21,0.05,South
87996,2023-12-20,1087,4,3425.62,0.15,North
87997,2023-10-14,1178,3,6091.28,0.15,West
87998,2023-02-12,1041,1,8211.14,0.05,West
87999,2023-11-10,1160,1,7545.65,0.0,North
88000,2023-09-05,1344,2,1869.69,0.2,South
88001,2023-01-27,1317,2,2635.65,0.1,East
88002,2023-01-21,1380,5,4556.98,0.0,South
88003,2023-11-12,1460,4,3268.3,0.1,East
88004,2023-11-14,1254,5,150.18,0.05,East
88005,2023-02-03,1075,4,113.31,0.1,South
88006,2023-03-01,1010,4,7137.26,0.0,North
88007,2023-10-09,1030,1,10815.86,0.1,South
88008,2023-09-30,1132,2,5658.22,0.1,North
88009,2023-12-25,1041,1,8506.94,0.05,North
88010,2023-03-23,1049,4,7734.01,0.1,South
88011,2023-05-01,1437,1,6133.72,0.0,North
88012,2023-12-18,1493,4,4524.81,0.15,North
88013,2023-06-02,1153,1,10922.5,0.05,North
88014,2023-12-08,1001,2,3492.67,0.2,South
88015,2023-09-07,1085,1,1046.21,0.05,North
88016,2023-12-14,1222,1,299.06,0.2,East
88017,2023-09-29,1168,4,1295.33,0.2,North
88018,2023-02-01,1473,1,3168.28,0.2,West
88019,2023-09-02,1045,4,3282.98,0.15,West
88020,2023-08-22,1228,5,8171.18,0.05,North
88021,2023-07-19,1357,4,6570.84,0.0,North
88022,2023-06-20,1181,1,1774.36,0.2,South
88023,2023-03-11,1343,2,169.56,0.05,North
88024,2023-10-27,1239,2,466.86,0.0,South
88025,2023-10-03,1074,2,7535.43,0.15,South
88026,2023-12-04,1343,5,196.36,0.0,West
88027,2023-08-31,1198,1,3569.9,0.0,South
88028,2023-05-06,1144,1,9303.75,0.1,East
88029,2023-09-12,1249,2,2616.07,0.1,East
88030,2023-01-07,1348,2,7450.94,0.1,South
88031,2023-03-19,1322,2,2683.21,0.0,South
88032,2023-05-22,1476,3,5749.08,0.15,West
88033,2023-07-01,1039,2,4567.19,0.2,West
88034,2023-02-02,1260,1,2823.09,0.1,West
88035,2023-02-01,1060,3,10162.57,0.2,West
88036,2023-12-07,1309,3,3891.48,0.0,North
88037,2023-04-27,1468,1,8111.37,0.1,North
88038,2023-03-31,1485,2,1627.48,0.05,East
88039,2023-09-09,1487,2,2142.71,0.2,West
88040,2023-08-02,1460,4,6525.17,0.0,North
88041,2023-10-13,1487,1,984.04,0.2,South
88042,2023-06-09,1499,3,1038.34,0.1,East
88043,2023-12-01,1025,2,4821.51,0.15,West
88044,2023-06-23,1454,2,4266.87,0.1,West
88045,2023-08-08,1362,1,3567.56,0.2,North
88046,2023-01-07,1079,3,3432.37,0.2,North
88047,2023-10-09,1241,1,604.19,0.0,South
88048,2023-10-05,1052,1,6657.33,0.15,East
88049,2023-04-09,1072,1,4198.61,0.0,North
88050,2023-08-12,1201,5,3828.68,0.15,South
88051,2023-10-16,1183,2,1018.75,0.0,North
88052,2023-10-15,1080,2,8279.26,0.15,West
88053,2023-10-04,1079,5,2804.52,0.15,South
88054,2023-02-19,1298,4,3346.97,0.05,West
88055,2023-06-15,1066,4,558.56,0.15,South
88056,2023-08-20,1422,1,7271.84,0.2,North
88057,2023-11-20,1241,1,836.07,0.15,North
88058,2023-10-11,1283,4,4573.05,0.1,North
88059,2023-05-12,1346,4,6319.49,0.2,West
88060,2023-02-08,1344,3,2473.5,0.0,North
88061,2023-10-08,1469,3,6723.61,0.2,East
88062,2023-12-08,1366,1,2351.12,0.05,North
88063,2023-12-20,1283,1,4418.93,0.2,South
88064,2023-02-28,1350,2,5370.34,0.0,South
88065,2023-07-21,1438,1,7943.53,0.05,West
88066,2023-05-07,1286,3,8185.66,0.0,North
88067,2023-09-01,1168,2,802.11,0.0,North
88068,2023-06-04,1481,1,1067.53,0.15,West
88069,2023-08-03,1233,4,353.02,0.15,South
88070,2023-05-04,1328,3,2080.23,0.1,South
88071,2023-03-11,1421,3,5782.93,0.0,East
88072,2023-01-08,1364,1,3860.06,0.1,East
88073,2023-11-21,1348,3,3092.26,0.0,North
88074,2023-01-13,1093,2,632.76,0.15,West
88075,2023-11-02,1457,1,10080.19,0.2,West
88076,2023-05-11,1226,1,2240.13,0.1,East
88077,2023-02-22,1178,1,8786.46,0.15,West
88078,2023-08-28,1222,2,308.0,0.2,South
88079,2023-03-21,1266,3,6141.27,0.15,East
88080,2023-11-24,1043,1,4428.15,0.0,North
88081,2023-05-17,1428,4,1263.72,0.0,West
88082,2023-09-16,1074,5,5732.86,0.2,South
88083,2023-09-22,1037,4,3495.04,0.2,West
88084,2023-09-03,1180,2,11742.72,0.15,North
88085,2023-11-11,1137,1,1071.55,0.0,East
88086,2023-04-03,1188,3,4323.85,0.15,South
88087,2023-08-08,1071,5,5800.06,0.15,West
88088,2023-05-10,1019,1,4478.64,0.0,East
88089,2023-09-28,1371,2,6673.6,0.05,West
88090,2023-10-12,1431,5,4703.66,0.15,South
88091,2023-12-15,1278,1,4103.36,0.2,South
88092,2023-04-21,1343,1,187.64,0.2,South
88093,2023-02-10,1085,1,1496.47,0.05,South
88094,2023-02-14,1044,2,6196.37,0.2,North
88095,2023-07-27,1202,5,1624.6,0.1,North
88096,2023-08-29,1342,2,8354.34,0.1,North
88097,2023-12-28,1360,1,6140.2,0.15,West
88098,2023-01-06,1488,1,6908.33,0.05,South
88099,2023-08-01,1278,1,4117.93,0.1,South
88100,2023-01-04,1368,4,6439.18,0.05,West
88101,2023-10-12,1407,3,1784.14,0.15,South
88102,2023-09-20,1244,3,5698.36,0.2,South
88103,2023-12-11,1022,2,4859.12,0.2,East
88104,2023-07-12,1434,1,425.73,0.2,East
88105,2023-05-22,1323,1,1379.53,0.0,South
88106,2023-07-06,1275,2,6120.69,0.0,East
88107,2023-05-31,1130,2,4035.75,0.2,East
88108,2023-05-31,1207,4,1503.1,0.0,East
88109,2023-05-29,1485,1,1384.91,0.15,North
88110,2023-09-21,1247,4,3413.83,0.15,East
88111,2023-01-04,1464,1,1386.44,0.15,West
88112,2023-09-07,1232,4,3711.17,0.0,North
88113,2023-04-06,1339,4,3135.9,0.0,South
88114,2023-05-21,1234,1,10380.85,0.1,South
88115,2023-01-22,1252,1,224.62,0.2,East
88116,2023-07-17,1344,3,2348.35,0.0,South
88117,2023-07-26,1409,1,6855.13,0.1,North
88118,2023-10-31,1085,5,1647.26,0.15,North
88119,2023-04-09,1125,3,4557.33,0.2,West
88120,2023-11-02,1337,3,3493.67,0.0,East
88121,2023-02-16,1282,1,406.03,0.05,South
88122,2023-12-25,1415,1,1170.14,0.0,South
88123,2023-04-18,1029,4,5990.23,0.15,West
88124,2023-11-21,1373,1,4399.74,0.2,North
88125,2023-04-07,1442,4,2259.21,0.1,East
88126,2023-07-02,1339,1,2040.02,0.15,East
88127,2023-07-29,1261,4,3304.08,0.0,West
88128,2023-02-08,1005,1,3733.34,0.1,North
88129,2023-12-30,1367,3,4622.15,0.15,East
88130,2023-04-26,1288,1,987.94,0.05,East
88131,2023-04-08,1073,1,7581.23,0.2,South
88132,2023-08-27,1263,2,1401.47,0.2,North
88133,2023-03-14,1295,2,2491.69,0.05,South
88134,2023-05-17,1309,4,2403.83,0.0,West
88135,2023-09-03,1116,1,5856.55,0.1,West
88136,2023-02-27,1359,3,4345.82,0.0,West
88137,2023-10-20,1394,1,1399.18,0.2,North
88138,2023-06-04,1406,2,1297.58,0.1,North
88139,2023-12-17,1103,1,296.67,0.15,South
88140,2023-12-18,1493,5,6636.43,0.15,North
88141,2023-09-25,1201,2,3815.3,0.1,South
88142,2023-07-05,1328,3,2260.14,0.15,South
88143,2023-09-14,1473,2,2402.25,0.1,West
88144,2023-09-17,1367,1,7818.75,0.05,East
88145,2023-10-15,1280,5,5821.08,0.0,East
88146,2023-05-24,1029,2,3801.86,0.05,South
88147,2023-12-30,1232,2,7277.58,0.15,West
88148,2023-11-18,1485,2,1618.11,0.05,West
88149,2023-05-12,1245,1,3163.04,0.05,South
88150,2023-07-22,1309,2,2677.67,0.1,North
88151,2023-02-20,1262,4,435.33,0.0,North
88152,2023-11-26,1080,2,5033.17,0.0,North
88153,2023-08-16,1085,5,1849.34,0.15,West
88154,2023-06-15,1139,3,7269.72,0.15,South
88155,2023-06-21,1162,1,6691.29,0.2,West
88156,2023-05-23,1477,2,3075.43,0.2,North
88157,2023-08-03,1016,4,693.77,0.2,East
88158,2023-04-18,1426,1,9754.28,0.1,East
88159,2023-01-06,1180,2,6118.81,0.1,East
88160,2023-03-16,1039,2,4010.73,0.0,South
88161,2023-01-28,1147,2,4869.99,0.2,North
88162,2023-06-01,1375,1,8740.09,0.0,North
88163,2023-03-12,1182,2,2939.69,0.15,East
88164,2023-09-21,1275,4,5525.06,0.05,North
88165,2023-12-31,1104,3,1977.52,0.0,North
88166,2023-05-29,1367,2,6240.1,0.1,East
88167,2023-08-16,1009,2,6857.65,0.15,South
88168,2023-12-24,1256,1,5003.81,0.2,West
88169,2023-06-01,1160,3,5018.58,0.0,North
88170,2023-05-13,1266,3,11231.2,0.05,East
88171,2023-10-29,1168,5,949.56,0.0,West
88172,2023-12-07,1416,3,12627.14,0.2,South
88173,2023-08-22,1322,2,3477.96,0.0,West
88174,2023-07-10,1231,2,1735.13,0.0,East
88175,2023-06-05,1342,1,8581.58,0.1,South
88176,2023-11-19,1344,3,2689.26,0.0,West
88177,2023-11-30,1015,1,7180.38,0.0,West
88178,2023-08-04,1154,2,1035.07,0.1,East
88179,2023-01-13,1366,3,3915.39,0.05,South
88180,2023-07-15,1108,1,3692.98,0.0,South
88181,2023-07-07,1303,1,1187.34,0.1,West
88182,2023-03-25,1466,2,1960.01,0.15,East
88183,2023-04-28,1224,2,4986.16,0.05,East
88184,2023-03-07,1451,1,7486.53,0.05,North
88185,2023-12-14,1129,1,5390.58,0.2,East
88186,2023-12-16,1374,1,3901.09,0.2,South
88187,2023-01-31,1423,2,4170.01,0.0,East
88188,2023-05-25,1424,4,8879.92,0.15,East
88189,2023-10-09,1202,3,1942.49,0.15,West
88190,2023-12-16,1188,3,5284.33,0.2,West
88191,2023-12-01,1238,3,3111.76,0.15,North
88192,2023-04-21,1172,2,1560.4,0.2,North
88193,2023-05-18,1461,1,3711.81,0.15,West
88194,2023-01-08,1063,3,9294.91,0.1,East
88195,2023-11-09,1317,1,3887.32,0.2,South
88196,2023-10-07,1119,5,2229.61,0.2,South
88197,2023-10-14,1320,2,5099.13,0.0,East
88198,2023-07-22,1037,5,6318.74,0.1,East
88199,2023-10-28,1034,1,3091.57,0.05,East
88200,2023-09-10,1478,5,2727.23,0.0,South
88201,2023-11-28,1268,2,6455.54,0.0,East
88202,2023-01-10,1306,5,950.87,0.15,West
88203,2023-01-17,1271,1,6668.81,0.0,East
88204,2023-01-02,1286,4,11521.07,0.05,South
88205,2023-02-01,1498,2,6863.01,0.1,East
88206,2023-05-07,1370,2,3216.3,0.05,East
88207,2023-09-13,1427,1,3932.24,0.05,East
88208,2023-09-12,1472,2,139.03,0.15,West
88209,2023-11-02,1440,5,2421.38,0.05,West
88210,2023-09-06,1029,1,3808.57,0.0,North
88211,2023-06-19,1402,2,4023.16,0.05,West
88212,2023-07-08,1374,1,4128.46,0.2,East
88213,2023-07-11,1267,2,1225.9,0.2,West
88214,2023-05-03,1036,1,3535.26,0.1,West
88215,2023-09-04,1124,2,4584.37,0.1,North
88216,2023-10-27,1189,5,2661.66,0.15,East
88217,2023-11-27,1450,1,3316.18,0.0,North
88218,2023-09-29,1394,4,1421.1,0.0,West
88219,2023-04-06,1309,1,2163.8,0.15,East
88220,2023-07-30,1387,4,1186.66,0.2,West
88221,2023-10-21,1208,1,7863.92,0.2,East
88222,2023-08-13,1180,2,5001.11,0.1,West
88223,2023-05-06,1336,1,7236.3,0.2,South
88224,2023-07-20,1329,2,315.59,0.1,East
88225,2023-09-07,1357,3,7359.86,0.2,South
88226,2023-05-30,1091,1,250.94,0.15,South
88227,2023-07-18,1133,1,1781.17,0.05,West
88228,2023-04-03,1434,3,501.59,0.15,North
88229,2023-10-13,1136,1,11607.28,0.0,East
88230,2023-05-12,1289,3,6689.18,0.0,North
88231,2023-05-01,1182,2,2606.38,0.15,North
88232,2023-06-07,1086,5,7860.31,0.15,South
88233,2023-09-16,1236,4,1177.27,0.05,West
88234,2023-05-09,1462,4,7709.11,0.1,East
88235,2023-06-09,1032,5,7764.84,0.15,West
88236,2023-07-29,1015,1,10453.66,0.2,North
88237,2023-12-24,1447,1,3746.05,0.2,West
88238,2023-12-14,1135,3,1413.52,0.0,South
88239,2023-06-22,1120,4,7370.41,0.2,North
88240,2023-01-17,1003,1,9996.09,0.1,West
88241,2023-11-02,1445,5,4940.59,0.2,West
88242,2023-10-01,1104,4,5227.98,0.2,North
88243,2023-08-26,1157,3,7612.36,0.2,South
88244,2023-10-20,1114,3,5668.94,0.1,North
88245,2023-12-17,1310,4,856.72,0.1,East
88246,2023-10-08,1238,3,3288.93,0.15,East
88247,2023-04-29,1422,2,7613.35,0.0,South
88248,2023-12-26,1178,4,7152.03,0.0,North
88249,2023-04-01,1259,2,3328.77,0.15,South
88250,2023-11-24,1063,1,13506.83,0.15,South
88251,2023-04-16,1491,2,11015.84,0.05,South
88252,2023-08-13,1420,5,1764.0,0.05,North
88253,2023-06-24,1319,4,6458.71,0.2,West
88254,2023-01-02,1258,5,148.42,0.15,West
88255,2023-05-27,1155,4,2795.98,0.0,South
88256,2023-09-24,1237,2,1782.63,0.2,South
88257,2023-01-21,1260,5,3349.71,0.15,South
88258,2023-07-30,1174,4,283.28,0.15,West
88259,2023-10-22,1129,3,5140.66,0.0,East
88260,2023-08-13,1211,2,8177.41,0.15,South
88261,2023-06-08,1373,1,7966.45,0.1,West
88262,2023-12-14,1199,1,1778.67,0.05,East
88263,2023-12-07,1487,2,858.09,0.05,East
88264,2023-12-02,1180,2,7704.94,0.0,South
88265,2023-10-05,1269,2,6774.45,0.15,South
88266,2023-02-22,1091,1,417.54,0.0,East
88267,2023-09-02,1040,3,2388.46,0.15,North
88268,2023-09-18,1386,1,1842.94,0.2,South
88269,2023-07-11,1137,1,1020.77,0.0,West
88270,2023-08-06,1149,1,4250.02,0.05,North
88271,2023-05-23,1407,1,1235.2,0.0,West
88272,2023-06-15,1245,4,3058.17,0.2,East
88273,2023-03-15,1036,5,3779.94,0.1,North
88274,2023-11-28,1463,1,11814.39,0.05,South
88275,2023-05-29,1103,1,324.26,0.05,West
88276,2023-10-04,1349,1,175.51,0.15,North
88277,2023-01-15,1230,5,4522.69,0.05,North
88278,2023-02-23,1247,2,3551.67,0.0,West
88279,2023-01-21,1392,1,482.35,0.1,East
88280,2023-08-29,1023,1,3912.1,0.1,West
88281,2023-10-21,1340,5,7818.14,0.15,West
88282,2023-04-19,1301,1,1506.78,0.0,East
88283,2023-06-07,1108,5,2448.7,0.05,North
88284,2023-08-18,1345,1,4775.08,0.0,North
88285,2023-03-07,1383,4,9774.07,0.15,South
88286,2023-10-01,1208,1,4079.23,0.2,East
88287,2023-10-17,1372,1,1909.18,0.2,East
88288,2023-07-07,1090,2,5306.25,0.15,West
88289,2023-03-07,1125,1,6420.42,0.15,East
88290,2023-02-23,1203,4,4403.2,0.0,West
88291,2023-06-28,1082,1,9417.24,0.05,South
88292,2023-03-07,1071,3,4455.87,0.1,South
88293,2023-07-24,1224,1,3403.85,0.05,South
88294,2023-02-27,1365,4,4634.04,0.05,East
88295,2023-05-06,1471,1,4703.52,0.0,East
88296,2023-11-18,1415,1,919.06,0.1,South
88297,2023-03-27,1444,5,4524.19,0.2,North
88298,2023-08-17,1153,1,7684.1,0.0,North
88299,2023-04-16,1230,4,4594.51,0.1,South
88300,2023-07-16,1160,1,4596.18,0.2,South
88301,2023-10-19,1437,1,5371.37,0.05,North
88302,2023-05-06,1369,5,712.87,0.0,South
88303,2023-01-17,1175,2,1790.87,0.1,South
88304,2023-04-18,1168,1,1169.39,0.0,East
88305,2023-10-10,1390,4,3219.69,0.15,South
88306,2023-01-01,1210,3,8420.9,0.15,East
88307,2023-11-21,1403,5,3354.53,0.05,South
88308,2023-06-15,1453,2,8618.25,0.05,East
88309,2023-06-12,1472,1,147.75,0.1,South
88310,2023-02-28,1348,2,5860.89,0.15,East
88311,2023-07-21,1154,2,1484.18,0.1,North
88312,2023-03-16,1354,1,351.57,0.1,East
88313,2023-11-16,1407,1,1736.92,0.05,South
88314,2023-06-14,1194,1,4609.95,0.15,West
88315,2023-01-30,1242,3,5963.32,0.2,North
88316,2023-12-08,1439,4,9440.9,0.1,South
88317,2023-09-19,1386,5,3658.42,0.05,South
88318,2023-11-10,1329,2,365.01,0.0,North
88319,2023-04-06,1217,2,9385.67,0.15,South
88320,2023-06-28,1422,1,8152.05,0.05,East
88321,2023-07-01,1107,1,8206.21,0.1,East
88322,2023-01-04,1009,2,4809.05,0.05,South
88323,2023-11-12,1233,1,454.72,0.1,West
88324,2023-12-29,1500,5,606.23,0.2,East
88325,2023-06-07,1407,2,1040.13,0.05,West
88326,2023-09-10,1375,1,4122.04,0.2,North
88327,2023-01-20,1195,5,11867.61,0.15,North
88328,2023-05-16,1194,4,6845.54,0.1,South
88329,2023-04-13,1287,1,2368.12,0.2,North
88330,2023-09-24,1453,1,4935.64,0.2,West
88331,2023-10-15,1423,1,7755.83,0.1,North
88332,2023-09-20,1065,1,1231.47,0.1,North
88333,2023-06-20,1024,1,5602.23,0.15,West
88334,2023-08-13,1120,3,6861.12,0.15,South
88335,2023-03-25,1373,1,6490.21,0.0,East
88336,2023-01-28,1145,1,10227.97,0.05,North
88337,2023-02-09,1100,1,5736.56,0.05,North
88338,2023-04-17,1480,2,6114.07,0.05,East
88339,2023-10-31,1406,1,1068.47,0.15,West
88340,2023-09-20,1033,2,6114.62,0.2,West
88341,2023-02-23,1450,3,2189.86,0.1,West
88342,2023-01-27,1281,2,395.63,0.2,North
88343,2023-04-27,1099,2,1042.64,0.0,North
88344,2023-08-05,1477,3,3241.87,0.1,East
88345,2023-08-02,1441,1,5602.4,0.2,East
88346,2023-12-16,1253,1,1546.04,0.2,West
88347,2023-06-03,1329,5,537.56,0.05,South
88348,2023-11-17,1321,1,8477.65,0.15,South
88349,2023-08-23,1370,1,3053.1,0.15,West
88350,2023-12-09,1196,4,715.33,0.1,North
88351,2023-02-18,1020,1,4049.71,0.2,West
88352,2023-06-14,1230,1,3658.29,0.0,South
88353,2023-11-08,1292,1,5847.52,0.1,East
88354,2023-02-21,1458,2,2565.01,0.15,South
88355,2023-03-17,1481,1,1007.9,0.05,East
88356,2023-06-29,1201,1,5396.38,0.2,West
88357,2023-05-30,1281,1,616.15,0.15,South
88358,2023-04-09,1472,5,216.43,0.15,East
88359,2023-06-12,1212,1,5814.04,0.15,West
88360,2023-05-20,1405,1,3520.5,0.1,West
88361,2023-09-24,1476,1,9320.07,0.1,East
88362,2023-04-28,1081,1,7686.02,0.0,North
88363,2023-04-08,1469,1,7422.99,0.05,North
88364,2023-11-15,1227,1,1176.91,0.1,East
88365,2023-09-20,1488,1,6812.23,0.2,West
88366,2023-10-15,1217,4,6047.7,0.05,South
88367,2023-07-16,1294,1,2693.88,0.0,South
88368,2023-08-01,1481,1,1000.79,0.0,West
88369,2023-08-20,1169,2,2133.65,0.05,North
88370,2023-06-18,1302,1,836.94,0.1,North
88371,2023-07-04,1153,3,7082.93,0.2,North
88372,2023-01-14,1065,4,561.38,0.05,East
88373,2023-02-15,1091,1,237.78,0.1,South
88374,2023-01-02,1060,4,9693.64,0.1,North
88375,2023-06-21,1309,4,3269.74,0.15,North
88376,2023-11-28,1143,2,6368.6,0.15,South
88377,2023-01-26,1083,4,1606.53,0.05,South
88378,2023-12-15,1419,2,5277.86,0.2,East
88379,2023-03-22,1346,4,9984.23,0.0,West
88380,2023-11-26,1146,3,2886.46,0.05,West
88381,2023-07-21,1328,1,1380.45,0.1,West
88382,2023-02-20,1412,5,1180.43,0.1,West
88383,2023-08-01,1080,1,7921.68,0.2,South
88384,2023-10-06,1433,1,2880.83,0.1,East
88385,2023-08-17,1394,4,763.69,0.15,East
88386,2023-09-01,1049,4,8092.35,0.15,West
88387,2023-12-20,1344,1,2888.65,0.05,South
88388,2023-12-13,1461,1,4332.51,0.2,West
88389,2023-08-17,1318,2,6074.82,0.0,South
88390,2023-01-26,1437,2,5525.37,0.1,East
88391,2023-07-10,1276,1,11188.1,0.0,East
88392,2023-01-20,1226,1,2358.11,0.0,South
88393,2023-08-03,1410,1,7055.51,0.15,East
88394,2023-08-16,1014,4,1344.25,0.15,South
88395,2023-02-26,1492,5,3264.61,0.05,South
88396,2023-06-29,1059,1,982.7,0.15,South
88397,2023-06-19,1372,1,1855.98,0.15,North
88398,2023-03-15,1198,1,3226.42,0.1,North
88399,2023-09-26,1405,1,7394.04,0.2,West
88400,2023-02-18,1362,4,3729.15,0.0,North
88401,2023-05-18,1474,4,5384.15,0.05,West
88402,2023-03-05,1146,1,2803.43,0.1,West
88403,2023-04-22,1391,3,6665.45,0.2,West
88404,2023-02-23,1171,1,513.73,0.05,South
88405,2023-06-03,1188,1,7010.87,0.2,West
88406,2023-01-25,1077,1,5343.28,0.1,North
88407,2023-05-08,1204,1,5062.49,0.05,West
88408,2023-06-19,1215,1,2603.95,0.2,South
88409,2023-09-04,1223,3,2679.41,0.2,East
88410,2023-03-18,1192,1,5330.53,0.0,North
88411,2023-03-01,1432,2,6058.85,0.2,East
88412,2023-10-30,1100,1,8243.13,0.2,East
88413,2023-02-18,1136,2,5867.78,0.1,West
88414,2023-04-17,1158,5,12795.6,0.2,South
88415,2023-09-27,1271,5,3902.78,0.15,East
88416,2023-03-30,1115,1,2906.3,0.05,East
88417,2023-12-11,1134,2,3575.9,0.15,North
88418,2023-10-16,1460,2,3101.21,0.05,North
88419,2023-05-10,1219,1,6292.38,0.05,North
88420,2023-12-13,1140,2,6665.49,0.2,South
88421,2023-08-23,1461,1,3619.65,0.15,South
88422,2023-01-14,1268,5,2545.54,0.15,North
88423,2023-03-02,1494,4,6688.88,0.15,East
88424,2023-11-15,1470,2,3039.25,0.05,West
88425,2023-02-15,1218,2,5359.78,0.2,West
88426,2023-10-28,1084,3,713.85,0.1,North
88427,2023-02-01,1438,1,7116.86,0.05,South
88428,2023-11-09,1403,3,4421.99,0.0,West
88429,2023-01-03,1297,5,3568.65,0.0,West
88430,2023-01-23,1308,4,1528.12,0.2,West
88431,2023-10-29,1151,3,1153.9,0.1,West
88432,2023-04-14,1374,5,2915.92,0.1,South
88433,2023-02-06,1441,1,7576.77,0.1,South
88434,2023-11-22,1430,1,3062.47,0.1,East
88435,2023-09-02,1359,2,7411.21,0.2,West
88436,2023-06-07,1221,5,3576.71,0.1,West
88437,2023-02-19,1131,1,9697.99,0.15,North
88438,2023-09-24,1071,4,3910.4,0.1,South
88439,2023-03-01,1259,2,4155.42,0.05,South
88440,2023-02-14,1140,5,6970.13,0.15,North
88441,2023-01-25,1095,1,10238.32,0.1,North
88442,2023-01-22,1200,4,8522.91,0.1,West
88443,2023-11-17,1140,1,3484.25,0.0,North
88444,2023-05-21,1001,3,2942.51,0.15,North
88445,2023-02-24,1362,4,4968.16,0.2,North
88446,2023-10-28,1342,1,7938.44,0.0,West
88447,2023-04-03,1324,5,2803.03,0.15,West
88448,2023-11-29,1138,1,1414.66,0.1,West
88449,2023-12-01,1383,1,9820.52,0.15,South
88450,2023-05-07,1492,4,2906.4,0.1,North
88451,2023-11-15,1177,4,1768.77,0.2,East
88452,2023-02-24,1085,1,1663.63,0.0,South
88453,2023-11-10,1222,1,242.84,0.2,North
88454,2023-10-05,1400,2,2905.51,0.0,North
88455,2023-11-08,1086,1,7719.07,0.15,South
88456,2023-04-30,1416,1,8901.6,0.0,East
88457,2023-03-12,1188,5,5472.75,0.1,East
88458,2023-07-24,1366,3,2626.24,0.05,West
88459,2023-11-14,1427,4,8596.49,0.0,South
88460,2023-08-23,1002,2,119.14,0.1,West
88461,2023-01-05,1142,2,7134.86,0.1,East
88462,2023-06-24,1246,2,4843.48,0.0,South
88463,2023-08-19,1457,1,6801.67,0.1,West
88464,2023-01-09,1336,5,7379.41,0.1,West
88465,2023-08-27,1176,3,9962.23,0.05,North
88466,2023-07-24,1461,1,2185.33,0.15,North
88467,2023-08-24,1045,1,4865.15,0.1,East
88468,2023-10-10,1437,1,3942.88,0.2,East
88469,2023-07-22,1338,2,6463.84,0.1,North
88470,2023-09-19,1105,1,7430.69,0.15,East
88471,2023-02-21,1233,1,564.67,0.05,North
88472,2023-03-05,1459,2,6539.24,0.15,North
88473,2023-12-11,1149,2,6572.87,0.2,South
88474,2023-09-04,1207,5,2747.36,0.1,North
88475,2023-04-04,1436,1,5747.65,0.0,West
88476,2023-05-03,1100,1,5790.73,0.15,East
88477,2023-07-13,1123,1,6202.49,0.2,West
88478,2023-05-02,1017,5,2155.78,0.2,North
88479,2023-03-27,1091,1,439.43,0.05,East
88480,2023-06-01,1142,4,5014.65,0.2,South
88481,2023-07-28,1464,1,1464.22,0.2,West
88482,2023-03-17,1392,5,772.64,0.1,East
88483,2023-10-15,1284,4,8105.17,0.15,West
88484,2023-11-07,1307,5,5104.17,0.2,North
88485,2023-11-17,1267,5,1127.48,0.0,West
88486,2023-04-29,1150,5,1225.15,0.2,East
88487,2023-12-23,1290,2,4921.43,0.15,South
88488,2023-01-03,1407,1,1015.16,0.1,South
88489,2023-09-20,1050,3,7321.98,0.15,West
88490,2023-06-26,1212,3,8341.31,0.2,South
88491,2023-07-12,1022,3,7117.74,0.1,South
88492,2023-01-17,1252,4,236.45,0.2,West
88493,2023-04-12,1350,2,5987.85,0.15,East
88494,2023-07-25,1316,1,2341.82,0.2,East
88495,2023-01-28,1470,4,2471.22,0.0,South
88496,2023-01-27,1223,1,2412.6,0.0,North
88497,2023-08-14,1127,1,7074.34,0.15,North
88498,2023-03-08,1304,3,258.57,0.05,West
88499,2023-04-30,1258,2,207.89,0.2,East
88500,2023-06-02,1310,2,897.19,0.05,North
88501,2023-05-07,1287,1,1991.38,0.1,South
88502,2023-11-27,1029,5,6071.55,0.1,South
88503,2023-10-24,1229,2,630.34,0.15,North
88504,2023-08-06,1408,5,6812.93,0.2,West
88505,2023-06-11,1404,1,4048.43,0.2,East
88506,2023-01-22,1239,4,578.29,0.05,North
88507,2023-03-10,1434,2,541.83,0.05,East
88508,2023-04-15,1136,2,8511.78,0.05,South
88509,2023-01-26,1178,1,4795.29,0.0,East
88510,2023-08-30,1431,2,2435.69,0.1,North
88511,2023-09-20,1261,1,5973.68,0.1,South
88512,2023-12-18,1056,2,3574.82,0.1,West
88513,2023-10-10,1022,2,5047.0,0.05,South
88514,2023-04-12,1114,5,7352.77,0.2,East
88515,2023-05-02,1068,1,6511.16,0.2,East
88516,2023-02-13,1425,4,3287.03,0.1,East
88517,2023-06-07,1185,4,2825.17,0.0,West
88518,2023-03-29,1267,5,1057.65,0.0,East
88519,2023-09-10,1080,1,4419.03,0.2,West
88520,2023-11-19,1032,5,6313.64,0.15,North
88521,2023-03-16,1321,1,7269.44,0.05,South
88522,2023-01-23,1036,3,3525.29,0.1,South
88523,2023-06-07,1496,1,8755.45,0.15,South
88524,2023-06-02,1247,1,3245.94,0.2,West
88525,2023-09-17,1323,2,1418.12,0.15,South
88526,2023-03-23,1128,4,1920.03,0.1,South
88527,2023-08-05,1090,4,7740.21,0.1,West
88528,2023-11-06,1290,1,4607.84,0.0,South
88529,2023-05-15,1421,5,3088.34,0.1,South
88530,2023-07-02,1200,3,5067.19,0.2,South
88531,2023-01-09,1037,5,4187.79,0.2,West
88532,2023-11-26,1414,5,11880.6,0.1,South
88533,2023-07-15,1415,3,1497.22,0.15,West
88534,2023-08-16,1066,2,824.59,0.2,South
88535,2023-03-28,1316,2,1337.31,0.2,North
88536,2023-12-14,1448,5,3782.64,0.15,South
88537,2023-01-08,1097,2,5957.88,0.05,South
88538,2023-10-28,1128,2,1393.21,0.1,West
88539,2023-10-24,1254,1,248.85,0.1,North
88540,2023-04-07,1118,4,2938.88,0.0,South
88541,2023-07-09,1415,1,1018.82,0.05,South
88542,2023-09-06,1124,5,8054.61,0.05,West
88543,2023-10-14,1253,5,3899.5,0.2,West
88544,2023-09-08,1076,3,9258.38,0.0,East
88545,2023-02-11,1459,2,5018.56,0.2,South
88546,2023-06-17,1493,5,4220.09,0.2,East
88547,2023-07-13,1037,1,7432.06,0.1,East
88548,2023-05-26,1370,1,4394.32,0.15,East
88549,2023-08-08,1045,1,6166.54,0.0,East
88550,2023-12-09,1039,2,3298.88,0.2,South
88551,2023-01-11,1017,1,2212.89,0.0,North
88552,2023-12-13,1399,1,6716.95,0.15,South
88553,2023-05-25,1418,2,702.23,0.05,North
88554,2023-09-04,1341,1,9270.42,0.15,South
88555,2023-06-15,1274,2,162.34,0.05,West
88556,2023-06-28,1478,1,2379.92,0.0,North
88557,2023-09-16,1013,2,1770.3,0.2,South
88558,2023-04-10,1388,1,5632.33,0.2,West
88559,2023-05-19,1015,3,6957.39,0.2,South
88560,2023-11-14,1403,5,6831.52,0.15,North
88561,2023-04-06,1377,1,6346.42,0.0,South
88562,2023-05-30,1370,2,2476.83,0.05,North
88563,2023-01-23,1413,1,1821.26,0.2,South
88564,2023-08-21,1366,4,2200.65,0.05,West
88565,2023-10-09,1183,3,790.75,0.1,South
88566,2023-03-21,1207,1,2575.7,0.15,North
88567,2023-03-16,1391,2,4560.16,0.05,West
88568,2023-04-06,1373,1,7333.65,0.15,West
88569,2023-01-03,1174,4,176.14,0.0,West
88570,2023-04-01,1155,4,1792.6,0.1,West
88571,2023-01-18,1489,1,6082.83,0.2,West
88572,2023-03-29,1198,5,1951.47,0.05,East
88573,2023-03-16,1268,4,4750.25,0.2,East
88574,2023-05-29,1139,4,5515.13,0.05,North
88575,2023-01-24,1344,2,2386.7,0.1,North
88576,2023-10-22,1131,2,8410.67,0.15,East
88577,2023-09-28,1321,5,8591.09,0.15,East
88578,2023-09-20,1417,1,5929.24,0.05,East
88579,2023-02-03,1468,4,5593.72,0.1,North
88580,2023-02-08,1410,1,8570.58,0.15,North
88581,2023-11-05,1184,1,957.21,0.1,East
88582,2023-12-20,1262,1,838.28,0.15,North
88583,2023-08-25,1329,3,323.65,0.0,East
88584,2023-12-12,1195,4,9812.08,0.2,South
88585,2023-03-15,1363,4,664.07,0.2,West
88586,2023-10-15,1470,1,2106.27,0.0,South
88587,2023-10-05,1455,1,3987.04,0.15,South
88588,2023-06-30,1200,3,6098.84,0.1,North
88589,2023-04-05,1368,3,4783.07,0.15,North
88590,2023-05-03,1295,1,1843.18,0.1,East
88591,2023-11-11,1480,1,6897.55,0.05,East
88592,2023-04-07,1061,2,4979.79,0.05,North
88593,2023-03-17,1259,2,3870.39,0.05,East
88594,2023-09-19,1471,1,11103.73,0.0,West
88595,2023-01-02,1201,1,2786.5,0.2,South
88596,2023-09-03,1369,5,772.32,0.15,South
88597,2023-01-21,1204,1,5993.75,0.0,South
88598,2023-06-04,1183,2,982.49,0.05,East
88599,2023-10-27,1447,1,4151.41,0.0,South
88600,2023-08-28,1067,1,2515.49,0.1,South
88601,2023-08-11,1190,2,2049.48,0.05,West
88602,2023-11-02,1275,1,7625.47,0.2,North
88603,2023-09-03,1116,4,3760.2,0.15,South
88604,2023-09-01,1359,1,4298.22,0.2,North
88605,2023-12-05,1255,1,3506.58,0.2,South
88606,2023-09-17,1017,2,2071.83,0.1,East
88607,2023-02-06,1026,3,2415.08,0.15,North
88608,2023-05-21,1074,1,10299.87,0.1,West
88609,2023-02-23,1079,4,3363.4,0.0,West
88610,2023-06-22,1213,1,1484.99,0.15,East
88611,2023-09-27,1146,1,3846.82,0.1,South
88612,2023-06-29,1485,2,928.85,0.0,North
88613,2023-01-28,1139,4,4144.32,0.2,East
88614,2023-10-03,1404,2,4082.35,0.05,East
88615,2023-07-06,1032,2,8223.22,0.05,West
88616,2023-01-11,1306,1,602.91,0.05,South
88617,2023-08-04,1306,4,549.73,0.2,South
88618,2023-05-26,1146,1,2117.04,0.05,West
88619,2023-06-23,1331,3,4949.83,0.2,West
88620,2023-07-17,1469,2,6860.58,0.15,East
88621,2023-06-07,1280,5,3837.75,0.15,South
88622,2023-10-11,1178,1,10289.75,0.0,North
88623,2023-02-05,1250,2,7868.3,0.15,North
88624,2023-12-09,1339,1,2320.03,0.05,West
88625,2023-10-12,1136,2,7617.1,0.05,South
88626,2023-06-03,1034,5,2743.89,0.05,East
88627,2023-06-15,1265,5,2705.97,0.0,South
88628,2023-04-06,1027,4,624.75,0.2,West
88629,2023-10-15,1273,4,1400.02,0.05,South
88630,2023-03-02,1445,5,8638.7,0.05,North
88631,2023-03-11,1089,5,2014.41,0.0,South
88632,2023-06-03,1052,2,6672.53,0.0,South
88633,2023-02-06,1467,1,3551.66,0.1,North
88634,2023-01-10,1217,1,4829.98,0.1,East
88635,2023-08-03,1427,3,5762.28,0.2,West
88636,2023-11-03,1299,3,4875.11,0.0,South
88637,2023-07-18,1416,1,6421.36,0.2,West
88638,2023-10-10,1202,1,1796.96,0.15,West
88639,2023-02-25,1040,2,2609.0,0.1,East
88640,2023-02-12,1496,1,8615.74,0.15,West
88641,2023-08-09,1486,4,4537.15,0.2,East
88642,2023-08-27,1276,3,6512.62,0.0,North
88643,2023-06-05,1333,5,4900.31,0.2,South
88644,2023-11-11,1098,5,4964.19,0.2,West
88645,2023-08-02,1013,3,3657.17,0.1,North
88646,2023-06-06,1051,2,8823.2,0.0,West
88647,2023-11-02,1054,1,890.83,0.15,West
88648,2023-01-30,1447,2,3426.34,0.05,East
88649,2023-12-31,1411,2,1102.91,0.2,South
88650,2023-06-24,1472,1,167.44,0.0,West
88651,2023-03-14,1398,2,4367.67,0.15,West
88652,2023-03-29,1327,1,4845.17,0.1,North
88653,2023-02-08,1236,4,1623.8,0.2,West
88654,2023-02-22,1263,4,1196.55,0.05,East
88655,2023-03-17,1432,1,6176.21,0.2,East
88656,2023-09-20,1374,5,3175.29,0.1,North
88657,2023-11-23,1467,1,5697.93,0.2,South
88658,2023-05-18,1483,2,5572.37,0.05,West
88659,2023-11-11,1228,1,6657.36,0.05,South
88660,2023-11-06,1154,4,1875.56,0.1,North
88661,2023-08-06,1127,5,4856.5,0.2,South
88662,2023-10-13,1114,1,5786.31,0.1,South
88663,2023-09-08,1487,1,1523.52,0.2,North
88664,2023-08-31,1386,1,4792.79,0.2,South
88665,2023-03-23,1424,1,7833.21,0.0,West
88666,2023-12-30,1427,5,4932.75,0.05,West
88667,2023-05-24,1043,1,3434.05,0.1,West
88668,2023-07-03,1214,1,3913.12,0.2,East
88669,2023-06-07,1478,1,3251.84,0.2,North
88670,2023-04-16,1010,5,9390.34,0.05,North
88671,2023-08-24,1188,1,7832.69,0.0,East
88672,2023-01-02,1425,5,1342.73,0.15,West
88673,2023-02-12,1092,1,12201.78,0.1,North
88674,2023-09-23,1092,1,5145.36,0.2,South
88675,2023-05-16,1330,5,3600.23,0.1,East
88676,2023-02-14,1305,1,4533.37,0.0,West
88677,2023-01-09,1003,3,10368.51,0.15,East
88678,2023-01-04,1047,1,2424.87,0.1,West
88679,2023-02-28,1344,1,1865.77,0.15,East
88680,2023-09-09,1002,1,182.5,0.05,East
88681,2023-01-23,1017,1,2850.12,0.1,East
88682,2023-05-16,1405,2,7449.15,0.05,East
88683,2023-10-25,1287,2,3280.41,0.0,East
88684,2023-07-09,1152,5,3399.71,0.05,East
88685,2023-06-05,1287,1,2159.29,0.0,East
88686,2023-11-26,1490,1,6904.15,0.2,East
88687,2023-01-09,1090,3,7907.67,0.05,North
88688,2023-01-20,1291,1,9545.81,0.15,South
88689,2023-06-21,1433,5,3868.98,0.2,South
88690,2023-07-23,1021,1,10289.24,0.05,South
88691,2023-11-02,1275,2,5407.81,0.2,South
88692,2023-06-13,1220,1,4175.45,0.1,North
88693,2023-09-14,1029,2,4842.57,0.1,North
88694,2023-05-07,1333,3,8678.43,0.15,West
88695,2023-01-27,1113,2,2835.87,0.0,West
88696,2023-04-03,1168,4,1212.5,0.0,South
88697,2023-09-30,1191,4,1926.14,0.15,West
88698,2023-12-30,1260,2,4181.68,0.05,South
88699,2023-02-03,1211,2,8872.94,0.2,South
88700,2023-10-08,1373,5,7867.03,0.15,North
88701,2023-05-29,1211,1,7603.23,0.1,West
88702,2023-10-03,1226,1,1904.22,0.1,South
88703,2023-03-09,1144,1,8729.49,0.1,South
88704,2023-04-24,1092,5,9959.84,0.15,West
88705,2023-03-14,1179,1,6678.45,0.1,North
88706,2023-07-28,1049,2,4642.44,0.05,West
88707,2023-10-13,1128,1,1774.57,0.0,East
88708,2023-04-16,1067,1,2482.35,0.15,North
88709,2023-05-20,1284,1,6217.12,0.05,South
88710,2023-03-22,1113,1,2127.21,0.05,South
88711,2023-07-20,1018,1,1072.38,0.15,West
88712,2023-11-06,1384,5,6342.3,0.0,West
88713,2023-04-06,1139,5,4170.49,0.1,East
88714,2023-05-05,1312,1,7328.48,0.0,West
88715,2023-02-18,1305,1,5984.2,0.05,East
88716,2023-09-20,1362,5,5793.11,0.05,North
88717,2023-03-11,1337,5,2329.3,0.1,South
88718,2023-02-11,1288,4,1840.0,0.05,North
88719,2023-01-07,1247,2,1776.98,0.2,South
88720,2023-07-17,1139,1,5799.0,0.1,East
88721,2023-09-27,1139,2,5641.77,0.05,West
88722,2023-05-16,1432,2,6836.2,0.05,South
88723,2023-04-26,1135,5,1965.61,0.1,South
88724,2023-06-05,1199,4,1389.63,0.1,East
88725,2023-03-17,1360,3,4016.66,0.2,East
88726,2023-03-17,1350,2,6050.83,0.15,North
88727,2023-01-22,1083,5,1929.51,0.2,West
88728,2023-06-02,1196,1,498.0,0.2,North
88729,2023-03-21,1005,3,2725.27,0.05,North
88730,2023-09-06,1110,1,5100.05,0.2,South
88731,2023-07-31,1050,4,7051.25,0.05,South
88732,2023-12-22,1341,5,7456.87,0.05,East
88733,2023-04-06,1156,4,491.92,0.1,South
88734,2023-02-19,1339,1,3479.81,0.15,North
88735,2023-04-12,1090,2,9283.83,0.0,North
88736,2023-09-06,1027,4,1276.54,0.0,South
88737,2023-10-31,1426,1,12483.81,0.2,North
88738,2023-01-16,1012,1,5521.01,0.2,East
88739,2023-05-18,1039,3,2720.72,0.0,North
88740,2023-07-29,1252,5,282.79,0.0,East
88741,2023-08-24,1208,5,6016.13,0.05,South
88742,2023-06-15,1355,2,2399.75,0.0,East
88743,2023-11-09,1068,1,10244.62,0.15,East
88744,2023-08-28,1409,1,7184.53,0.15,West
88745,2023-12-09,1268,4,4124.99,0.15,East
88746,2023-02-15,1075,3,94.8,0.1,North
88747,2023-09-09,1390,2,3309.59,0.0,East
88748,2023-11-03,1083,5,2028.91,0.15,South
88749,2023-05-01,1257,1,2881.1,0.15,East
88750,2023-06-21,1387,2,715.56,0.15,West
88751,2023-05-07,1477,3,3391.52,0.0,North
88752,2023-03-09,1224,1,4185.94,0.2,North
88753,2023-03-16,1109,1,1216.12,0.1,East
88754,2023-05-23,1423,1,4922.12,0.2,West
88755,2023-08-29,1124,4,12317.6,0.1,North
88756,2023-04-26,1286,1,5595.47,0.15,East
88757,2023-06-06,1391,2,5280.74,0.2,South
88758,2023-04-09,1209,3,5878.13,0.05,North
88759,2023-02-06,1257,3,1928.68,0.1,East
88760,2023-02-06,1334,1,4285.14,0.1,West
88761,2023-02-25,1263,4,1417.6,0.1,South
88762,2023-12-04,1043,2,6594.7,0.1,East
88763,2023-09-27,1480,3,9095.11,0.2,East
88764,2023-11-09,1174,5,149.48,0.0,West
88765,2023-12-29,1026,2,2349.12,0.0,North
88766,2023-07-02,1422,1,5290.38,0.1,East
88767,2023-08-29,1447,5,4178.02,0.15,West
88768,2023-05-18,1190,5,3442.26,0.0,East
88769,2023-01-05,1482,4,4703.42,0.1,North
88770,2023-10-19,1155,1,3073.05,0.05,North
88771,2023-04-17,1276,1,7333.14,0.1,North
88772,2023-11-22,1304,3,381.12,0.15,South
88773,2023-02-20,1374,2,5161.85,0.15,North
88774,2023-11-29,1403,4,6160.52,0.1,North
88775,2023-10-29,1090,1,5897.78,0.1,West
88776,2023-09-30,1265,2,1638.63,0.05,East
88777,2023-02-20,1394,1,848.08,0.0,East
88778,2023-11-14,1206,1,1336.79,0.05,North
88779,2023-01-22,1114,1,8773.73,0.0,East
88780,2023-05-29,1330,1,6529.21,0.05,West
88781,2023-08-29,1383,1,9341.95,0.2,South
88782,2023-03-01,1339,3,2141.83,0.15,East
88783,2023-12-25,1406,1,886.81,0.0,North
88784,2023-05-09,1394,1,1342.75,0.1,South
88785,2023-03-03,1134,1,7982.01,0.15,South
88786,2023-10-06,1301,5,1936.64,0.2,South
88787,2023-03-21,1178,2,5737.79,0.2,South
88788,2023-02-04,1092,2,5224.15,0.05,West
88789,2023-04-05,1436,4,6721.81,0.15,East
88790,2023-11-30,1177,1,1217.25,0.05,West
88791,2023-03-10,1130,1,4712.43,0.0,West
88792,2023-05-20,1215,4,3240.03,0.05,East
88793,2023-09-11,1270,5,2555.92,0.2,South
88794,2023-07-18,1233,1,571.02,0.05,East
88795,2023-07-12,1150,2,950.31,0.1,South
88796,2023-07-16,1204,1,6064.68,0.1,West
88797,2023-12-09,1261,2,6530.8,0.1,North
88798,2023-03-04,1381,4,1237.0,0.15,East
88799,2023-12-22,1010,2,6220.76,0.0,West
88800,2023-01-08,1285,2,6717.18,0.2,West
88801,2023-06-02,1173,5,10388.32,0.05,West
88802,2023-05-10,1035,1,8778.65,0.1,West
88803,2023-11-02,1202,5,2308.12,0.2,South
88804,2023-07-28,1115,2,3156.31,0.05,West
88805,2023-12-02,1104,2,3595.2,0.15,West
88806,2023-12-26,1395,1,3953.49,0.0,West
88807,2023-06-28,1134,2,4405.71,0.2,North
88808,2023-10-24,1028,2,4746.02,0.2,South
88809,2023-05-01,1244,1,8648.54,0.0,South
88810,2023-05-02,1141,1,1331.88,0.1,South
88811,2023-07-17,1414,1,9868.64,0.0,North
88812,2023-03-09,1486,1,3736.34,0.05,East
88813,2023-01-03,1089,1,2158.21,0.0,South
88814,2023-02-27,1441,5,10085.86,0.2,West
88815,2023-12-16,1052,1,6984.97,0.15,South
88816,2023-08-21,1136,1,11312.81,0.15,East
88817,2023-06-01,1182,1,1225.0,0.15,North
88818,2023-03-25,1085,3,2007.67,0.0,East
88819,2023-09-06,1499,1,1002.84,0.15,East
88820,2023-07-27,1226,3,2079.06,0.05,East
88821,2023-01-20,1427,5,7672.56,0.1,North
88822,2023-12-27,1095,2,6094.59,0.15,North
88823,2023-06-16,1136,5,6216.59,0.0,East
88824,2023-07-08,1428,1,2377.99,0.0,South
88825,2023-11-01,1236,2,2203.3,0.0,North
88826,2023-08-11,1144,2,10182.14,0.1,South
88827,2023-12-18,1497,2,1845.91,0.05,North
88828,2023-07-19,1422,2,6417.97,0.05,South
88829,2023-09-20,1449,2,777.16,0.2,North
88830,2023-11-19,1059,5,1126.58,0.1,South
88831,2023-03-31,1031,1,5832.46,0.0,North
88832,2023-01-21,1184,1,1314.01,0.1,North
88833,2023-02-02,1339,3,2201.84,0.0,North
88834,2023-05-15,1129,5,7602.44,0.15,South
88835,2023-05-25,1118,3,4061.96,0.15,West
88836,2023-11-29,1219,4,7927.02,0.0,West
88837,2023-05-03,1440,3,1050.17,0.15,West
88838,2023-07-10,1396,1,375.04,0.1,East
88839,2023-05-27,1073,1,5087.55,0.05,West
88840,2023-07-02,1294,1,1849.64,0.15,West
88841,2023-01-30,1298,5,2174.85,0.1,West
88842,2023-03-27,1091,2,334.0,0.1,South
88843,2023-12-12,1063,2,11813.61,0.15,South
88844,2023-09-04,1346,5,6806.79,0.2,North
88845,2023-12-18,1366,5,2342.03,0.0,North
88846,2023-06-13,1416,3,7593.3,0.05,North
88847,2023-12-14,1127,1,5887.26,0.05,South
88848,2023-10-14,1297,3,3899.16,0.05,South
88849,2023-09-11,1386,1,3318.44,0.05,West
88850,2023-02-21,1291,5,6187.0,0.05,North
88851,2023-05-03,1228,1,6555.5,0.0,West
88852,2023-10-23,1236,2,1657.5,0.05,South
88853,2023-01-05,1002,2,235.41,0.15,West
88854,2023-03-18,1456,1,4881.12,0.1,North
88855,2023-07-10,1340,5,7560.6,0.15,North
88856,2023-10-23,1424,2,3731.19,0.05,West
88857,2023-09-27,1479,5,5551.41,0.1,East
88858,2023-06-18,1266,1,5889.56,0.15,West
88859,2023-05-21,1364,1,3732.29,0.1,West
88860,2023-01-29,1124,2,6662.3,0.15,East
88861,2023-03-09,1451,5,7850.93,0.1,North
88862,2023-04-25,1494,1,10935.8,0.2,South
88863,2023-08-20,1176,1,10407.59,0.05,North
88864,2023-01-12,1328,2,1119.7,0.1,South
88865,2023-06-25,1463,1,4883.25,0.15,West
88866,2023-07-02,1113,4,2636.34,0.15,North
88867,2023-01-13,1426,2,9950.28,0.2,North
88868,2023-04-06,1001,3,2675.69,0.2,East
88869,2023-12-06,1029,2,6490.11,0.05,West
88870,2023-01-01,1064,2,6466.86,0.2,North
88871,2023-09-07,1310,1,917.66,0.1,North
88872,2023-03-20,1062,2,5675.27,0.0,East
88873,2023-10-29,1464,1,3439.85,0.05,North
88874,2023-01-24,1315,2,5601.22,0.05,South
88875,2023-12-10,1357,1,8111.15,0.0,South
88876,2023-01-14,1032,5,8238.9,0.15,East
88877,2023-03-09,1256,2,5672.44,0.15,West
88878,2023-02-09,1245,5,2155.7,0.2,East
88879,2023-05-22,1079,1,5446.55,0.1,South
88880,2023-10-15,1484,1,7779.37,0.05,North
88881,2023-01-11,1160,2,4463.8,0.15,North
88882,2023-10-05,1378,4,980.28,0.0,South
88883,2023-11-08,1461,5,3083.65,0.0,North
88884,2023-04-11,1253,5,2706.52,0.2,North
88885,2023-01-04,1096,1,2641.73,0.2,North
88886,2023-12-06,1375,1,4676.06,0.15,South
88887,2023-02-21,1053,2,6171.68,0.0,North
88888,2023-02-04,1351,2,4728.64,0.05,East
88889,2023-11-07,1290,1,3059.48,0.05,West
88890,2023-10-27,1441,4,6964.73,0.1,South
88891,2023-01-05,1126,2,1954.99,0.1,North
88892,2023-02-28,1140,5,6297.3,0.15,South
88893,2023-05-04,1231,5,2392.33,0.1,West
88894,2023-04-08,1140,4,4030.1,0.15,South
88895,2023-09-13,1008,2,5966.42,0.15,North
88896,2023-09-09,1248,1,4431.93,0.2,West
88897,2023-02-28,1098,2,2536.4,0.1,North
88898,2023-08-14,1218,1,7583.1,0.2,East
88899,2023-05-04,1255,4,5536.8,0.2,South
88900,2023-03-21,1130,1,7010.48,0.2,South
88901,2023-08-27,1093,5,585.96,0.0,North
88902,2023-07-05,1129,1,6331.81,0.2,South
88903,2023-06-08,1339,3,1242.44,0.2,North
88904,2023-06-10,1266,1,4383.97,0.0,West
88905,2023-12-15,1226,2,2676.65,0.0,South
88906,2023-06-16,1317,3,5377.23,0.2,West
88907,2023-09-26,1138,2,2223.7,0.0,North
88908,2023-09-11,1380,3,6495.41,0.1,West
88909,2023-06-18,1254,1,242.97,0.2,South
88910,2023-02-13,1243,1,11963.17,0.2,South
88911,2023-04-19,1074,1,7952.5,0.05,North
88912,2023-11-04,1016,5,848.62,0.05,West
88913,2023-02-04,1164,2,2520.54,0.2,West
88914,2023-08-09,1189,3,4039.19,0.15,East
88915,2023-06-01,1402,1,9747.65,0.15,East
88916,2023-02-08,1039,2,3536.5,0.15,North
88917,2023-08-04,1466,5,2031.95,0.05,West
88918,2023-08-29,1211,2,12570.95,0.1,West
88919,2023-11-25,1111,1,1408.7,0.05,East
88920,2023-09-02,1207,2,2350.38,0.2,South
88921,2023-06-15,1050,2,3635.2,0.2,West
88922,2023-07-04,1265,1,1435.88,0.15,West
88923,2023-04-14,1349,1,282.32,0.2,East
88924,2023-08-11,1120,1,8430.85,0.05,East
88925,2023-02-06,1477,1,4485.65,0.1,North
88926,2023-01-13,1280,1,3184.17,0.15,West
88927,2023-04-20,1439,2,5145.0,0.2,North
88928,2023-12-06,1200,5,7686.05,0.1,South
88929,2023-10-14,1048,2,4048.5,0.15,North
88930,2023-04-27,1252,3,227.36,0.0,North
88931,2023-06-05,1181,2,3392.56,0.15,West
88932,2023-12-27,1165,4,7406.48,0.05,East
88933,2023-06-18,1010,4,11869.77,0.2,North
88934,2023-04-16,1265,1,1928.95,0.0,East
88935,2023-10-25,1060,1,8281.32,0.2,North
88936,2023-12-16,1419,5,8738.73,0.15,North
88937,2023-03-27,1024,2,6287.07,0.1,West
88938,2023-12-17,1024,5,7156.65,0.15,South
88939,2023-03-12,1114,1,3948.21,0.05,East
88940,2023-08-02,1122,3,6178.5,0.15,West
88941,2023-05-25,1117,1,7356.28,0.2,North
88942,2023-12-08,1084,2,493.21,0.1,North
88943,2023-03-04,1426,3,8976.91,0.0,East
88944,2023-09-30,1177,1,1883.64,0.2,East
88945,2023-08-01,1338,2,3084.62,0.1,South
88946,2023-08-25,1473,2,3429.46,0.1,East
88947,2023-07-04,1167,3,1575.47,0.2,East
88948,2023-06-13,1027,1,915.17,0.1,East
88949,2023-05-10,1045,5,6615.17,0.05,North
88950,2023-03-05,1496,4,6975.52,0.15,South
88951,2023-04-20,1047,2,1434.57,0.05,North
88952,2023-12-26,1131,5,10411.34,0.05,South
88953,2023-03-20,1184,1,1202.78,0.15,South
88954,2023-02-12,1197,1,2541.17,0.1,West
88955,2023-11-19,1493,1,4375.23,0.2,North
88956,2023-10-25,1191,5,1258.08,0.2,South
88957,2023-10-19,1246,2,3281.44,0.15,East
88958,2023-08-15,1161,5,3664.99,0.0,North
88959,2023-01-24,1103,1,331.25,0.15,East
88960,2023-01-04,1046,4,1197.28,0.15,West
88961,2023-10-22,1224,1,4239.9,0.0,North
88962,2023-05-24,1151,5,1494.59,0.2,West
88963,2023-02-26,1267,1,1034.52,0.2,East
88964,2023-02-07,1002,1,149.6,0.15,South
88965,2023-05-26,1125,1,9024.02,0.1,North
88966,2023-07-05,1160,1,3933.4,0.2,North
88967,2023-03-05,1157,1,5920.14,0.05,West
88968,2023-02-05,1187,1,4804.43,0.2,South
88969,2023-07-11,1107,1,4831.77,0.1,North
88970,2023-07-11,1258,5,231.06,0.05,South
88971,2023-12-08,1276,1,13404.14,0.1,West
88972,2023-08-28,1180,2,9471.52,0.05,West
88973,2023-01-22,1109,2,1104.57,0.15,South
88974,2023-07-09,1339,2,2506.91,0.05,East
88975,2023-10-19,1194,3,5483.84,0.1,South
88976,2023-07-19,1443,1,10754.63,0.0,South
88977,2023-02-04,1021,4,5736.56,0.2,North
88978,2023-02-06,1476,1,4088.64,0.15,North
88979,2023-01-28,1093,3,789.84,0.2,East
88980,2023-09-06,1458,1,1457.57,0.0,North
88981,2023-01-29,1494,3,6197.59,0.2,West
88982,2023-05-09,1051,5,8275.74,0.05,South
88983,2023-03-20,1422,3,9970.9,0.0,East
88984,2023-03-25,1480,1,4219.94,0.15,West
88985,2023-05-03,1429,3,6276.44,0.0,West
88986,2023-03-29,1380,3,3202.08,0.15,West
88987,2023-12-03,1235,3,8386.3,0.0,West
88988,2023-04-20,1329,5,584.33,0.2,East
88989,2023-01-26,1236,1,1260.95,0.0,West
88990,2023-08-30,1346,1,5713.89,0.2,East
88991,2023-11-08,1176,1,4341.8,0.15,West
88992,2023-05-28,1113,5,1957.48,0.05,West
88993,2023-04-07,1406,2,861.48,0.0,North
88994,2023-08-16,1073,2,11168.26,0.15,South
88995,2023-10-02,1243,1,10614.63,0.05,East
88996,2023-09-02,1278,2,2648.43,0.2,North
88997,2023-11-17,1318,2,8611.06,0.2,South
88998,2023-03-01,1178,1,4441.38,0.15,North
88999,2023-09-16,1121,2,5343.49,0.05,South
89000,2023-12-02,1446,2,7530.25,0.15,West
89001,2023-09-25,1278,2,2512.42,0.15,South
89002,2023-12-17,1097,4,5760.55,0.0,South
89003,2023-06-30,1458,5,2570.59,0.2,East
89004,2023-04-13,1197,3,1995.46,0.0,East
89005,2023-05-11,1193,5,170.49,0.1,South
89006,2023-07-21,1105,4,9674.82,0.1,East
89007,2023-07-20,1201,1,2866.3,0.0,West
89008,2023-06-23,1351,2,8592.58,0.15,West
89009,2023-06-14,1367,4,6597.9,0.05,South
89010,2023-10-25,1229,1,696.61,0.15,West
89011,2023-03-08,1366,4,5216.04,0.0,West
89012,2023-03-19,1393,5,3686.4,0.0,West
89013,2023-07-14,1496,5,12147.5,0.2,North
89014,2023-09-20,1170,3,1514.67,0.2,West
89015,2023-12-06,1068,1,4804.23,0.2,West
89016,2023-05-16,1165,3,8877.5,0.2,South
89017,2023-01-05,1065,2,938.37,0.2,West
89018,2023-07-05,1126,4,2417.05,0.1,South
89019,2023-08-17,1223,2,3647.4,0.05,East
89020,2023-10-25,1293,2,1595.98,0.1,West
89021,2023-09-28,1407,1,1171.76,0.2,West
89022,2023-05-20,1044,3,4825.17,0.05,North
89023,2023-11-25,1252,1,197.73,0.15,North
89024,2023-10-02,1146,1,4968.12,0.15,East
89025,2023-01-12,1279,5,8434.81,0.05,East
89026,2023-05-26,1372,3,2096.17,0.0,West
89027,2023-09-24,1415,4,1665.65,0.0,East
89028,2023-06-20,1023,5,5221.69,0.05,East
89029,2023-08-13,1337,2,1799.05,0.15,East
89030,2023-04-30,1419,4,4565.45,0.1,East
89031,2023-10-09,1448,4,6098.2,0.2,East
89032,2023-03-07,1087,5,2630.74,0.0,South
89033,2023-06-26,1233,4,960.64,0.1,South
89034,2023-11-22,1495,1,8047.1,0.05,South
89035,2023-05-31,1338,2,4239.31,0.15,South
89036,2023-10-01,1115,4,3933.08,0.1,North
89037,2023-03-18,1295,3,1554.88,0.05,South
89038,2023-01-03,1077,1,5070.97,0.05,North
89039,2023-01-30,1447,1,3123.64,0.05,South
89040,2023-02-07,1160,5,5172.08,0.1,North
89041,2023-12-08,1400,1,4850.91,0.15,West
89042,2023-12-09,1197,1,1685.94,0.1,East
89043,2023-09-25,1266,5,5788.0,0.05,North
89044,2023-10-19,1004,1,1974.58,0.15,West
89045,2023-01-27,1404,2,2561.06,0.05,East
89046,2023-08-04,1422,2,8014.68,0.0,West
89047,2023-04-21,1283,2,6162.63,0.05,West
89048,2023-09-25,1316,4,1671.54,0.2,West
89049,2023-05-21,1329,5,260.43,0.15,South
89050,2023-03-28,1305,1,5049.95,0.1,East
89051,2023-05-28,1241,2,727.28,0.05,North
89052,2023-11-20,1479,1,5021.94,0.2,West
89053,2023-08-14,1480,4,5006.61,0.05,South
89054,2023-05-03,1104,1,3622.89,0.1,West
89055,2023-12-01,1118,1,2798.16,0.05,South
89056,2023-12-21,1471,2,9896.27,0.0,North
89057,2023-08-29,1400,5,4539.79,0.2,West
89058,2023-05-05,1309,2,2000.94,0.05,North
89059,2023-03-02,1358,3,7323.61,0.15,South
89060,2023-04-16,1040,2,3527.19,0.1,East
89061,2023-12-27,1144,1,9900.27,0.1,East
89062,2023-01-16,1278,1,1961.25,0.2,West
89063,2023-09-16,1144,2,7579.23,0.1,West
89064,2023-08-22,1218,5,6365.65,0.15,West
89065,2023-03-29,1345,3,3491.64,0.2,South
89066,2023-02-23,1420,2,2805.73,0.2,North
89067,2023-10-01,1118,2,1736.59,0.2,North
89068,2023-02-02,1350,4,6951.53,0.1,South
89069,2023-12-06,1263,2,2232.09,0.2,South
89070,2023-09-23,1275,1,4963.52,0.05,South
89071,2023-11-02,1124,1,5982.78,0.15,South
89072,2023-10-23,1420,2,2702.84,0.05,North
89073,2023-06-14,1034,3,1951.41,0.05,South
89074,2023-02-10,1381,1,1073.74,0.1,East
89075,2023-03-02,1243,3,5390.0,0.15,East
89076,2023-07-23,1034,2,3058.5,0.0,South
89077,2023-05-17,1343,2,180.29,0.15,East
89078,2023-08-21,1268,1,4385.28,0.2,West
89079,2023-05-27,1457,4,7227.74,0.0,East
89080,2023-05-30,1399,4,3829.13,0.05,West
89081,2023-03-11,1026,2,1767.23,0.2,North
89082,2023-01-20,1276,2,11696.16,0.05,South
89083,2023-12-04,1413,1,1153.3,0.1,South
89084,2023-05-20,1275,3,4840.8,0.1,South
89085,2023-02-08,1154,3,1672.03,0.05,East
89086,2023-01-30,1320,2,7010.56,0.2,West
89087,2023-07-02,1435,2,6592.67,0.15,West
89088,2023-07-12,1209,3,3855.96,0.05,North
89089,2023-09-30,1278,1,2378.2,0.0,West
89090,2023-11-18,1443,2,8988.75,0.0,South
89091,2023-01-20,1435,2,6917.33,0.05,South
89092,2023-03-26,1352,2,7169.89,0.05,South
89093,2023-02-10,1431,5,2805.71,0.1,East
89094,2023-03-21,1221,4,5058.54,0.1,West
89095,2023-08-24,1224,1,2603.11,0.05,South
89096,2023-07-30,1327,5,4510.42,0.15,North
89097,2023-07-04,1095,1,9755.85,0.2,North
89098,2023-10-17,1202,1,2296.84,0.1,South
89099,2023-06-11,1277,2,6874.84,0.05,West
89100,2023-06-13,1452,1,2908.15,0.2,North
89101,2023-09-04,1397,2,289.6,0.2,South
89102,2023-03-06,1108,4,1850.15,0.05,North
89103,2023-01-29,1102,1,8951.38,0.1,North
89104,2023-04-05,1203,2,3439.91,0.1,South
89105,2023-11-20,1443,2,6105.45,0.1,North
89106,2023-06-14,1411,1,969.93,0.15,North
89107,2023-08-02,1032,4,7602.86,0.1,East
89108,2023-07-13,1245,1,3310.8,0.2,South
89109,2023-05-03,1438,1,7375.62,0.1,North
89110,2023-02-20,1496,1,9777.43,0.1,East
89111,2023-12-15,1211,1,4519.98,0.0,West
89112,2023-07-16,1058,2,3116.37,0.15,North
89113,2023-09-16,1364,3,3880.66,0.05,South
89114,2023-11-04,1323,4,1104.5,0.1,North
89115,2023-09-23,1210,1,12071.91,0.2,West
89116,2023-09-23,1409,1,7689.34,0.15,East
89117,2023-06-17,1137,2,981.44,0.0,East
89118,2023-03-26,1354,5,359.53,0.0,East
89119,2023-10-24,1091,2,266.21,0.2,East
89120,2023-01-20,1066,5,331.83,0.2,East
89121,2023-07-13,1487,3,1052.89,0.05,South
89122,2023-03-27,1214,2,4179.96,0.1,South
89123,2023-12-06,1326,3,8454.22,0.15,North
89124,2023-04-17,1404,1,2775.54,0.0,North
89125,2023-12-28,1201,2,2117.75,0.0,East
89126,2023-02-17,1144,1,9037.38,0.0,North
89127,2023-12-04,1496,1,6281.57,0.2,West
89128,2023-04-24,1439,3,7187.81,0.05,East
89129,2023-03-06,1306,3,802.36,0.05,West
89130,2023-08-21,1221,2,5693.89,0.05,West
89131,2023-11-18,1486,1,4184.62,0.15,East
89132,2023-12-16,1451,2,8370.36,0.15,South
89133,2023-06-08,1424,1,4848.7,0.1,North
89134,2023-12-09,1115,2,2672.12,0.1,West
89135,2023-07-20,1369,1,681.4,0.1,East
89136,2023-05-08,1197,2,1861.22,0.05,West
89137,2023-04-23,1146,2,2552.47,0.0,North
89138,2023-01-11,1188,3,7985.67,0.1,North
89139,2023-11-09,1119,4,1471.36,0.2,West
89140,2023-03-15,1186,5,180.57,0.2,West
89141,2023-11-07,1110,1,4856.12,0.15,West
89142,2023-01-05,1081,5,10614.61,0.05,East
89143,2023-10-24,1272,1,7677.44,0.2,South
89144,2023-05-02,1087,1,2601.72,0.0,West
89145,2023-07-12,1168,2,920.15,0.1,North
89146,2023-05-12,1399,3,3238.85,0.15,North
89147,2023-07-08,1148,1,1820.96,0.0,North
89148,2023-10-10,1239,3,385.26,0.15,North
89149,2023-05-07,1298,4,2535.04,0.2,South
89150,2023-05-24,1418,2,1521.88,0.2,North
89151,2023-06-19,1477,2,2762.61,0.0,South
89152,2023-05-29,1200,3,6777.06,0.0,West
89153,2023-09-16,1456,1,6356.04,0.0,South
89154,2023-11-02,1147,3,9328.38,0.1,East
89155,2023-11-17,1226,2,2018.2,0.0,West
89156,2023-10-02,1497,1,2727.41,0.1,South
89157,2023-03-24,1060,5,6256.05,0.0,West
89158,2023-02-04,1464,3,1235.61,0.15,West
89159,2023-03-25,1379,3,1188.28,0.2,North
89160,2023-05-18,1221,4,3037.85,0.0,South
89161,2023-05-17,1445,5,10723.1,0.05,North
89162,2023-04-02,1360,1,5000.7,0.15,South
89163,2023-02-21,1157,1,7169.4,0.05,West
89164,2023-11-25,1341,2,9088.6,0.15,East
89165,2023-06-08,1060,3,11471.51,0.05,East
89166,2023-12-13,1436,1,10257.71,0.05,North
89167,2023-02-14,1352,5,10943.28,0.0,North
89168,2023-04-29,1305,2,6195.87,0.2,East
89169,2023-02-10,1067,2,2447.83,0.15,West
89170,2023-09-02,1268,2,5095.18,0.05,North
89171,2023-08-17,1184,2,1479.39,0.0,West
89172,2023-06-06,1206,3,2903.25,0.1,North
89173,2023-07-08,1150,1,560.29,0.1,North
89174,2023-12-07,1390,5,3879.25,0.2,South
89175,2023-04-25,1212,4,6124.55,0.15,North
89176,2023-10-04,1472,4,387.95,0.2,South
89177,2023-07-14,1323,1,937.44,0.0,East
89178,2023-04-13,1142,4,3848.71,0.2,East
89179,2023-09-26,1185,5,2761.42,0.2,East
89180,2023-04-13,1129,1,8064.25,0.15,West
89181,2023-08-19,1028,3,6960.31,0.15,East
89182,2023-01-21,1493,1,5050.99,0.0,West
89183,2023-03-17,1289,1,5051.67,0.1,North
89184,2023-04-26,1478,2,2001.97,0.1,North
89185,2023-07-12,1312,3,7973.56,0.15,West
89186,2023-05-21,1465,3,9587.72,0.05,South
89187,2023-03-23,1031,1,6968.23,0.15,South
89188,2023-05-17,1092,1,11353.68,0.1,West
89189,2023-11-12,1294,5,4206.99,0.1,East
89190,2023-09-13,1038,1,6658.52,0.15,West
89191,2023-02-11,1060,1,7350.63,0.2,West
89192,2023-09-13,1365,3,3159.36,0.05,North
89193,2023-09-23,1448,4,3563.71,0.15,South
89194,2023-11-14,1426,1,4562.91,0.1,West
89195,2023-12-15,1098,5,3967.14,0.0,North
89196,2023-11-04,1477,2,3463.46,0.1,East
89197,2023-11-08,1487,2,1533.18,0.0,South
89198,2023-04-20,1472,2,202.7,0.0,North
89199,2023-08-17,1271,3,10503.84,0.15,North
89200,2023-02-06,1333,5,4660.83,0.2,East
89201,2023-12-18,1325,1,5306.48,0.0,North
89202,2023-08-30,1126,5,3314.67,0.1,East
89203,2023-06-07,1085,4,1872.0,0.05,North
89204,2023-10-22,1186,3,331.47,0.05,South
89205,2023-07-30,1026,1,1305.38,0.2,South
89206,2023-01-01,1327,5,3482.94,0.15,East
89207,2023-06-19,1153,1,8021.76,0.15,West
89208,2023-06-15,1402,1,7606.21,0.0,West
89209,2023-02-27,1216,4,9157.19,0.2,West
89210,2023-05-28,1078,3,4433.24,0.05,North
89211,2023-05-09,1405,2,5146.91,0.2,North
89212,2023-09-12,1412,2,1221.58,0.15,North
89213,2023-01-17,1495,2,8797.78,0.15,East
89214,2023-03-10,1093,3,510.4,0.05,West
89215,2023-06-17,1123,3,5767.5,0.0,West
89216,2023-03-22,1385,2,678.93,0.0,South
89217,2023-06-01,1035,3,8696.22,0.1,South
89218,2023-03-27,1143,3,7374.92,0.1,North
89219,2023-10-24,1232,2,3437.61,0.0,North
89220,2023-07-21,1086,1,6833.34,0.15,South
89221,2023-07-08,1469,3,8941.77,0.05,South
89222,2023-04-17,1158,2,4848.54,0.1,North
89223,2023-02-25,1232,1,5198.25,0.0,West
89224,2023-11-17,1270,1,1306.75,0.2,North
89225,2023-07-31,1043,3,3936.41,0.15,West
89226,2023-04-13,1178,2,4411.4,0.2,East
89227,2023-09-24,1155,3,2075.75,0.0,West
89228,2023-03-26,1350,2,4385.44,0.1,East
89229,2023-07-06,1400,2,4815.19,0.05,North
89230,2023-07-25,1280,5,3744.74,0.05,South
89231,2023-07-13,1329,2,486.65,0.2,East
89232,2023-08-02,1263,1,1213.0,0.15,East
89233,2023-07-22,1413,2,939.62,0.05,South
89234,2023-02-10,1135,1,1919.71,0.2,West
89235,2023-04-17,1030,4,10959.95,0.0,East
89236,2023-03-12,1342,5,7795.21,0.1,East
89237,2023-03-09,1249,1,1688.96,0.1,West
89238,2023-12-13,1211,2,6331.22,0.2,East
89239,2023-12-15,1392,1,683.31,0.05,North
89240,2023-04-03,1148,2,2107.5,0.15,North
89241,2023-01-18,1312,3,8646.28,0.1,North
89242,2023-09-16,1042,1,122.98,0.0,North
89243,2023-12-14,1036,3,2229.4,0.05,South
89244,2023-07-29,1166,5,8563.75,0.15,East
89245,2023-08-19,1145,2,9468.12,0.0,South
89246,2023-01-21,1474,1,10481.67,0.15,South
89247,2023-03-02,1236,4,1716.65,0.0,South
89248,2023-07-21,1070,5,2821.6,0.0,East
89249,2023-04-09,1004,4,1575.73,0.2,North
89250,2023-09-19,1103,4,308.57,0.05,West
89251,2023-11-14,1030,2,11380.32,0.15,South
89252,2023-08-03,1342,5,4027.21,0.1,South
89253,2023-02-23,1391,2,8156.39,0.2,South
89254,2023-07-08,1190,5,2830.27,0.1,North
89255,2023-02-26,1062,2,7367.69,0.15,South
89256,2023-03-19,1144,1,9411.38,0.0,North
89257,2023-08-08,1338,5,8093.23,0.05,North
89258,2023-04-28,1338,4,3851.23,0.1,North
89259,2023-11-27,1033,2,8932.51,0.15,South
89260,2023-05-21,1222,1,239.18,0.1,South
89261,2023-04-12,1141,2,2082.44,0.1,South
89262,2023-08-08,1114,2,5172.9,0.15,West
89263,2023-02-06,1375,4,7244.6,0.2,West
89264,2023-10-09,1388,4,6855.15,0.2,South
89265,2023-01-08,1007,1,3156.51,0.05,North
89266,2023-02-07,1102,1,7905.04,0.1,West
89267,2023-11-18,1234,4,7733.84,0.05,West
89268,2023-11-03,1174,3,132.98,0.1,North
89269,2023-09-26,1201,1,3700.04,0.15,West
89270,2023-11-15,1088,2,6926.03,0.0,East
89271,2023-03-27,1350,1,5578.8,0.1,North
89272,2023-04-03,1162,1,3719.95,0.0,East
89273,2023-11-19,1244,1,6928.94,0.0,West
89274,2023-07-16,1257,2,1248.59,0.2,East
89275,2023-04-13,1438,5,6085.57,0.0,East
89276,2023-11-28,1142,2,3883.53,0.0,East
89277,2023-08-26,1036,2,3942.81,0.05,West
89278,2023-07-19,1379,2,1165.73,0.05,North
89279,2023-07-28,1374,1,3670.29,0.05,East
89280,2023-07-28,1254,1,236.86,0.2,West
89281,2023-06-30,1118,4,3924.21,0.15,West
89282,2023-03-15,1260,5,3330.74,0.15,West
89283,2023-11-19,1225,1,1232.07,0.1,East
89284,2023-05-08,1060,1,9686.68,0.15,South
89285,2023-08-13,1345,3,4214.49,0.0,East
89286,2023-03-22,1117,5,6749.98,0.05,West
89287,2023-03-08,1411,1,523.11,0.0,East
89288,2023-03-06,1188,1,6204.82,0.0,North
89289,2023-12-20,1311,3,2706.44,0.1,West
89290,2023-02-12,1228,4,6670.15,0.2,East
89291,2023-01-27,1239,2,310.96,0.2,West
89292,2023-01-21,1034,2,3471.76,0.15,South
89293,2023-05-24,1471,1,10448.04,0.15,West
89294,2023-07-05,1176,4,11366.93,0.05,North
89295,2023-11-22,1307,3,3350.69,0.05,West
89296,2023-09-10,1096,3,3630.06,0.1,West
89297,2023-05-16,1037,2,5886.28,0.15,East
89298,2023-07-12,1491,1,11059.25,0.05,South
89299,2023-05-24,1392,2,626.12,0.05,North
89300,2023-01-08,1280,1,3391.18,0.2,South
89301,2023-11-17,1479,1,5587.77,0.0,North
89302,2023-01-01,1357,4,9751.16,0.1,East
89303,2023-04-09,1221,1,4212.8,0.0,West
89304,2023-02-28,1217,1,6156.99,0.05,East
89305,2023-08-15,1164,1,2231.26,0.0,South
89306,2023-03-16,1406,4,1106.74,0.05,South
89307,2023-07-12,1025,5,4591.75,0.2,North
89308,2023-07-28,1390,4,4623.4,0.15,North
89309,2023-11-19,1496,2,9186.18,0.2,East
89310,2023-08-19,1204,1,5002.24,0.0,West
89311,2023-10-06,1425,5,1968.07,0.2,South
89312,2023-05-21,1443,2,8436.5,0.1,West
89313,2023-01-01,1025,4,4220.88,0.15,West
89314,2023-11-16,1487,2,1046.08,0.0,East
89315,2023-04-04,1160,3,9904.82,0.1,East
89316,2023-02-16,1272,4,5858.71,0.0,West
89317,2023-09-14,1362,1,5371.01,0.0,East
89318,2023-10-27,1261,1,3391.31,0.2,West
89319,2023-05-10,1360,2,5584.17,0.0,North
89320,2023-01-06,1235,1,9636.33,0.0,East
89321,2023-03-24,1408,2,5726.09,0.1,East
89322,2023-10-18,1378,5,1397.1,0.2,North
89323,2023-06-23,1070,1,1826.52,0.05,East
89324,2023-11-15,1297,4,9876.18,0.2,East
89325,2023-09-23,1405,2,5284.97,0.1,North
89326,2023-08-17,1020,3,4643.03,0.2,South
89327,2023-06-26,1075,3,176.35,0.2,South
89328,2023-04-25,1287,3,3204.86,0.15,South
89329,2023-10-28,1162,2,8215.84,0.2,East
89330,2023-12-30,1144,2,5741.16,0.05,West
89331,2023-12-07,1178,5,5099.51,0.1,North
89332,2023-04-23,1140,1,5237.72,0.2,West
89333,2023-12-24,1309,5,1745.19,0.05,South
89334,2023-11-26,1424,4,3374.56,0.15,South
89335,2023-11-07,1037,1,6352.52,0.05,South
89336,2023-06-24,1393,1,6693.14,0.1,East
89337,2023-09-26,1208,2,4195.05,0.1,South
89338,2023-03-25,1500,2,643.88,0.05,South
89339,2023-11-17,1387,1,927.51,0.2,East
89340,2023-02-17,1154,2,1372.34,0.1,South
89341,2023-05-26,1286,4,7914.86,0.1,South
89342,2023-06-29,1304,2,443.62,0.05,South
89343,2023-05-31,1052,1,4292.25,0.05,North
89344,2023-08-16,1136,1,6452.66,0.2,North
89345,2023-05-05,1356,1,4342.09,0.1,South
89346,2023-08-27,1264,2,6075.48,0.15,East
89347,2023-09-10,1018,3,1076.29,0.15,North
89348,2023-02-07,1245,1,2082.66,0.15,East
89349,2023-06-26,1087,1,2083.98,0.15,North
89350,2023-03-05,1134,1,6957.2,0.0,West
89351,2023-12-04,1106,4,6010.34,0.2,North
89352,2023-10-21,1345,1,4535.0,0.15,East
89353,2023-05-07,1167,2,1877.46,0.2,West
89354,2023-03-23,1057,1,2467.2,0.15,West
89355,2023-06-06,1330,4,3361.26,0.15,West
89356,2023-09-01,1238,4,2953.31,0.1,South
89357,2023-06-26,1493,3,6209.63,0.05,South
89358,2023-03-09,1476,5,8318.66,0.15,East
89359,2023-12-19,1346,3,8370.62,0.0,East
89360,2023-08-12,1352,2,11192.37,0.2,East
89361,2023-05-06,1313,1,13919.03,0.0,South
89362,2023-02-16,1294,2,3548.29,0.15,North
89363,2023-04-22,1109,2,852.06,0.0,East
89364,2023-10-08,1157,1,3874.56,0.2,West
89365,2023-12-07,1355,3,4132.33,0.2,South
89366,2023-05-12,1456,5,7662.04,0.2,East
89367,2023-06-16,1327,1,7535.78,0.2,North
89368,2023-08-31,1342,1,4285.72,0.2,West
89369,2023-04-06,1443,2,4576.1,0.0,North
89370,2023-03-12,1072,4,4760.26,0.0,South
89371,2023-02-14,1004,2,2691.05,0.15,East
89372,2023-06-22,1429,4,8293.58,0.1,North
89373,2023-07-23,1080,1,5789.01,0.15,South
89374,2023-06-09,1151,5,1307.11,0.2,East
89375,2023-03-08,1488,2,8384.42,0.05,East
89376,2023-07-20,1319,1,3400.87,0.2,South
89377,2023-12-20,1175,2,1646.62,0.0,North
89378,2023-12-23,1108,1,2574.71,0.15,North
89379,2023-08-22,1080,2,5805.47,0.1,West
89380,2023-01-22,1130,1,5444.15,0.2,West
89381,2023-02-03,1048,3,3170.35,0.2,West
89382,2023-03-26,1027,4,880.54,0.0,South
89383,2023-11-02,1378,4,1305.76,0.0,South
89384,2023-08-16,1492,5,4662.21,0.15,South
89385,2023-12-14,1422,1,8199.32,0.1,South
89386,2023-08-08,1269,2,5732.88,0.0,South
89387,2023-10-08,1248,5,5380.26,0.2,East
89388,2023-12-17,1286,1,11617.51,0.2,East
89389,2023-09-28,1429,2,7109.65,0.05,West
89390,2023-06-10,1312,1,9359.29,0.1,South
89391,2023-08-09,1270,4,2746.99,0.1,South
89392,2023-07-28,1301,4,1024.47,0.05,North
89393,2023-08-21,1160,1,5294.67,0.05,East
89394,2023-11-23,1461,5,3663.79,0.1,North
89395,2023-05-03,1350,4,5739.47,0.05,West
89396,2023-02-01,1010,5,12309.24,0.1,East
89397,2023-04-06,1174,4,116.65,0.2,East
89398,2023-05-24,1148,1,2999.97,0.0,South
89399,2023-08-28,1301,4,885.29,0.2,West
89400,2023-09-06,1332,1,1988.0,0.15,North
89401,2023-07-21,1199,1,1003.3,0.0,South
89402,2023-01-04,1016,1,666.45,0.0,West
89403,2023-01-09,1326,1,7621.43,0.1,East
89404,2023-07-22,1213,1,1319.76,0.05,South
89405,2023-11-21,1089,4,1859.28,0.2,North
89406,2023-05-27,1374,5,3661.42,0.1,West
89407,2023-06-15,1423,2,5553.07,0.05,East
89408,2023-02-28,1392,1,643.59,0.1,East
89409,2023-04-02,1251,2,1975.32,0.05,East
89410,2023-11-13,1461,1,3528.16,0.2,East
89411,2023-01-21,1012,2,3075.16,0.15,East
89412,2023-11-22,1112,3,3392.17,0.0,East
89413,2023-12-21,1356,3,4589.77,0.05,West
89414,2023-06-29,1325,1,8384.98,0.0,West
89415,2023-06-25,1236,1,2011.51,0.15,South
89416,2023-08-14,1259,1,3498.7,0.1,South
89417,2023-06-16,1272,1,7955.58,0.05,East
89418,2023-07-22,1165,2,6591.25,0.0,South
89419,2023-12-14,1367,5,7152.04,0.0,South
89420,2023-07-07,1216,2,8364.06,0.0,West
89421,2023-11-14,1365,1,5340.16,0.1,West
89422,2023-02-03,1251,3,1354.08,0.0,South
89423,2023-07-22,1180,1,6733.3,0.15,South
89424,2023-08-04,1199,3,1513.09,0.1,North
89425,2023-05-12,1143,3,6238.68,0.15,North
89426,2023-03-01,1204,1,2989.58,0.2,South
89427,2023-04-13,1310,2,474.14,0.0,South
89428,2023-05-12,1068,2,7984.19,0.2,West
89429,2023-06-23,1431,3,4074.8,0.1,West
89430,2023-03-01,1474,3,7670.74,0.0,East
89431,2023-09-07,1144,1,9905.5,0.0,South
89432,2023-04-19,1299,1,5450.14,0.0,West
89433,2023-06-09,1262,2,908.91,0.05,East
89434,2023-02-10,1471,2,9618.61,0.2,West
89435,2023-09-04,1384,1,7425.55,0.15,East
89436,2023-01-24,1071,4,4802.54,0.05,North
89437,2023-06-06,1406,5,1418.79,0.2,East
89438,2023-03-13,1164,2,2121.47,0.2,West
89439,2023-06-27,1149,5,6437.16,0.0,East
89440,2023-09-29,1267,1,805.2,0.2,West
89441,2023-08-31,1093,1,501.76,0.1,South
89442,2023-09-14,1470,1,2366.66,0.15,East
89443,2023-03-23,1493,2,7199.18,0.2,South
89444,2023-06-16,1059,1,720.36,0.1,North
89445,2023-09-26,1013,2,3669.09,0.0,West
89446,2023-08-28,1485,2,1160.55,0.15,North
89447,2023-04-25,1435,3,3921.7,0.0,West
89448,2023-10-27,1369,1,693.7,0.1,South
89449,2023-01-17,1016,1,451.45,0.15,South
89450,2023-11-16,1398,1,4413.12,0.1,West
89451,2023-10-30,1443,1,9944.27,0.2,East
89452,2023-05-16,1269,1,7785.22,0.2,South
89453,2023-06-27,1479,2,4385.49,0.0,North
89454,2023-10-23,1034,2,4221.76,0.0,North
89455,2023-07-04,1019,2,3621.41,0.2,East
89456,2023-02-18,1335,3,1331.61,0.05,West
89457,2023-04-09,1340,2,8209.18,0.15,West
89458,2023-08-14,1042,1,104.02,0.0,West
89459,2023-03-12,1292,5,5199.27,0.1,North
89460,2023-08-13,1430,1,1829.22,0.15,West
89461,2023-01-27,1407,4,993.37,0.1,East
89462,2023-12-13,1326,3,11304.78,0.1,South
89463,2023-07-11,1078,3,5123.95,0.15,West
89464,2023-03-09,1231,4,2086.31,0.0,South
89465,2023-08-12,1442,1,1577.82,0.2,North
89466,2023-09-29,1349,3,204.67,0.15,East
89467,2023-09-20,1268,2,4312.18,0.1,West
89468,2023-02-04,1243,1,6709.75,0.15,South
89469,2023-10-19,1101,4,6541.55,0.15,East
89470,2023-04-06,1271,1,4943.22,0.2,West
89471,2023-04-23,1091,5,427.89,0.15,North
89472,2023-03-31,1182,2,2942.86,0.1,East
89473,2023-10-19,1442,1,1601.84,0.05,South
89474,2023-01-17,1141,1,2367.07,0.1,South
89475,2023-02-02,1375,3,8444.48,0.1,South
89476,2023-03-09,1097,4,3584.61,0.05,West
89477,2023-01-22,1152,2,5074.09,0.05,North
89478,2023-12-11,1292,2,4095.48,0.0,East
89479,2023-11-13,1261,2,3948.56,0.2,North
89480,2023-12-20,1127,4,8301.8,0.05,West
89481,2023-11-18,1322,1,4361.75,0.0,North
89482,2023-02-26,1360,1,5462.65,0.15,South
89483,2023-09-16,1477,2,1828.44,0.05,South
89484,2023-12-05,1118,1,2836.09,0.0,North
89485,2023-07-21,1275,5,8172.47,0.05,West
89486,2023-08-16,1416,2,8341.82,0.0,West
89487,2023-11-27,1009,5,5022.78,0.1,South
89488,2023-08-25,1023,1,3712.62,0.2,North
89489,2023-06-15,1222,1,261.96,0.15,West
89490,2023-09-15,1181,1,3161.86,0.0,East
89491,2023-09-20,1276,5,5322.4,0.1,South
89492,2023-10-02,1107,1,6793.27,0.1,West
89493,2023-11-28,1490,2,7493.44,0.0,South
89494,2023-07-07,1309,1,2935.87,0.15,North
89495,2023-08-05,1386,1,1971.41,0.05,North
89496,2023-10-04,1275,3,5643.46,0.0,North
89497,2023-03-09,1251,3,2023.84,0.1,East
89498,2023-01-09,1105,5,10164.79,0.2,North
89499,2023-03-16,1087,5,1468.6,0.15,North
89500,2023-09-30,1284,3,8616.37,0.0,East
89501,2023-01-07,1212,1,6167.69,0.0,North
89502,2023-03-21,1395,1,4697.66,0.05,North
89503,2023-03-22,1349,3,311.92,0.2,East
89504,2023-03-16,1449,1,678.7,0.2,South
89505,2023-10-28,1042,3,102.88,0.1,North
89506,2023-11-15,1293,5,3477.4,0.05,East
89507,2023-04-13,1097,4,7562.07,0.1,East
89508,2023-07-20,1247,2,3724.19,0.1,North
89509,2023-01-12,1140,2,5094.8,0.1,West
89510,2023-05-13,1017,1,3036.26,0.05,South
89511,2023-07-08,1281,5,294.58,0.15,West
89512,2023-07-16,1373,1,10192.9,0.05,North
89513,2023-12-14,1062,5,11595.38,0.0,South
89514,2023-07-31,1455,2,4527.93,0.05,South
89515,2023-08-09,1315,2,5575.73,0.15,West
89516,2023-06-06,1315,1,4221.04,0.2,East
89517,2023-06-23,1179,2,7196.81,0.05,East
89518,2023-08-17,1491,2,7586.86,0.05,South
89519,2023-06-11,1436,2,10251.51,0.2,North
89520,2023-12-30,1281,5,308.14,0.05,North
89521,2023-02-13,1189,3,3109.99,0.1,West
89522,2023-03-28,1342,1,4397.38,0.1,North
89523,2023-03-03,1212,3,6358.94,0.05,East
89524,2023-11-14,1452,1,3277.34,0.0,North
89525,2023-03-21,1418,2,1386.55,0.15,South
89526,2023-06-21,1297,5,4899.88,0.0,North
89527,2023-12-20,1334,2,4439.34,0.2,South
89528,2023-02-22,1417,2,3221.48,0.1,West
89529,2023-05-07,1421,1,7975.99,0.2,East
89530,2023-12-20,1295,1,2238.81,0.05,South
89531,2023-08-22,1102,2,9317.85,0.05,East
89532,2023-11-22,1494,2,7377.84,0.15,South
89533,2023-09-10,1085,1,1804.8,0.05,North
89534,2023-11-24,1184,4,1253.03,0.15,North
89535,2023-09-03,1328,3,1374.29,0.0,South
89536,2023-06-16,1034,4,2583.48,0.05,West
89537,2023-05-14,1465,2,8534.26,0.15,West
89538,2023-06-21,1099,3,1160.41,0.1,West
89539,2023-01-02,1106,5,4194.45,0.0,West
89540,2023-10-05,1235,2,5472.8,0.05,South
89541,2023-10-30,1476,5,5630.05,0.0,West
89542,2023-01-14,1064,5,8957.73,0.1,North
89543,2023-05-08,1042,2,127.66,0.1,South
89544,2023-06-01,1366,3,3099.86,0.15,West
89545,2023-09-01,1462,1,7089.15,0.05,West
89546,2023-08-05,1246,5,6516.55,0.0,East
89547,2023-07-15,1416,5,6705.21,0.15,West
89548,2023-10-04,1007,1,2252.44,0.05,East
89549,2023-08-17,1267,3,1289.88,0.0,South
89550,2023-08-10,1385,1,748.97,0.15,West
89551,2023-03-21,1066,1,314.92,0.1,South
89552,2023-09-03,1479,4,3892.71,0.0,East
89553,2023-09-21,1249,2,2241.64,0.2,West
89554,2023-08-04,1401,1,6535.79,0.15,West
89555,2023-06-19,1396,4,853.26,0.2,West
89556,2023-07-27,1063,4,11632.01,0.2,West
89557,2023-05-29,1058,1,3621.89,0.2,East
89558,2023-09-15,1489,1,5959.24,0.15,North
89559,2023-09-03,1038,2,10955.51,0.1,East
89560,2023-11-05,1221,2,4642.36,0.15,South
89561,2023-04-14,1264,2,3982.94,0.05,East
89562,2023-09-13,1324,1,1474.36,0.0,South
89563,2023-06-15,1458,5,1229.93,0.15,West
89564,2023-07-07,1188,1,7416.67,0.2,North
89565,2023-04-07,1490,3,4237.25,0.2,North
89566,2023-01-14,1106,1,7885.45,0.0,East
89567,2023-02-19,1175,3,2857.93,0.05,North
89568,2023-09-11,1307,4,4473.05,0.0,South
89569,2023-07-18,1146,1,2660.16,0.15,North
89570,2023-02-15,1046,1,912.96,0.2,North
89571,2023-10-06,1478,3,1935.89,0.15,North
89572,2023-06-04,1166,1,5020.75,0.1,West
89573,2023-10-25,1235,5,8330.17,0.05,East
89574,2023-11-04,1455,2,3503.62,0.0,West
89575,2023-05-09,1091,5,494.07,0.05,North
89576,2023-04-20,1015,5,9290.27,0.1,East
89577,2023-10-06,1134,2,8973.6,0.1,West
89578,2023-03-31,1017,1,1810.43,0.15,South
89579,2023-11-24,1358,4,4726.66,0.1,North
89580,2023-07-15,1024,1,3134.58,0.1,East
89581,2023-06-06,1152,1,4812.7,0.0,West
89582,2023-07-13,1309,1,2640.94,0.05,West
89583,2023-08-30,1451,5,6175.61,0.1,South
89584,2023-09-10,1093,3,426.12,0.0,North
89585,2023-11-07,1294,4,3311.82,0.15,West
89586,2023-10-08,1017,1,2576.03,0.2,North
89587,2023-07-09,1381,1,1725.87,0.0,South
89588,2023-02-11,1159,3,7663.97,0.2,West
89589,2023-09-24,1414,4,6606.35,0.1,West
89590,2023-06-25,1237,5,2422.57,0.2,South
89591,2023-05-21,1013,2,3879.73,0.2,East
89592,2023-02-28,1256,1,3777.37,0.0,West
89593,2023-05-29,1038,4,9110.1,0.1,South
89594,2023-08-05,1055,5,3441.34,0.0,East
89595,2023-08-17,1203,4,4288.41,0.15,East
89596,2023-01-14,1185,3,1846.24,0.1,East
89597,2023-06-19,1432,1,5252.57,0.2,West
89598,2023-06-18,1279,4,7482.48,0.1,East
89599,2023-11-28,1335,2,668.3,0.1,North
89600,2023-11-28,1403,5,8072.41,0.2,South
89601,2023-01-21,1480,4,7162.06,0.05,West
89602,2023-04-26,1362,2,3318.38,0.15,South
89603,2023-07-27,1052,2,6835.37,0.05,West
89604,2023-07-22,1068,4,5878.82,0.2,East
89605,2023-10-03,1400,4,4609.65,0.2,East
89606,2023-08-23,1132,5,4241.44,0.1,West
89607,2023-10-29,1443,2,7306.22,0.2,North
89608,2023-03-12,1346,1,7231.45,0.2,East
89609,2023-02-01,1122,1,4270.22,0.0,South
89610,2023-12-28,1271,1,8206.47,0.1,West
89611,2023-12-18,1124,3,12241.62,0.1,South
89612,2023-03-08,1310,4,543.16,0.1,South
89613,2023-07-12,1438,2,6140.17,0.15,North
89614,2023-07-26,1053,2,9521.3,0.05,West
89615,2023-09-23,1002,2,181.4,0.05,North
89616,2023-04-10,1199,5,1794.5,0.05,West
89617,2023-02-18,1451,5,5866.08,0.15,North
89618,2023-05-16,1177,2,1780.13,0.1,South
89619,2023-02-18,1153,2,9279.58,0.0,East
89620,2023-05-20,1140,1,3342.03,0.15,East
89621,2023-06-30,1189,1,3673.62,0.05,South
89622,2023-07-15,1367,1,6912.19,0.1,North
89623,2023-02-10,1322,2,3287.65,0.0,East
89624,2023-01-15,1263,4,1934.73,0.15,North
89625,2023-02-23,1424,4,8548.59,0.1,East
89626,2023-01-03,1430,1,4337.34,0.0,North
89627,2023-10-25,1450,1,2430.69,0.2,East
89628,2023-12-16,1130,1,5488.44,0.1,West
89629,2023-12-25,1388,1,7624.98,0.05,East
89630,2023-07-29,1495,2,7881.47,0.15,East
89631,2023-09-03,1089,4,2487.54,0.2,North
89632,2023-04-09,1279,1,8913.39,0.2,East
89633,2023-02-01,1330,1,4754.47,0.1,North
89634,2023-05-29,1048,2,4964.84,0.1,West
89635,2023-11-07,1121,2,5484.5,0.1,West
89636,2023-12-13,1095,1,6482.7,0.0,South
89637,2023-07-15,1381,5,1013.16,0.2,East
89638,2023-06-23,1050,1,5641.95,0.05,North
89639,2023-03-18,1232,4,3688.92,0.2,North
89640,2023-12-27,1211,2,7713.01,0.2,South
89641,2023-09-14,1141,4,1189.87,0.0,North
89642,2023-08-02,1388,3,8167.13,0.0,East
89643,2023-09-08,1299,1,6412.09,0.15,South
89644,2023-02-20,1267,1,1478.91,0.05,West
89645,2023-03-02,1193,1,162.13,0.0,West
89646,2023-11-08,1412,3,756.02,0.0,South
89647,2023-05-01,1256,2,6646.38,0.1,North
89648,2023-08-22,1321,2,6086.48,0.15,South
89649,2023-10-13,1384,1,6865.12,0.2,North
89650,2023-03-26,1022,5,7036.32,0.05,South
89651,2023-06-11,1023,1,5362.68,0.2,West
89652,2023-05-18,1404,2,2715.31,0.05,West
89653,2023-04-25,1023,1,7036.05,0.2,South
89654,2023-02-27,1008,5,6914.5,0.2,North
89655,2023-12-11,1070,1,1298.42,0.15,South
89656,2023-03-10,1034,3,1999.21,0.0,West
89657,2023-03-24,1312,4,5625.3,0.05,North
89658,2023-07-07,1369,1,800.76,0.1,East
89659,2023-05-26,1372,1,1782.74,0.15,South
89660,2023-08-20,1429,1,6374.98,0.2,South
89661,2023-05-18,1307,3,2637.13,0.2,East
89662,2023-09-16,1085,1,1439.17,0.0,West
89663,2023-03-07,1462,1,10533.2,0.0,North
89664,2023-08-21,1372,5,1219.59,0.05,South
89665,2023-11-25,1488,3,4564.01,0.15,East
89666,2023-11-07,1025,1,3670.91,0.2,East
89667,2023-04-16,1011,2,5991.08,0.0,East
89668,2023-10-23,1363,1,523.76,0.05,West
89669,2023-07-07,1415,3,1022.55,0.2,South
89670,2023-04-10,1098,1,3143.01,0.15,South
89671,2023-05-09,1191,5,1832.33,0.2,South
89672,2023-12-11,1002,2,231.58,0.2,North
89673,2023-01-27,1038,2,9233.79,0.05,West
89674,2023-12-24,1223,3,2666.69,0.0,South
89675,2023-08-07,1007,1,3116.67,0.2,South
89676,2023-04-14,1216,1,3930.22,0.15,West
89677,2023-05-03,1446,2,9618.91,0.05,East
89678,2023-05-15,1413,1,874.14,0.2,North
89679,2023-09-05,1357,3,6732.23,0.1,South
89680,2023-05-23,1057,2,4344.68,0.15,South
89681,2023-08-02,1293,1,1974.86,0.1,East
89682,2023-07-20,1315,2,4553.3,0.15,South
89683,2023-01-09,1418,2,1240.18,0.0,West
89684,2023-11-21,1070,2,2526.99,0.2,North
89685,2023-10-26,1188,1,7347.81,0.2,West
89686,2023-12-09,1273,1,1613.86,0.1,South
89687,2023-07-15,1118,1,2641.94,0.05,North
89688,2023-01-22,1048,2,5507.27,0.0,East
89689,2023-10-24,1478,1,3477.38,0.0,West
89690,2023-01-30,1349,5,214.1,0.1,North
89691,2023-09-16,1312,2,11086.93,0.15,West
89692,2023-08-07,1188,1,6681.61,0.0,South
89693,2023-12-31,1153,3,5854.42,0.15,West
89694,2023-08-30,1277,2,6490.55,0.15,East
89695,2023-06-27,1391,2,5805.56,0.1,West
89696,2023-06-24,1396,1,627.24,0.1,South
89697,2023-01-21,1412,3,460.01,0.15,South
89698,2023-11-18,1099,1,994.49,0.05,South
89699,2023-08-23,1275,1,7977.28,0.1,East
89700,2023-03-19,1375,1,7842.38,0.05,South
89701,2023-04-05,1474,2,7910.33,0.0,West
89702,2023-01-06,1481,1,1336.61,0.2,East
89703,2023-01-15,1075,2,131.88,0.05,East
89704,2023-09-01,1072,2,4223.29,0.05,North
89705,2023-01-19,1015,1,5097.13,0.2,North
89706,2023-06-17,1181,4,4506.26,0.05,East
89707,2023-12-22,1192,1,3313.1,0.05,East
89708,2023-09-28,1371,5,8038.83,0.0,West
89709,2023-09-12,1302,5,542.42,0.15,West
89710,2023-05-18,1354,2,528.54,0.2,South
89711,2023-07-20,1471,2,9300.61,0.1,South
89712,2023-04-21,1260,1,2806.07,0.2,South
89713,2023-05-11,1308,2,1599.33,0.1,North
89714,2023-08-07,1072,2,2475.31,0.0,East
89715,2023-01-21,1022,1,8521.48,0.2,East
89716,2023-11-10,1403,4,4973.06,0.05,East
89717,2023-02-04,1224,1,2977.02,0.1,East
89718,2023-12-15,1460,4,7091.24,0.0,South
89719,2023-07-01,1180,4,6986.45,0.15,North
89720,2023-11-03,1047,1,1472.64,0.05,South
89721,2023-06-19,1434,1,516.06,0.15,North
89722,2023-04-05,1187,2,7553.03,0.05,West
89723,2023-05-18,1461,3,4156.43,0.05,East
89724,2023-06-11,1096,3,3609.46,0.2,East
89725,2023-12-24,1347,2,5986.36,0.15,South
89726,2023-12-24,1034,2,4030.12,0.1,East
89727,2023-02-15,1188,3,8572.46,0.1,East
89728,2023-03-29,1176,1,11003.08,0.05,North
89729,2023-07-26,1062,1,9024.88,0.15,East
89730,2023-07-06,1495,2,3831.13,0.1,North
89731,2023-11-26,1205,2,8687.68,0.1,North
89732,2023-07-22,1099,2,644.29,0.0,West
89733,2023-10-02,1471,2,11415.92,0.2,North
89734,2023-09-24,1422,4,12358.92,0.1,West
89735,2023-12-26,1285,4,6178.64,0.0,West
89736,2023-07-02,1281,2,603.87,0.0,North
89737,2023-04-23,1153,5,8701.75,0.05,East
89738,2023-02-04,1395,1,8360.53,0.05,East
89739,2023-03-11,1357,5,8900.46,0.1,East
89740,2023-05-22,1188,5,5619.51,0.15,South
89741,2023-05-12,1043,1,6963.22,0.0,South
89742,2023-02-21,1354,4,589.53,0.1,West
89743,2023-04-17,1127,1,7812.54,0.0,West
89744,2023-02-28,1004,3,1842.31,0.2,East
89745,2023-03-10,1015,5,4965.72,0.1,South
89746,2023-02-28,1011,3,6522.45,0.15,South
89747,2023-09-23,1214,5,5356.01,0.2,South
89748,2023-03-07,1225,3,1288.11,0.1,North
89749,2023-04-19,1285,2,7758.3,0.2,East
89750,2023-05-19,1137,1,1115.97,0.2,East
89751,2023-12-27,1375,1,6181.54,0.2,South
89752,2023-06-12,1306,2,607.33,0.0,North
89753,2023-01-05,1336,5,8260.2,0.15,South
89754,2023-08-02,1343,1,158.73,0.2,West
89755,2023-10-24,1389,1,5892.24,0.2,East
89756,2023-11-14,1487,3,2142.43,0.15,North
89757,2023-10-17,1312,3,7648.61,0.2,North
89758,2023-06-20,1442,1,1773.84,0.0,South
89759,2023-08-28,1140,1,6066.44,0.05,South
89760,2023-11-07,1010,3,9488.12,0.05,North
89761,2023-07-09,1305,2,9083.89,0.0,North
89762,2023-09-03,1422,2,12412.31,0.05,South
89763,2023-11-09,1243,1,7953.44,0.1,North
89764,2023-05-25,1177,4,2088.99,0.2,North
89765,2023-02-18,1234,4,10328.07,0.0,West
89766,2023-12-16,1299,4,3728.66,0.1,North
89767,2023-02-11,1146,1,2086.12,0.0,East
89768,2023-10-15,1353,4,2989.59,0.0,South
89769,2023-04-28,1110,2,5959.7,0.15,North
89770,2023-03-09,1449,2,456.28,0.2,West
89771,2023-03-04,1417,1,4143.6,0.15,North
89772,2023-08-07,1340,1,3737.97,0.2,South
89773,2023-01-14,1136,2,9215.36,0.1,South
89774,2023-01-11,1063,1,12143.04,0.0,East
89775,2023-06-16,1500,4,385.63,0.0,South
89776,2023-07-17,1047,2,2222.98,0.15,East
89777,2023-12-06,1229,2,640.67,0.1,West
89778,2023-12-10,1279,5,8582.54,0.2,North
89779,2023-05-04,1150,4,699.78,0.0,West
89780,2023-09-25,1223,1,2492.06,0.05,East
89781,2023-11-04,1334,2,3616.07,0.0,North
89782,2023-07-01,1384,5,4952.24,0.2,East
89783,2023-07-03,1125,2,10635.2,0.0,North
89784,2023-11-05,1296,1,1336.81,0.1,East
89785,2023-02-16,1301,1,1473.93,0.05,East
89786,2023-11-29,1195,2,11371.71,0.2,South
89787,2023-11-08,1049,2,7577.41,0.0,West
89788,2023-10-07,1489,2,5090.77,0.0,West
89789,2023-04-24,1399,1,5564.06,0.05,East
89790,2023-01-31,1293,3,2111.35,0.15,East
89791,2023-03-12,1153,3,4617.24,0.0,East
89792,2023-03-22,1377,1,7880.39,0.0,North
89793,2023-12-07,1139,1,7710.62,0.0,North
89794,2023-09-16,1469,2,11213.49,0.1,South
89795,2023-04-27,1455,1,2476.64,0.0,North
89796,2023-09-03,1175,1,3030.03,0.0,South
89797,2023-02-21,1287,1,2234.41,0.1,West
89798,2023-02-24,1428,4,2284.17,0.0,West
89799,2023-06-11,1408,4,3879.12,0.15,West
89800,2023-09-06,1096,1,3310.46,0.1,East
89801,2023-04-21,1324,4,1471.56,0.2,North
89802,2023-08-17,1156,1,532.51,0.05,East
89803,2023-12-14,1209,1,5266.48,0.15,South
89804,2023-01-23,1426,5,12616.85,0.1,South
89805,2023-12-22,1498,1,5918.82,0.1,South
89806,2023-12-27,1359,2,6144.04,0.2,North
89807,2023-08-26,1207,2,2637.82,0.1,South
89808,2023-08-07,1360,1,7298.44,0.0,South
89809,2023-09-16,1460,2,7756.15,0.2,South
89810,2023-01-12,1308,2,1935.39,0.1,South
89811,2023-09-28,1220,3,3997.64,0.0,South
89812,2023-01-18,1036,4,3581.78,0.15,South
89813,2023-08-26,1110,2,3029.44,0.1,West
89814,2023-07-21,1277,1,5480.91,0.2,North
89815,2023-03-12,1429,2,11075.82,0.05,West
89816,2023-07-15,1058,1,3479.49,0.1,West
89817,2023-12-19,1214,3,4452.35,0.05,East
89818,2023-08-19,1410,5,4904.09,0.05,East
89819,2023-01-08,1457,4,7242.6,0.15,East
89820,2023-12-19,1222,1,254.07,0.05,South
89821,2023-07-05,1428,1,2029.39,0.1,North
89822,2023-06-07,1080,5,7371.79,0.1,East
89823,2023-01-23,1058,1,6727.5,0.1,West
89824,2023-03-10,1435,1,5748.8,0.0,East
89825,2023-11-20,1195,2,6122.0,0.15,North
89826,2023-10-30,1025,1,5139.36,0.05,East
89827,2023-03-29,1210,1,8008.46,0.05,North
89828,2023-09-01,1453,3,8718.74,0.1,North
89829,2023-03-18,1399,2,5639.84,0.0,West
89830,2023-07-09,1459,3,7455.8,0.2,North
89831,2023-01-28,1113,1,3711.33,0.0,West
89832,2023-05-22,1142,5,3953.34,0.05,West
89833,2023-06-06,1498,1,2859.46,0.15,South
89834,2023-02-20,1291,2,6134.46,0.1,West
89835,2023-11-02,1279,2,8727.25,0.0,South
89836,2023-02-04,1117,5,5958.92,0.2,South
89837,2023-05-18,1386,5,2436.34,0.0,North
89838,2023-02-08,1386,4,4407.51,0.15,West
89839,2023-07-07,1311,1,2486.12,0.0,North
89840,2023-09-28,1278,2,2422.1,0.2,West
89841,2023-07-01,1369,1,518.63,0.1,West
89842,2023-08-05,1360,1,4219.93,0.05,South
89843,2023-10-11,1366,5,2853.58,0.0,North
89844,2023-02-26,1448,1,4429.8,0.15,North
89845,2023-08-16,1225,1,848.91,0.05,North
89846,2023-11-06,1067,1,2373.09,0.0,North
89847,2023-12-04,1339,2,2214.33,0.1,North
89848,2023-02-06,1159,1,8515.29,0.05,North
89849,2023-05-26,1178,1,6076.97,0.05,North
89850,2023-07-26,1224,2,3956.96,0.2,South
89851,2023-02-09,1191,2,1277.93,0.05,East
89852,2023-11-29,1023,4,6467.32,0.15,West
89853,2023-01-28,1456,3,8436.22,0.2,East
89854,2023-09-22,1134,1,5926.29,0.05,North
89855,2023-09-11,1403,2,6157.14,0.2,North
89856,2023-08-20,1347,5,4157.0,0.1,West
89857,2023-09-11,1475,1,3615.18,0.15,East
89858,2023-08-29,1306,2,524.88,0.05,South
89859,2023-07-07,1467,4,3982.42,0.15,West
89860,2023-09-05,1160,2,3884.02,0.0,West
89861,2023-11-16,1034,1,4041.84,0.0,North
89862,2023-06-25,1162,2,6701.41,0.1,East
89863,2023-08-12,1457,2,8423.56,0.1,West
89864,2023-05-20,1053,1,8729.67,0.2,South
89865,2023-02-08,1495,2,4013.43,0.0,South
89866,2023-06-01,1462,1,4688.62,0.05,North
89867,2023-06-21,1426,1,6498.55,0.05,East
89868,2023-08-19,1298,1,1506.59,0.2,West
89869,2023-01-23,1176,5,9383.49,0.1,West
89870,2023-01-05,1083,4,1378.63,0.2,West
89871,2023-01-15,1379,2,1211.52,0.15,East
89872,2023-07-09,1160,2,7052.21,0.0,West
89873,2023-01-20,1446,2,6920.8,0.1,East
89874,2023-12-17,1223,2,2252.84,0.1,North
89875,2023-03-12,1047,2,2106.23,0.2,South
89876,2023-07-10,1403,5,4738.07,0.0,East
89877,2023-11-13,1060,2,8841.83,0.2,East
89878,2023-06-08,1482,1,4787.53,0.05,North
89879,2023-05-01,1056,1,2400.43,0.2,North
89880,2023-12-05,1434,1,416.43,0.05,South
89881,2023-08-20,1202,1,1537.32,0.0,South
89882,2023-11-16,1173,1,6690.1,0.05,South
89883,2023-10-16,1141,2,837.89,0.15,South
89884,2023-05-28,1240,2,4464.14,0.0,South
89885,2023-06-12,1125,1,8277.47,0.15,North
89886,2023-10-29,1064,1,5871.21,0.2,South
89887,2023-08-08,1295,3,2434.95,0.05,North
89888,2023-07-17,1260,4,1920.92,0.15,West
89889,2023-05-02,1018,1,1093.05,0.1,West
89890,2023-11-23,1025,2,4286.71,0.2,North
89891,2023-05-06,1461,2,3005.57,0.1,West
89892,2023-11-30,1276,2,9803.83,0.2,North
89893,2023-04-25,1246,1,5443.18,0.0,North
89894,2023-12-10,1339,3,3202.87,0.05,East
89895,2023-06-08,1452,2,2626.66,0.05,West
89896,2023-08-12,1259,5,2724.43,0.05,South
89897,2023-06-26,1031,5,7510.03,0.15,West
89898,2023-06-28,1382,1,1241.47,0.2,South
89899,2023-12-02,1395,1,7122.75,0.1,North
89900,2023-12-07,1311,1,5066.91,0.1,West
89901,2023-05-31,1274,4,141.96,0.1,East
89902,2023-03-24,1334,1,4798.59,0.05,West
89903,2023-04-29,1467,4,5874.78,0.05,South
89904,2023-04-04,1079,2,3891.34,0.15,West
89905,2023-01-21,1159,1,10378.75,0.15,East
89906,2023-04-01,1018,1,737.25,0.05,West
89907,2023-05-23,1368,1,4877.79,0.0,South
89908,2023-01-18,1246,1,4851.55,0.2,North
89909,2023-03-14,1278,2,2728.5,0.05,East
89910,2023-06-11,1090,5,4604.74,0.0,West
89911,2023-01-03,1053,2,4838.03,0.05,South
89912,2023-09-04,1380,2,4950.9,0.2,South
89913,2023-07-28,1008,4,9456.45,0.1,South
89914,2023-08-01,1168,2,1535.26,0.05,South
89915,2023-01-22,1473,5,2542.36,0.0,South
89916,2023-09-02,1014,5,1312.07,0.15,South
89917,2023-01-16,1117,1,4162.87,0.1,East
89918,2023-11-28,1419,1,7061.71,0.05,East
89919,2023-12-16,1033,1,8071.02,0.15,West
89920,2023-06-10,1467,1,4398.11,0.15,North
89921,2023-04-05,1116,2,2948.17,0.0,West
89922,2023-03-24,1483,2,7355.98,0.15,East
89923,2023-01-24,1312,1,6259.89,0.15,North
89924,2023-04-19,1472,1,330.0,0.2,South
89925,2023-11-08,1075,2,167.69,0.1,West
89926,2023-04-08,1150,2,1429.6,0.1,West
89927,2023-03-23,1012,1,3242.88,0.2,West
89928,2023-07-04,1319,3,3327.7,0.15,East
89929,2023-08-08,1110,5,3145.33,0.0,South
89930,2023-08-06,1380,2,5403.46,0.1,East
89931,2023-05-25,1399,2,7244.34,0.2,South
89932,2023-11-05,1473,2,1843.75,0.15,West
89933,2023-04-29,1071,5,4893.12,0.2,West
89934,2023-09-10,1008,2,6941.13,0.2,East
89935,2023-04-27,1237,2,1986.4,0.1,South
89936,2023-07-27,1245,1,2711.9,0.05,North
89937,2023-03-21,1238,1,3262.64,0.05,East
89938,2023-11-25,1048,1,2715.58,0.1,North
89939,2023-05-06,1107,2,6980.85,0.2,South
89940,2023-11-10,1377,4,5828.19,0.1,West
89941,2023-02-18,1438,5,5324.02,0.0,South
89942,2023-11-15,1039,1,3928.0,0.05,East
89943,2023-04-21,1248,2,6839.18,0.2,North
89944,2023-11-16,1441,1,3904.67,0.1,West
89945,2023-07-22,1111,2,3501.55,0.05,North
89946,2023-09-12,1440,1,978.53,0.2,West
89947,2023-09-28,1451,1,6654.67,0.2,South
89948,2023-07-24,1402,3,9339.17,0.05,East
89949,2023-05-20,1263,1,1248.52,0.05,South
89950,2023-02-26,1061,2,4779.38,0.0,West
89951,2023-09-20,1307,4,6287.95,0.1,North
89952,2023-03-26,1437,2,3504.62,0.2,South
89953,2023-09-01,1110,4,5452.88,0.1,West
89954,2023-02-12,1251,2,2036.85,0.05,East
89955,2023-12-13,1336,1,8680.57,0.05,West
89956,2023-10-23,1015,1,7810.74,0.2,North
89957,2023-11-18,1344,5,1949.36,0.1,South
89958,2023-01-17,1244,2,9215.25,0.1,South
89959,2023-08-23,1369,1,981.7,0.15,North
89960,2023-06-08,1084,5,548.23,0.2,East
89961,2023-12-10,1250,1,9773.65,0.2,West
89962,2023-07-09,1426,4,6303.95,0.1,North
89963,2023-11-12,1019,2,6000.34,0.2,South
89964,2023-12-27,1073,2,6318.21,0.1,West
89965,2023-01-23,1380,2,4170.32,0.05,West
89966,2023-10-31,1157,2,7168.15,0.1,South
89967,2023-10-21,1324,1,1870.15,0.05,East
89968,2023-07-01,1371,3,5801.65,0.1,West
89969,2023-10-17,1182,1,1826.62,0.2,South
89970,2023-10-01,1134,5,6282.86,0.15,West
89971,2023-06-06,1261,2,2929.66,0.0,East
89972,2023-12-17,1263,4,1562.12,0.2,East
89973,2023-02-16,1135,1,1956.39,0.15,South
89974,2023-05-22,1498,1,3231.75,0.1,East
89975,2023-10-10,1449,5,610.0,0.15,South
89976,2023-03-22,1370,1,3055.98,0.05,West
89977,2023-07-20,1026,1,1414.54,0.1,North
89978,2023-11-18,1487,1,1365.95,0.15,East
89979,2023-03-08,1488,1,5740.38,0.0,West
89980,2023-09-11,1215,3,2548.42,0.1,North
89981,2023-12-22,1365,4,6177.29,0.05,North
89982,2023-05-18,1066,3,510.47,0.1,North
89983,2023-08-31,1235,4,7423.58,0.15,East
89984,2023-06-02,1455,4,3101.8,0.15,East
89985,2023-09-26,1303,1,1367.93,0.0,North
89986,2023-03-12,1099,1,1149.82,0.0,North
89987,2023-09-06,1100,4,7447.65,0.0,West
89988,2023-01-01,1364,4,1893.17,0.05,North
89989,2023-03-06,1439,3,4299.27,0.2,South
89990,2023-09-11,1479,1,4923.91,0.0,West
89991,2023-06-27,1270,1,1242.67,0.15,South
89992,2023-07-28,1425,3,2368.2,0.15,North
89993,2023-08-14,1453,1,6575.85,0.1,South
89994,2023-09-25,1027,2,1466.87,0.05,South
89995,2023-08-29,1481,3,1619.09,0.15,South
89996,2023-04-26,1005,3,4841.66,0.15,South
89997,2023-06-18,1486,1,6896.97,0.1,South
89998,2023-06-27,1326,2,12483.76,0.05,North
89999,2023-04-07,1013,1,3794.16,0.05,North
